Workbook

Sheet Dashboard
A1: ÇORUM FK SCOUTING | CONTROL CENTER | AC1: ÜLKE | AD1: OYUNCU
AC2: =IFERROR(INDEX('Veri Merkezi'!$B$2:$B$1001,MATCH(0,INDEX(COUNTIF($AC$1:AC1,'Veri Merkezi'!$B$2:$B$1001)+('Veri Merkezi'!$B$2:$B$1001=""),0),0)),"") -> ARJANTİN | AD2: =IF(AC2="","",COUNTIF('Veri Merkezi'!$B$2:$B$1001,AC2)) -> 10
AC3: =IFERROR(INDEX('Veri Merkezi'!$B$2:$B$1001,MATCH(0,INDEX(COUNTIF($AC$1:AC2,'Veri Merkezi'!$B$2:$B$1001)+('Veri Merkezi'!$B$2:$B$1001=""),0),0)),"") -> FRANSA | AD3: =IF(AC3="","",COUNTIF('Veri Merkezi'!$B$2:$B$1001,AC3)) -> 7
A4: TOPLAM OYUNCU | D4: YEŞİL | G4: SARI | J4: KIRMIZI | M4: ORT. YAŞ | P4: ≤12 AY SÖZLEŞME | AC4: =IFERROR(INDEX('Veri Merkezi'!$B$2:$B$1001,MATCH(0,INDEX(COUNTIF($AC$1:AC3,'Veri Merkezi'!$B$2:$B$1001)+('Veri Merkezi'!$B$2:$B$1001=""),0),0)),"") -> BREZİLYA | AD4: =IF(AC4="","",COUNTIF('Veri Merkezi'!$B$2:$B$1001,AC4)) -> 34
A5: =COUNTA(Kaleciler!$A$4:$A$103)+COUNTA(Stoperler!$A$4:$A$103)+COUNTA('Sağ Bekler'!$A$4:$A$103)+COUNTA('Sol Bekler'!$A$4:$A$103)+COUNTA('6 Numaralar'!$A$4:$A$103)+COUNTA('8 Numaralar'!$A$4:$A$103)+COUNTA('10 Numaralar'!$A$4:$A$103)+COUNTA(Kanatlar!$A$4:$A$103)+COUNTA(Forvetler!$A$4:$A$103)+COUNTA('Takip Edilen Türk Futbolcular'!$A$4:$A$103) -> 251 | D5: =COUNTIF(Kaleciler!$I$4:$I$103,"Yeşil")+COUNTIF(Stoperler!$H$4:$I$103,"Yeşil")+COUNTIF('Sağ Bekler'!$I$4:$I$103,"Yeşil")+COUNTIF('Sol Bekler'!$I$4:$I$103,"Yeşil")+COUNTIF('6 Numaralar'!$I$4:$I$103,"Yeşil")+COUNTIF('8 Numaralar'!$I$4:$I$103,"Yeşil")+COUNTIF('10 Numaralar'!$I$4:$I$103,"Yeşil")+COUNTIF(Kanatlar!$I$4:$I$103,"Yeşil")+COUNTIF(Forvetler!$I$4:$I$103,"Yeşil")+COUNTIF('Takip Edilen Türk Futbolcular'!$H$4:$H$103,"Yeşil") -> 35 | G5: =COUNTIF(Kaleciler!$I$4:$I$103,"Sarı")+COUNTIF(Stoperler!$H$4:$I$103,"Sarı")+COUNTIF('Sağ Bekler'!$I$4:$I$103,"Sarı")+COUNTIF('Sol Bekler'!$I$4:$I$103,"Sarı")+COUNTIF('6 Numaralar'!$I$4:$I$103,"Sarı")+COUNTIF('8 Numaralar'!$I$4:$I$103,"Sarı")+COUNTIF('10 Numaralar'!$I$4:$I$103,"Sarı")+COUNTIF(Kanatlar!$I$4:$I$103,"Sarı")+COUNTIF(Forvetler!$I$4:$I$103,"Sarı")+COUNTIF('Takip Edilen Türk Futbolcular'!$H$4:$H$103,"Sarı") -> 42 | J5: =COUNTIF(Kaleciler!$I$4:$I$103,"Kırmızı")+COUNTIF(Stoperler!$H$4:$I$103,"Kırmızı")+COUNTIF('Sağ Bekler'!$I$4:$I$103,"Kırmızı")+COUNTIF('Sol Bekler'!$I$4:$I$103,"Kırmızı")+COUNTIF('6 Numaralar'!$I$4:$I$103,"Kırmızı")+COUNTIF('8 Numaralar'!$I$4:$I$103,"Kırmızı")+COUNTIF('10 Numaralar'!$I$4:$I$103,"Kırmızı")+COUNTIF(Kanatlar!$I$4:$I$103,"Kırmızı")+COUNTIF(Forvetler!$I$4:$I$103,"Kırmızı")+COUNTIF('Takip Edilen Türk Futbolcular'!$H$4:$H$103,"Kırmızı") -> 33 | M5: =IFERROR(ROUND((SUM(Kaleciler!$D$4:$D$103)+SUM(Stoperler!$D$4:$D$103)+SUM('Sağ Bekler'!$D$4:$D$103)+SUM('Sol Bekler'!$D$4:$D$103)+SUM('6 Numaralar'!$D$4:$D$103)+SUM('8 Numaralar'!$D$4:$D$103)+SUM('10 Numaralar'!$D$4:$D$103)+SUM(Kanatlar!$D$4:$D$103)+SUM(Forvetler!$D$4:$D$103)+SUM('Takip Edilen Türk Futbolcular'!$D$4:$D$103))/(COUNTIF(Kaleciler!$D$4:$D$103,">0")+COUNTIF(Stoperler!$D$4:$D$103,">0")+COUNTIF('Sağ Bekler'!$D$4:$D$103,">0")+COUNTIF('Sol Bekler'!$D$4:$D$103,">0")+COUNTIF('6 Numaralar'!$D$4:$D$103,">0")+COUNTIF('8 Numaralar'!$D$4:$D$103,">0")+COUNTIF('10 Numaralar'!$D$4:$D$103,">0")+COUNTIF(Kanatlar!$D$4:$D$103,">0")+COUNTIF(Forvetler!$D$4:$D$103,">0")+COUNTIF('Takip Edilen Türk Futbolcular'!$D$4:$D$103,">0")),1),0) -> 25.5 | P5: =COUNTIFS(Kaleciler!$H$4:$H$103,">="&TODAY(),Kaleciler!$H$4:$H$103,"<="&EDATE(TODAY(),12))+COUNTIFS(Stoperler!$G$4:$H$103,">="&TODAY(),Stoperler!$G$4:$H$103,"<="&EDATE(TODAY(),12))+COUNTIFS('Sağ Bekler'!$H$4:$H$103,">="&TODAY(),'Sağ Bekler'!$H$4:$H$103,"<="&EDATE(TODAY(),12))+COUNTIFS('Sol Bekler'!$H$4:$H$103,">="&TODAY(),'Sol Bekler'!$H$4:$H$103,"<="&EDATE(TODAY(),12))+COUNTIFS('6 Numaralar'!$H$4:$H$103,">="&TODAY(),'6 Numaralar'!$H$4:$H$103,"<="&EDATE(TODAY(),12))+COUNTIFS('8 Numaralar'!$H$4:$H$103,">="&TODAY(),'8 Numaralar'!$H$4:$H$103,"<="&EDATE(TODAY(),12))+COUNTIFS('10 Numaralar'!$H$4:$H$103,">="&TODAY(),'10 Numaralar'!$H$4:$H$103,"<="&EDATE(TODAY(),12))+COUNTIFS(Kanatlar!$H$4:$H$103,">="&TODAY(),Kanatlar!$H$4:$H$103,"<="&EDATE(TODAY(),12))+COUNTIFS(Forvetler!$H$4:$H$103,">="&TODAY(),Forvetler!$H$4:$H$103,"<="&EDATE(TODAY(),12))+COUNTIFS('Takip Edilen Türk Futbolcular'!$G$4:$G$103,">="&TODAY(),'Takip Edilen Türk Futbolcular'!$G$4:$G$103,"<="&EDATE(TODAY(),12)) -> 57 | AC5: =IFERROR(INDEX('Veri Merkezi'!$B$2:$B$1001,MATCH(0,INDEX(COUNTIF($AC$1:AC4,'Veri Merkezi'!$B$2:$B$1001)+('Veri Merkezi'!$B$2:$B$1001=""),0),0)),"") -> SIRBİSTAN | AD5: =IF(AC5="","",COUNTIF('Veri Merkezi'!$B$2:$B$1001,AC5)) -> 6
A6: İZLENEN OYUNCU SAYISI | D6: BEĞENİLEN | G6: TEKRAR DEĞERLENDİR | J6: BEĞENİLMEDİ | M6: İZLENEN OYUNCULARIN YAŞ ORTALAMASI | AC6: =IFERROR(INDEX('Veri Merkezi'!$B$2:$B$1001,MATCH(0,INDEX(COUNTIF($AC$1:AC5,'Veri Merkezi'!$B$2:$B$1001)+('Veri Merkezi'!$B$2:$B$1001=""),0),0)),"") -> GANA | AD6: =IF(AC6="","",COUNTIF('Veri Merkezi'!$B$2:$B$1001,AC6)) -> 4
P7: SÖZLEŞMESİ BİTEN | AC7: =IFERROR(INDEX('Veri Merkezi'!$B$2:$B$1001,MATCH(0,INDEX(COUNTIF($AC$1:AC6,'Veri Merkezi'!$B$2:$B$1001)+('Veri Merkezi'!$B$2:$B$1001=""),0),0)),"") -> CEZAYİR | AD7: =IF(AC7="","",COUNTIF('Veri Merkezi'!$B$2:$B$1001,AC7)) -> 2
AC8: =IFERROR(INDEX('Veri Merkezi'!$B$2:$B$1001,MATCH(0,INDEX(COUNTIF($AC$1:AC7,'Veri Merkezi'!$B$2:$B$1001)+('Veri Merkezi'!$B$2:$B$1001=""),0),0)),"") -> KONGO | AD8: =IF(AC8="","",COUNTIF('Veri Merkezi'!$B$2:$B$1001,AC8)) -> 1
A9: A LİSTE | E9: B LİSTE | I9: TAKİP | M9: 2003+ KONTENJAN | AC9: =IFERROR(INDEX('Veri Merkezi'!$B$2:$B$1001,MATCH(0,INDEX(COUNTIF($AC$1:AC8,'Veri Merkezi'!$B$2:$B$1001)+('Veri Merkezi'!$B$2:$B$1001=""),0),0)),"") -> BURKINA FASO | AD9: =IF(AC9="","",COUNTIF('Veri Merkezi'!$B$2:$B$1001,AC9)) -> 1
A10: =COUNTIFS('Veri Merkezi'!$A$2:$A$1001,"<>",'Veri Merkezi'!$S$2:$S$1001,"A Liste") -> 19 | E10: =COUNTIFS('Veri Merkezi'!$A$2:$A$1001,"<>",'Veri Merkezi'!$S$2:$S$1001,"B Liste") -> 23 | I10: =COUNTIFS('Veri Merkezi'!$A$2:$A$1001,"<>",'Veri Merkezi'!$S$2:$S$1001,"Takip") -> 23 | M10: =COUNTIFS('Veri Merkezi'!$A$2:$A$1001,"<>",'Veri Merkezi'!$C$2:$C$1001,">="&DATE(2003,1,1)) -> 77 | AC10: =IFERROR(INDEX('Veri Merkezi'!$B$2:$B$1001,MATCH(0,INDEX(COUNTIF($AC$1:AC9,'Veri Merkezi'!$B$2:$B$1001)+('Veri Merkezi'!$B$2:$B$1001=""),0),0)),"") -> HIRVATİSTAN | AD10: =IF(AC10="","",COUNTIF('Veri Merkezi'!$B$2:$B$1001,AC10)) -> 5
AC11: =IFERROR(INDEX('Veri Merkezi'!$B$2:$B$1001,MATCH(0,INDEX(COUNTIF($AC$1:AC10,'Veri Merkezi'!$B$2:$B$1001)+('Veri Merkezi'!$B$2:$B$1001=""),0),0)),"") -> İSPANYA | AD11: =IF(AC11="","",COUNTIF('Veri Merkezi'!$B$2:$B$1001,AC11)) -> 9
AC12: =IFERROR(INDEX('Veri Merkezi'!$B$2:$B$1001,MATCH(0,INDEX(COUNTIF($AC$1:AC11,'Veri Merkezi'!$B$2:$B$1001)+('Veri Merkezi'!$B$2:$B$1001=""),0),0)),"") -> ENDONEZYA | AD12: =IF(AC12="","",COUNTIF('Veri Merkezi'!$B$2:$B$1001,AC12)) -> 1
A13: KADRONUN YAPISI | POZİSYON & YAŞ | AC13: =IFERROR(INDEX('Veri Merkezi'!$B$2:$B$1001,MATCH(0,INDEX(COUNTIF($AC$1:AC12,'Veri Merkezi'!$B$2:$B$1001)+('Veri Merkezi'!$B$2:$B$1001=""),0),0)),"") -> BOSNA | AD13: =IF(AC13="","",COUNTIF('Veri Merkezi'!$B$2:$B$1001,AC13)) -> 1
AC14: =IFERROR(INDEX('Veri Merkezi'!$B$2:$B$1001,MATCH(0,INDEX(COUNTIF($AC$1:AC13,'Veri Merkezi'!$B$2:$B$1001)+('Veri Merkezi'!$B$2:$B$1001=""),0),0)),"") -> ROMANYA | AD14: =IF(AC14="","",COUNTIF('Veri Merkezi'!$B$2:$B$1001,AC14)) -> 3
AC15: =IFERROR(INDEX('Veri Merkezi'!$B$2:$B$1001,MATCH(0,INDEX(COUNTIF($AC$1:AC14,'Veri Merkezi'!$B$2:$B$1001)+('Veri Merkezi'!$B$2:$B$1001=""),0),0)),"") -> PORTEKİZ | AD15: =IF(AC15="","",COUNTIF('Veri Merkezi'!$B$2:$B$1001,AC15)) -> 6
A16: Ana Pozisyon | B16: Oyuncu | C16: Pay % | E16: SCOUTING FUNNEL | F16: Oyuncu | AC16: =IFERROR(INDEX('Veri Merkezi'!$B$2:$B$1001,MATCH(0,INDEX(COUNTIF($AC$1:AC15,'Veri Merkezi'!$B$2:$B$1001)+('Veri Merkezi'!$B$2:$B$1001=""),0),0)),"") -> HOLLANDA | AD16: =IF(AC16="","",COUNTIF('Veri Merkezi'!$B$2:$B$1001,AC16)) -> 3
A17: Kaleci | B17: =COUNTIF(Kaleciler!$A$4:$A$103,"<>") -> 0 | C17: =IFERROR(B17/$A$5,0) -> 0 | E17: Toplam Havuz | F17: =COUNTA(Kaleciler!$A$4:$A$103)+COUNTA(Stoperler!$A$4:$A$103)+COUNTA('Sağ Bekler'!$A$4:$A$103)+COUNTA('Sol Bekler'!$A$4:$A$103)+COUNTA('6 Numaralar'!$A$4:$A$103)+COUNTA('8 Numaralar'!$A$4:$A$103)+COUNTA('10 Numaralar'!$A$4:$A$103)+COUNTA(Kanatlar!$A$4:$A$103)+COUNTA(Forvetler!$A$4:$A$103)+COUNTA('Takip Edilen Türk Futbolcular'!$A$4:$A$103) -> 251 | S17: ≤20 | AC17: =IFERROR(INDEX('Veri Merkezi'!$B$2:$B$1001,MATCH(0,INDEX(COUNTIF($AC$1:AC16,'Veri Merkezi'!$B$2:$B$1001)+('Veri Merkezi'!$B$2:$B$1001=""),0),0)),"") -> ARNAVUTLUK | AD17: =IF(AC17="","",COUNTIF('Veri Merkezi'!$B$2:$B$1001,AC17)) -> 3
A18: Stoper | B18: =COUNTIF(Stoperler!$A$4:$A$103,"<>") -> 30 | C18: =IFERROR(B18/$A$5,0) -> 0.11952191 | E18: Takip + | F18: =COUNTIF(Kaleciler!$T$4:$T$103,"Takip")+COUNTIF(Stoperler!$S$4:$T$103,"Takip")+COUNTIF('Sağ Bekler'!$T$4:$T$103,"Takip")+COUNTIF('Sol Bekler'!$T$4:$T$103,"Takip")+COUNTIF('6 Numaralar'!$T$4:$T$103,"Takip")+COUNTIF('8 Numaralar'!$T$4:$T$103,"Takip")+COUNTIF('10 Numaralar'!$T$4:$T$103,"Takip")+COUNTIF(Kanatlar!$T$4:$T$103,"Takip")+COUNTIF(Forvetler!$T$4:$T$103,"Takip")+COUNTIF('Takip Edilen Türk Futbolcular'!$S$4:$S$103,"Takip")+COUNTIF(Kaleciler!$T$4:$T$103,"B Liste")+COUNTIF(Stoperler!$S$4:$T$103,"B Liste")+COUNTIF('Sağ Bekler'!$T$4:$T$103,"B Liste")+COUNTIF('Sol Bekler'!$T$4:$T$103,"B Liste")+COUNTIF('6 Numaralar'!$T$4:$T$103,"B Liste")+COUNTIF('8 Numaralar'!$T$4:$T$103,"B Liste")+COUNTIF('10 Numaralar'!$T$4:$T$103,"B Liste")+COUNTIF(Kanatlar!$T$4:$T$103,"B Liste")+COUNTIF(Forvetler!$T$4:$T$103,"B Liste")+COUNTIF('Takip Edilen Türk Futbolcular'!$S$4:$S$103,"B Liste")+COUNTIF(Kaleciler!$T$4:$T$103,"A Liste")+COUNTIF(Stoperler!$S$4:$T$103,"A Liste")+COUNTIF('Sağ Bekler'!$T$4:$T$103,"A Liste")+COUNTIF('Sol Bekler'!$T$4:$T$103,"A Liste")+COUNTIF('6 Numaralar'!$T$4:$T$103,"A Liste")+COUNTIF('8 Numaralar'!$T$4:$T$103,"A Liste")+COUNTIF('10 Numaralar'!$T$4:$T$103,"A Liste")+COUNTIF(Kanatlar!$T$4:$T$103,"A Liste")+COUNTIF(Forvetler!$T$4:$T$103,"A Liste")+COUNTIF('Takip Edilen Türk Futbolcular'!$S$4:$S$103,"A Liste") -> 65 | S18: 21-23 | AC18: =IFERROR(INDEX('Veri Merkezi'!$B$2:$B$1001,MATCH(0,INDEX(COUNTIF($AC$1:AC17,'Veri Merkezi'!$B$2:$B$1001)+('Veri Merkezi'!$B$2:$B$1001=""),0),0)),"") -> MALİ / FRANSA | AD18: =IF(AC18="","",COUNTIF('Veri Merkezi'!$B$2:$B$1001,AC18)) -> 1
A19: Bek | B19: =COUNTIF('Sağ Bekler'!$A$4:$A$103,"<>")+COUNTIF('Sol Bekler'!$A$4:$A$103,"<>") -> 14 | C19: =IFERROR(B19/$A$5,0) -> 0.055776892 | E19: B Liste + | F19: =COUNTIF(Kaleciler!$T$4:$T$103,"B Liste")+COUNTIF(Stoperler!$S$4:$T$103,"B Liste")+COUNTIF('Sağ Bekler'!$T$4:$T$103,"B Liste")+COUNTIF('Sol Bekler'!$T$4:$T$103,"B Liste")+COUNTIF('6 Numaralar'!$T$4:$T$103,"B Liste")+COUNTIF('8 Numaralar'!$T$4:$T$103,"B Liste")+COUNTIF('10 Numaralar'!$T$4:$T$103,"B Liste")+COUNTIF(Kanatlar!$T$4:$T$103,"B Liste")+COUNTIF(Forvetler!$T$4:$T$103,"B Liste")+COUNTIF('Takip Edilen Türk Futbolcular'!$S$4:$S$103,"B Liste")+COUNTIF(Kaleciler!$T$4:$T$103,"A Liste")+COUNTIF(Stoperler!$S$4:$T$103,"A Liste")+COUNTIF('Sağ Bekler'!$T$4:$T$103,"A Liste")+COUNTIF('Sol Bekler'!$T$4:$T$103,"A Liste")+COUNTIF('6 Numaralar'!$T$4:$T$103,"A Liste")+COUNTIF('8 Numaralar'!$T$4:$T$103,"A Liste")+COUNTIF('10 Numaralar'!$T$4:$T$103,"A Liste")+COUNTIF(Kanatlar!$T$4:$T$103,"A Liste")+COUNTIF(Forvetler!$T$4:$T$103,"A Liste")+COUNTIF('Takip Edilen Türk Futbolcular'!$S$4:$S$103,"A Liste") -> 42 | S19: 24-26 | AC19: =IFERROR(INDEX('Veri Merkezi'!$B$2:$B$1001,MATCH(0,INDEX(COUNTIF($AC$1:AC18,'Veri Merkezi'!$B$2:$B$1001)+('Veri Merkezi'!$B$2:$B$1001=""),0),0)),"") -> VENEZULLA | AD19: =IF(AC19="","",COUNTIF('Veri Merkezi'!$B$2:$B$1001,AC19)) -> 1
A20: Orta Saha | B20: =COUNTIF('6 Numaralar'!$A$4:$A$103,"<>")+COUNTIF('8 Numaralar'!$A$4:$A$103,"<>")+COUNTIF('10 Numaralar'!$A$4:$A$103,"<>") -> 72 | C20: =IFERROR(B20/$A$5,0) -> 0.28685259 | S20: 27-29 | AC20: =IFERROR(INDEX('Veri Merkezi'!$B$2:$B$1001,MATCH(0,INDEX(COUNTIF($AC$1:AC19,'Veri Merkezi'!$B$2:$B$1001)+('Veri Merkezi'!$B$2:$B$1001=""),0),0)),"") -> CURAÇAO / HOLLANDA | AD20: =IF(AC20="","",COUNTIF('Veri Merkezi'!$B$2:$B$1001,AC20)) -> 1
A21: Kanat | B21: =COUNTIF(Kanatlar!$A$4:$A$103,"<>") -> 97 | C21: =IFERROR(B21/$A$5,0) -> 0.38645418 | E21: Karar | F21: Pay % | S21: 30+ | AC21: =IFERROR(INDEX('Veri Merkezi'!$B$2:$B$1001,MATCH(0,INDEX(COUNTIF($AC$1:AC20,'Veri Merkezi'!$B$2:$B$1001)+('Veri Merkezi'!$B$2:$B$1001=""),0),0)),"") -> BURKİNA FASO | AD21: =IF(AC21="","",COUNTIF('Veri Merkezi'!$B$2:$B$1001,AC21)) -> 2
A22: Forvet | B22: =COUNTIF(Forvetler!$A$4:$A$103,"<>") -> 38 | C22: =IFERROR(B22/$A$5,0) -> 0.15139442 | E22: A Liste | F22: =IFERROR((COUNTIF(Kaleciler!$T$4:$T$103,"A Liste")+COUNTIF(Stoperler!$S$4:$T$103,"A Liste")+COUNTIF('Sağ Bekler'!$T$4:$T$103,"A Liste")+COUNTIF('Sol Bekler'!$T$4:$T$103,"A Liste")+COUNTIF('6 Numaralar'!$T$4:$T$103,"A Liste")+COUNTIF('8 Numaralar'!$T$4:$T$103,"A Liste")+COUNTIF('10 Numaralar'!$T$4:$T$103,"A Liste")+COUNTIF(Kanatlar!$T$4:$T$103,"A Liste")+COUNTIF(Forvetler!$T$4:$T$103,"A Liste")+COUNTIF('Takip Edilen Türk Futbolcular'!$S$4:$S$103,"A Liste"))/$A$5,0) -> 0.075697211 | AC22: =IFERROR(INDEX('Veri Merkezi'!$B$2:$B$1001,MATCH(0,INDEX(COUNTIF($AC$1:AC21,'Veri Merkezi'!$B$2:$B$1001)+('Veri Merkezi'!$B$2:$B$1001=""),0),0)),"") -> DANİMARKA | AD22: =IF(AC22="","",COUNTIF('Veri Merkezi'!$B$2:$B$1001,AC22)) -> 1
E23: B Liste | F23: =IFERROR((COUNTIF(Kaleciler!$T$4:$T$103,"B Liste")+COUNTIF(Stoperler!$S$4:$T$103,"B Liste")+COUNTIF('Sağ Bekler'!$T$4:$T$103,"B Liste")+COUNTIF('Sol Bekler'!$T$4:$T$103,"B Liste")+COUNTIF('6 Numaralar'!$T$4:$T$103,"B Liste")+COUNTIF('8 Numaralar'!$T$4:$T$103,"B Liste")+COUNTIF('10 Numaralar'!$T$4:$T$103,"B Liste")+COUNTIF(Kanatlar!$T$4:$T$103,"B Liste")+COUNTIF(Forvetler!$T$4:$T$103,"B Liste")+COUNTIF('Takip Edilen Türk Futbolcular'!$S$4:$S$103,"B Liste"))/$A$5,0) -> 0.091633466 | AC23: =IFERROR(INDEX('Veri Merkezi'!$B$2:$B$1001,MATCH(0,INDEX(COUNTIF($AC$1:AC22,'Veri Merkezi'!$B$2:$B$1001)+('Veri Merkezi'!$B$2:$B$1001=""),0),0)),"") -> İSVİÇRE | AD23: =IF(AC23="","",COUNTIF('Veri Merkezi'!$B$2:$B$1001,AC23)) -> 2
E24: Takip | F24: =IFERROR((COUNTIF(Kaleciler!$T$4:$T$103,"Takip")+COUNTIF(Stoperler!$S$4:$T$103,"Takip")+COUNTIF('Sağ Bekler'!$T$4:$T$103,"Takip")+COUNTIF('Sol Bekler'!$T$4:$T$103,"Takip")+COUNTIF('6 Numaralar'!$T$4:$T$103,"Takip")+COUNTIF('8 Numaralar'!$T$4:$T$103,"Takip")+COUNTIF('10 Numaralar'!$T$4:$T$103,"Takip")+COUNTIF(Kanatlar!$T$4:$T$103,"Takip")+COUNTIF(Forvetler!$T$4:$T$103,"Takip")+COUNTIF('Takip Edilen Türk Futbolcular'!$S$4:$S$103,"Takip"))/$A$5,0) -> 0.091633466 | AC24: =IFERROR(INDEX('Veri Merkezi'!$B$2:$B$1001,MATCH(0,INDEX(COUNTIF($AC$1:AC23,'Veri Merkezi'!$B$2:$B$1001)+('Veri Merkezi'!$B$2:$B$1001=""),0),0)),"") -> MALİ | AD24: =IF(AC24="","",COUNTIF('Veri Merkezi'!$B$2:$B$1001,AC24)) -> 2
E25: Tekrar İzle | F25: =IFERROR((COUNTIF(Kaleciler!$T$4:$T$103,"Tekrar İzle")+COUNTIF(Stoperler!$S$4:$T$103,"Tekrar İzle")+COUNTIF('Sağ Bekler'!$T$4:$T$103,"Tekrar İzle")+COUNTIF('Sol Bekler'!$T$4:$T$103,"Tekrar İzle")+COUNTIF('6 Numaralar'!$T$4:$T$103,"Tekrar İzle")+COUNTIF('8 Numaralar'!$T$4:$T$103,"Tekrar İzle")+COUNTIF('10 Numaralar'!$T$4:$T$103,"Tekrar İzle")+COUNTIF(Kanatlar!$T$4:$T$103,"Tekrar İzle")+COUNTIF(Forvetler!$T$4:$T$103,"Tekrar İzle")+COUNTIF('Takip Edilen Türk Futbolcular'!$S$4:$S$103,"Tekrar İzle"))/$A$5,0) -> 0.055776892 | AC25: =IFERROR(INDEX('Veri Merkezi'!$B$2:$B$1001,MATCH(0,INDEX(COUNTIF($AC$1:AC24,'Veri Merkezi'!$B$2:$B$1001)+('Veri Merkezi'!$B$2:$B$1001=""),0),0)),"") -> KOLOMBİYA | AD25: =IF(AC25="","",COUNTIF('Veri Merkezi'!$B$2:$B$1001,AC25)) -> 3
E26: Ele | F26: =IFERROR((COUNTIF(Kaleciler!$T$4:$T$103,"Ele")+COUNTIF(Stoperler!$S$4:$T$103,"Ele")+COUNTIF('Sağ Bekler'!$T$4:$T$103,"Ele")+COUNTIF('Sol Bekler'!$T$4:$T$103,"Ele")+COUNTIF('6 Numaralar'!$T$4:$T$103,"Ele")+COUNTIF('8 Numaralar'!$T$4:$T$103,"Ele")+COUNTIF('10 Numaralar'!$T$4:$T$103,"Ele")+COUNTIF(Kanatlar!$T$4:$T$103,"Ele")+COUNTIF(Forvetler!$T$4:$T$103,"Ele")+COUNTIF('Takip Edilen Türk Futbolcular'!$S$4:$S$103,"Ele"))/$A$5,0) -> 0.12350598 | AC26: =IFERROR(INDEX('Veri Merkezi'!$B$2:$B$1001,MATCH(0,INDEX(COUNTIF($AC$1:AC25,'Veri Merkezi'!$B$2:$B$1001)+('Veri Merkezi'!$B$2:$B$1001=""),0),0)),"") -> SURİYE | AD26: =IF(AC26="","",COUNTIF('Veri Merkezi'!$B$2:$B$1001,AC26)) -> 1
AC27: =IFERROR(INDEX('Veri Merkezi'!$B$2:$B$1001,MATCH(0,INDEX(COUNTIF($AC$1:AC26,'Veri Merkezi'!$B$2:$B$1001)+('Veri Merkezi'!$B$2:$B$1001=""),0),0)),"") -> AVUSTURYA | AD27: =IF(AC27="","",COUNTIF('Veri Merkezi'!$B$2:$B$1001,AC27)) -> 3
A28: TRANSFER ÖNCELİKLERİ | N28: SÖZLEŞME / KONTENJAN RİSKLERİ | AC28: =IFERROR(INDEX('Veri Merkezi'!$B$2:$B$1001,MATCH(0,INDEX(COUNTIF($AC$1:AC27,'Veri Merkezi'!$B$2:$B$1001)+('Veri Merkezi'!$B$2:$B$1001=""),0),0)),"") -> EKVADOR | AD28: =IF(AC28="","",COUNTIF('Veri Merkezi'!$B$2:$B$1001,AC28)) -> 3
A29: TOPLAM HAVUZ | D29: TAKİP | G29: B LİSTE | J29: A LİSTE | N29: ≤12 AY SÖZLEŞME | Q29: 2003+ | AC29: =IFERROR(INDEX('Veri Merkezi'!$B$2:$B$1001,MATCH(0,INDEX(COUNTIF($AC$1:AC28,'Veri Merkezi'!$B$2:$B$1001)+('Veri Merkezi'!$B$2:$B$1001=""),0),0)),"") -> ARNAVUTLUK / BELÇİKA | AD29: =IF(AC29="","",COUNTIF('Veri Merkezi'!$B$2:$B$1001,AC29)) -> 1
AC30: =IFERROR(INDEX('Veri Merkezi'!$B$2:$B$1001,MATCH(0,INDEX(COUNTIF($AC$1:AC29,'Veri Merkezi'!$B$2:$B$1001)+('Veri Merkezi'!$B$2:$B$1001=""),0),0)),"") -> MACARİSTAN | AD30: =IF(AC30="","",COUNTIF('Veri Merkezi'!$B$2:$B$1001,AC30)) -> 2
AC31: =IFERROR(INDEX('Veri Merkezi'!$B$2:$B$1001,MATCH(0,INDEX(COUNTIF($AC$1:AC30,'Veri Merkezi'!$B$2:$B$1001)+('Veri Merkezi'!$B$2:$B$1001=""),0),0)),"") -> KANADA | AD31: =IF(AC31="","",COUNTIF('Veri Merkezi'!$B$2:$B$1001,AC31)) -> 1
A32: A LİSTE | İLK 8 TRANSFER ÖNCELİĞİ | G32: B LİSTE | İLK 8 TRANSFER ÖNCELİĞİ | N32: ≤12 AY | SÖZLEŞMESİ BİTENLER | AC32: =IFERROR(INDEX('Veri Merkezi'!$B$2:$B$1001,MATCH(0,INDEX(COUNTIF($AC$1:AC31,'Veri Merkezi'!$B$2:$B$1001)+('Veri Merkezi'!$B$2:$B$1001=""),0),0)),"") -> SENEGAL | AD32: =IF(AC32="","",COUNTIF('Veri Merkezi'!$B$2:$B$1001,AC32)) -> 5
A33: Oyuncu | B33: Mevki | C33: Kulüp | D33: Scout Skoru | E33: Durum | F33: Karar | G33: Oyuncu | H33: Mevki | I33: Kulüp | J33: Scout Skoru | K33: Durum | L33: Karar | N33: Oyuncu | O33: Mevki | P33: Kulüp | Q33: Sözleşme | R33: Kalan Gün | AC33: =IFERROR(INDEX('Veri Merkezi'!$B$2:$B$1001,MATCH(0,INDEX(COUNTIF($AC$1:AC32,'Veri Merkezi'!$B$2:$B$1001)+('Veri Merkezi'!$B$2:$B$1001=""),0),0)),"") -> PARAGUAY | AD33: =IF(AC33="","",COUNTIF('Veri Merkezi'!$B$2:$B$1001,AC33)) -> 2
A34: =IF('A Liste'!$A4="","",'A Liste'!$A4) -> TUNGAY NIANZOU | B34: =IF('A Liste'!$B4="","",'A Liste'!$B4) -> Stoper | C34: =IF('A Liste'!$D4="","",'A Liste'!$D4) -> LILLE | D34: =IF('A Liste'!$G4="","",'A Liste'!$G4) | E34: =IF('A Liste'!$F4="","",'A Liste'!$F4) -> Yeşil | F34: =IF('A Liste'!$H4="","",'A Liste'!$H4) -> A Liste | G34: =IF('B Liste'!$A4="","",'B Liste'!$A4) -> FEDERICO GOTTONI | H34: =IF('B Liste'!$A4="","",'B Liste'!$B4) -> Stoper | I34: =IF('B Liste'!$A4="","",'B Liste'!$D4) -> ASCOLI | J34: =IF('B Liste'!$A4="","",'B Liste'!$G4) | K34: =IF('B Liste'!$A4="","",'B Liste'!$F4) -> Sarı | L34: =IF('B Liste'!$A4="","",'B Liste'!$H4) -> B Liste | N34: =IF('Sözleşmesi Bitenler'!$B4="","",'Sözleşmesi Bitenler'!$B4) -> WELLITON | O34: =IF('Sözleşmesi Bitenler'!$B4="","",'Sözleşmesi Bitenler'!$C4) -> Kanat | P34: =IF('Sözleşmesi Bitenler'!$B4="","",'Sözleşmesi Bitenler'!$E4) -> FORTALEZA | Q34: =IF('Sözleşmesi Bitenler'!$B4="","",'Sözleşmesi Bitenler'!$F4) -> 46356 | R34: =IF('Sözleşmesi Bitenler'!$B4="","",'Sözleşmesi Bitenler'!$G4) -> 55 | AC34: =IFERROR(INDEX('Veri Merkezi'!$B$2:$B$1001,MATCH(0,INDEX(COUNTIF($AC$1:AC33,'Veri Merkezi'!$B$2:$B$1001)+('Veri Merkezi'!$B$2:$B$1001=""),0),0)),"") -> BELÇİKA | AD34: =IF(AC34="","",COUNTIF('Veri Merkezi'!$B$2:$B$1001,AC34)) -> 7
A35: =IF('A Liste'!$A5="","",'A Liste'!$A5) -> ARTHUR ZAGRE | B35: =IF('A Liste'!$B5="","",'A Liste'!$B5) -> Sol Bek | C35: =IF('A Liste'!$D5="","",'A Liste'!$D5) -> UTRECHT | D35: =IF('A Liste'!$G5="","",'A Liste'!$G5) | E35: =IF('A Liste'!$F5="","",'A Liste'!$F5) -> Yeşil | F35: =IF('A Liste'!$H5="","",'A Liste'!$H5) -> A Liste | G35: =IF('B Liste'!$A5="","",'B Liste'!$A5) -> MİLOS VELJKOVİC | H35: =IF('B Liste'!$A5="","",'B Liste'!$B5) -> Stoper | I35: =IF('B Liste'!$A5="","",'B Liste'!$D5) -> KIZILYILDIZ | J35: =IF('B Liste'!$A5="","",'B Liste'!$G5) | K35: =IF('B Liste'!$A5="","",'B Liste'!$F5) -> Sarı | L35: =IF('B Liste'!$A5="","",'B Liste'!$H5) -> B Liste | N35: =IF('Sözleşmesi Bitenler'!$B5="","",'Sözleşmesi Bitenler'!$B5) -> FILIP AKDEMIR | O35: =IF('Sözleşmesi Bitenler'!$B5="","",'Sözleşmesi Bitenler'!$C5) -> Forvet | P35: =IF('Sözleşmesi Bitenler'!$B5="","",'Sözleşmesi Bitenler'!$E5) -> LUNDS BK | Q35: =IF('Sözleşmesi Bitenler'!$B5="","",'Sözleşmesi Bitenler'!$F5) -> 46356 | R35: =IF('Sözleşmesi Bitenler'!$B5="","",'Sözleşmesi Bitenler'!$G5) -> 55 | AC35: =IFERROR(INDEX('Veri Merkezi'!$B$2:$B$1001,MATCH(0,INDEX(COUNTIF($AC$1:AC34,'Veri Merkezi'!$B$2:$B$1001)+('Veri Merkezi'!$B$2:$B$1001=""),0),0)),"") -> SLOVENYA | AD35: =IF(AC35="","",COUNTIF('Veri Merkezi'!$B$2:$B$1001,AC35)) -> 2
A36: =IF('A Liste'!$A6="","",'A Liste'!$A6) -> LEONARDO LELO | B36: =IF('A Liste'!$B6="","",'A Liste'!$B6) -> Sol Bek | C36: =IF('A Liste'!$D6="","",'A Liste'!$D6) -> ALMERIA | D36: =IF('A Liste'!$G6="","",'A Liste'!$G6) | E36: =IF('A Liste'!$F6="","",'A Liste'!$F6) -> Yeşil | F36: =IF('A Liste'!$H6="","",'A Liste'!$H6) -> A Liste | G36: =IF('B Liste'!$A6="","",'B Liste'!$A6) -> SOHAIB NAIR | H36: =IF('B Liste'!$A6="","",'B Liste'!$B6) -> Stoper | I36: =IF('B Liste'!$A6="","",'B Liste'!$D6) -> ST.ETTIEN | J36: =IF('B Liste'!$A6="","",'B Liste'!$G6) | K36: =IF('B Liste'!$A6="","",'B Liste'!$F6) -> Yeşil | L36: =IF('B Liste'!$A6="","",'B Liste'!$H6) -> B Liste | N36: =IF('Sözleşmesi Bitenler'!$B6="","",'Sözleşmesi Bitenler'!$B6) -> ZE IVALDO | O36: =IF('Sözleşmesi Bitenler'!$B6="","",'Sözleşmesi Bitenler'!$C6) -> Stoper | P36: =IF('Sözleşmesi Bitenler'!$B6="","",'Sözleşmesi Bitenler'!$E6) -> REMO | Q36: =IF('Sözleşmesi Bitenler'!$B6="","",'Sözleşmesi Bitenler'!$F6) -> 46387 | R36: =IF('Sözleşmesi Bitenler'!$B6="","",'Sözleşmesi Bitenler'!$G6) -> 86 | AC36: =IFERROR(INDEX('Veri Merkezi'!$B$2:$B$1001,MATCH(0,INDEX(COUNTIF($AC$1:AC35,'Veri Merkezi'!$B$2:$B$1001)+('Veri Merkezi'!$B$2:$B$1001=""),0),0)),"") -> FİNLANDİYA | AD36: =IF(AC36="","",COUNTIF('Veri Merkezi'!$B$2:$B$1001,AC36)) -> 1
A37: =IF('A Liste'!$A7="","",'A Liste'!$A7) -> RAMIZ ZERROUKI | B37: =IF('A Liste'!$B7="","",'A Liste'!$B7) -> 6 Numara | C37: =IF('A Liste'!$D7="","",'A Liste'!$D7) -> TWENTE | D37: =IF('A Liste'!$G7="","",'A Liste'!$G7) | E37: =IF('A Liste'!$F7="","",'A Liste'!$F7) -> Yeşil | F37: =IF('A Liste'!$H7="","",'A Liste'!$H7) -> A Liste | G37: =IF('B Liste'!$A7="","",'B Liste'!$A7) -> AXEL TUANZEBE | H37: =IF('B Liste'!$A7="","",'B Liste'!$B7) -> Stoper | I37: =IF('B Liste'!$A7="","",'B Liste'!$D7) -> AUXERRE | J37: =IF('B Liste'!$A7="","",'B Liste'!$G7) | K37: =IF('B Liste'!$A7="","",'B Liste'!$F7) -> Sarı | L37: =IF('B Liste'!$A7="","",'B Liste'!$H7) -> B Liste | N37: =IF('Sözleşmesi Bitenler'!$B7="","",'Sözleşmesi Bitenler'!$B7) -> PEDRO HENRIQUE | O37: =IF('Sözleşmesi Bitenler'!$B7="","",'Sözleşmesi Bitenler'!$C7) -> Stoper | P37: =IF('Sözleşmesi Bitenler'!$B7="","",'Sözleşmesi Bitenler'!$E7) -> RB BRAGANTINO | Q37: =IF('Sözleşmesi Bitenler'!$B7="","",'Sözleşmesi Bitenler'!$F7) -> 46387 | R37: =IF('Sözleşmesi Bitenler'!$B7="","",'Sözleşmesi Bitenler'!$G7) -> 86 | AC37: =IFERROR(INDEX('Veri Merkezi'!$B$2:$B$1001,MATCH(0,INDEX(COUNTIF($AC$1:AC36,'Veri Merkezi'!$B$2:$B$1001)+('Veri Merkezi'!$B$2:$B$1001=""),0),0)),"") -> GUADELOUPE | AD37: =IF(AC37="","",COUNTIF('Veri Merkezi'!$B$2:$B$1001,AC37)) -> 1
A38: =IF('A Liste'!$A8="","",'A Liste'!$A8) -> STEPHEN EUSTAQUO | B38: =IF('A Liste'!$B8="","",'A Liste'!$B8) -> 8 Numara | C38: =IF('A Liste'!$D8="","",'A Liste'!$D8) -> SWANSEA | D38: =IF('A Liste'!$G8="","",'A Liste'!$G8) | E38: =IF('A Liste'!$F8="","",'A Liste'!$F8) -> Yeşil | F38: =IF('A Liste'!$H8="","",'A Liste'!$H8) -> A Liste | G38: =IF('B Liste'!$A8="","",'B Liste'!$A8) -> DUJE CALETE-CAR | H38: =IF('B Liste'!$A8="","",'B Liste'!$B8) -> Stoper | I38: =IF('B Liste'!$A8="","",'B Liste'!$D8) -> SASSUOLO | J38: =IF('B Liste'!$A8="","",'B Liste'!$G8) | K38: =IF('B Liste'!$A8="","",'B Liste'!$F8) -> Yeşil | L38: =IF('B Liste'!$A8="","",'B Liste'!$H8) -> B Liste | N38: =IF('Sözleşmesi Bitenler'!$B8="","",'Sözleşmesi Bitenler'!$B8) -> RODRIGO INSUA | O38: =IF('Sözleşmesi Bitenler'!$B8="","",'Sözleşmesi Bitenler'!$C8) -> Sol Bek | P38: =IF('Sözleşmesi Bitenler'!$B8="","",'Sözleşmesi Bitenler'!$E8) -> BARRACAS | Q38: =IF('Sözleşmesi Bitenler'!$B8="","",'Sözleşmesi Bitenler'!$F8) -> 46387 | R38: =IF('Sözleşmesi Bitenler'!$B8="","",'Sözleşmesi Bitenler'!$G8) -> 86 | AC38: =IFERROR(INDEX('Veri Merkezi'!$B$2:$B$1001,MATCH(0,INDEX(COUNTIF($AC$1:AC37,'Veri Merkezi'!$B$2:$B$1001)+('Veri Merkezi'!$B$2:$B$1001=""),0),0)),"") -> NİJERYA | AD38: =IF(AC38="","",COUNTIF('Veri Merkezi'!$B$2:$B$1001,AC38)) -> 8
A39: =IF('A Liste'!$A9="","",'A Liste'!$A9) -> URAN BISLIMI | B39: =IF('A Liste'!$B9="","",'A Liste'!$B9) -> 8 Numara | C39: =IF('A Liste'!$D9="","",'A Liste'!$D9) -> LUGANO | D39: =IF('A Liste'!$G9="","",'A Liste'!$G9) | E39: =IF('A Liste'!$F9="","",'A Liste'!$F9) -> Yeşil | F39: =IF('A Liste'!$H9="","",'A Liste'!$H9) -> A Liste | G39: =IF('B Liste'!$A9="","",'B Liste'!$A9) -> JOAO MARCELO MESSİAS FERREIRA | H39: =IF('B Liste'!$A9="","",'B Liste'!$B9) -> Stoper | I39: =IF('B Liste'!$A9="","",'B Liste'!$D9) -> CRUZEİRO | J39: =IF('B Liste'!$A9="","",'B Liste'!$G9) | K39: =IF('B Liste'!$A9="","",'B Liste'!$F9) -> Yeşil | L39: =IF('B Liste'!$A9="","",'B Liste'!$H9) -> B Liste | N39: =IF('Sözleşmesi Bitenler'!$B9="","",'Sözleşmesi Bitenler'!$B9) -> MONCHU | O39: =IF('Sözleşmesi Bitenler'!$B9="","",'Sözleşmesi Bitenler'!$C9) -> 8 Numara | P39: =IF('Sözleşmesi Bitenler'!$B9="","",'Sözleşmesi Bitenler'!$E9) -> FC JUAREZ | Q39: =IF('Sözleşmesi Bitenler'!$B9="","",'Sözleşmesi Bitenler'!$F9) -> 46387 | R39: =IF('Sözleşmesi Bitenler'!$B9="","",'Sözleşmesi Bitenler'!$G9) -> 86 | AC39: =IFERROR(INDEX('Veri Merkezi'!$B$2:$B$1001,MATCH(0,INDEX(COUNTIF($AC$1:AC38,'Veri Merkezi'!$B$2:$B$1001)+('Veri Merkezi'!$B$2:$B$1001=""),0),0)),"") -> FAS | AD39: =IF(AC39="","",COUNTIF('Veri Merkezi'!$B$2:$B$1001,AC39)) -> 1
A40: =IF('A Liste'!$A10="","",'A Liste'!$A10) -> JEAN LUCAS DE SOUZA | B40: =IF('A Liste'!$B10="","",'A Liste'!$B10) -> 8 Numara | C40: =IF('A Liste'!$D10="","",'A Liste'!$D10) -> BAHIA | D40: =IF('A Liste'!$G10="","",'A Liste'!$G10) | E40: =IF('A Liste'!$F10="","",'A Liste'!$F10) -> Yeşil | F40: =IF('A Liste'!$H10="","",'A Liste'!$H10) -> A Liste | G40: =IF('B Liste'!$A10="","",'B Liste'!$A10) -> MUJAID SADICK | H40: =IF('B Liste'!$A10="","",'B Liste'!$B10) -> Stoper | I40: =IF('B Liste'!$A10="","",'B Liste'!$D10) -> RAYO VALLECANO | J40: =IF('B Liste'!$A10="","",'B Liste'!$G10) | K40: =IF('B Liste'!$A10="","",'B Liste'!$F10) -> Yeşil | L40: =IF('B Liste'!$A10="","",'B Liste'!$H10) -> B Liste | N40: =IF('Sözleşmesi Bitenler'!$B10="","",'Sözleşmesi Bitenler'!$B10) -> JIN-GYU KIM | O40: =IF('Sözleşmesi Bitenler'!$B10="","",'Sözleşmesi Bitenler'!$C10) -> 8 Numara | P40: =IF('Sözleşmesi Bitenler'!$B10="","",'Sözleşmesi Bitenler'!$E10) -> JEONBUK HYUNDAI | Q40: =IF('Sözleşmesi Bitenler'!$B10="","",'Sözleşmesi Bitenler'!$F10) -> 46387 | R40: =IF('Sözleşmesi Bitenler'!$B10="","",'Sözleşmesi Bitenler'!$G10) -> 86 | AC40: =IFERROR(INDEX('Veri Merkezi'!$B$2:$B$1001,MATCH(0,INDEX(COUNTIF($AC$1:AC39,'Veri Merkezi'!$B$2:$B$1001)+('Veri Merkezi'!$B$2:$B$1001=""),0),0)),"") -> GİNE | AD40: =IF(AC40="","",COUNTIF('Veri Merkezi'!$B$2:$B$1001,AC40)) -> 2
A41: =IF('A Liste'!$A11="","",'A Liste'!$A11) -> MONCHU | B41: =IF('A Liste'!$B11="","",'A Liste'!$B11) -> 8 Numara | C41: =IF('A Liste'!$D11="","",'A Liste'!$D11) -> FC JUAREZ | D41: =IF('A Liste'!$G11="","",'A Liste'!$G11) | E41: =IF('A Liste'!$F11="","",'A Liste'!$F11) -> Yeşil | F41: =IF('A Liste'!$H11="","",'A Liste'!$H11) -> A Liste | G41: =IF('B Liste'!$A11="","",'B Liste'!$A11) -> DOMINGOS DUARTE | H41: =IF('B Liste'!$A11="","",'B Liste'!$B11) -> Stoper | I41: =IF('B Liste'!$A11="","",'B Liste'!$D11) -> SAO PAULO | J41: =IF('B Liste'!$A11="","",'B Liste'!$G11) | K41: =IF('B Liste'!$A11="","",'B Liste'!$F11) -> Yeşil | L41: =IF('B Liste'!$A11="","",'B Liste'!$H11) -> B Liste | N41: =IF('Sözleşmesi Bitenler'!$B11="","",'Sözleşmesi Bitenler'!$B11) -> ALEHANDRO MARTINEZ | O41: =IF('Sözleşmesi Bitenler'!$B11="","",'Sözleşmesi Bitenler'!$C11) -> Kanat | P41: =IF('Sözleşmesi Bitenler'!$B11="","",'Sözleşmesi Bitenler'!$E11) -> NACIONAL | Q41: =IF('Sözleşmesi Bitenler'!$B11="","",'Sözleşmesi Bitenler'!$F11) -> 46387 | R41: =IF('Sözleşmesi Bitenler'!$B11="","",'Sözleşmesi Bitenler'!$G11) -> 86 | AC41: =IFERROR(INDEX('Veri Merkezi'!$B$2:$B$1001,MATCH(0,INDEX(COUNTIF($AC$1:AC40,'Veri Merkezi'!$B$2:$B$1001)+('Veri Merkezi'!$B$2:$B$1001=""),0),0)),"") -> ARJANTİN / İTALYA | AD41: =IF(AC41="","",COUNTIF('Veri Merkezi'!$B$2:$B$1001,AC41)) -> 1
A42: PAZAR HARİTASI | ÜLKE DAĞILIMI | L42: KONTENJAN | 2003+ DAĞILIMI | AC42: =IFERROR(INDEX('Veri Merkezi'!$B$2:$B$1001,MATCH(0,INDEX(COUNTIF($AC$1:AC41,'Veri Merkezi'!$B$2:$B$1001)+('Veri Merkezi'!$B$2:$B$1001=""),0),0)),"") -> GÜNEY KORE | AD42: =IF(AC42="","",COUNTIF('Veri Merkezi'!$B$2:$B$1001,AC42)) -> 1
AC43: =IFERROR(INDEX('Veri Merkezi'!$B$2:$B$1001,MATCH(0,INDEX(COUNTIF($AC$1:AC42,'Veri Merkezi'!$B$2:$B$1001)+('Veri Merkezi'!$B$2:$B$1001=""),0),0)),"") -> GUADELOUPE / FRANSA | AD43: =IF(AC43="","",COUNTIF('Veri Merkezi'!$B$2:$B$1001,AC43)) -> 1
J44: ÜLKE | K44: OYUNCU | AA44: 2003 ve Sonrası | AB44: =COUNTIFS('Veri Merkezi'!$A$2:$A$1001,"<>",'Veri Merkezi'!$C$2:$C$1001,">="&DATE(2003,1,1)) -> 77 | AC44: =IFERROR(INDEX('Veri Merkezi'!$B$2:$B$1001,MATCH(0,INDEX(COUNTIF($AC$1:AC43,'Veri Merkezi'!$B$2:$B$1001)+('Veri Merkezi'!$B$2:$B$1001=""),0),0)),"") -> FRANSA / DR KONGO | AD44: =IF(AC44="","",COUNTIF('Veri Merkezi'!$B$2:$B$1001,AC44)) -> 1
J45: =IFERROR(INDEX('Veri Merkezi'!$B$2:$B$1001,MATCH(0,INDEX(COUNTIF($J$44:J44,'Veri Merkezi'!$B$2:$B$1001)+('Veri Merkezi'!$B$2:$B$1001=""),0),0)),"") -> ARJANTİN | K45: =IF(J45="","",COUNTIF('Veri Merkezi'!$B$2:$B$1001,J45)) -> 10 | AA45: 2003 Öncesi | AB45: =COUNTIFS('Veri Merkezi'!$A$2:$A$1001,"<>",'Veri Merkezi'!$C$2:$C$1001,"<"&DATE(2003,1,1)) -> 137 | AC45: =IFERROR(INDEX('Veri Merkezi'!$B$2:$B$1001,MATCH(0,INDEX(COUNTIF($AC$1:AC44,'Veri Merkezi'!$B$2:$B$1001)+('Veri Merkezi'!$B$2:$B$1001=""),0),0)),"") -> ORTA AFRİKA CUMHURİYETİ / FRANSA | AD45: =IF(AC45="","",COUNTIF('Veri Merkezi'!$B$2:$B$1001,AC45)) -> 1
J46: =IFERROR(INDEX('Veri Merkezi'!$B$2:$B$1001,MATCH(0,INDEX(COUNTIF($J$44:J45,'Veri Merkezi'!$B$2:$B$1001)+('Veri Merkezi'!$B$2:$B$1001=""),0),0)),"") -> FRANSA | K46: =IF(J46="","",COUNTIF('Veri Merkezi'!$B$2:$B$1001,J46)) -> 7 | AC46: =IFERROR(INDEX('Veri Merkezi'!$B$2:$B$1001,MATCH(0,INDEX(COUNTIF($AC$1:AC45,'Veri Merkezi'!$B$2:$B$1001)+('Veri Merkezi'!$B$2:$B$1001=""),0),0)),"") -> FİLDİŞİ SAHİLİ / FRANSA | AD46: =IF(AC46="","",COUNTIF('Veri Merkezi'!$B$2:$B$1001,AC46)) -> 1
J47: =IFERROR(INDEX('Veri Merkezi'!$B$2:$B$1001,MATCH(0,INDEX(COUNTIF($J$44:J46,'Veri Merkezi'!$B$2:$B$1001)+('Veri Merkezi'!$B$2:$B$1001=""),0),0)),"") -> BREZİLYA | K47: =IF(J47="","",COUNTIF('Veri Merkezi'!$B$2:$B$1001,J47)) -> 34 | AC47: =IFERROR(INDEX('Veri Merkezi'!$B$2:$B$1001,MATCH(0,INDEX(COUNTIF($AC$1:AC46,'Veri Merkezi'!$B$2:$B$1001)+('Veri Merkezi'!$B$2:$B$1001=""),0),0)),"") -> FRANSA / MALİ | AD47: =IF(AC47="","",COUNTIF('Veri Merkezi'!$B$2:$B$1001,AC47)) -> 1
J48: =IFERROR(INDEX('Veri Merkezi'!$B$2:$B$1001,MATCH(0,INDEX(COUNTIF($J$44:J47,'Veri Merkezi'!$B$2:$B$1001)+('Veri Merkezi'!$B$2:$B$1001=""),0),0)),"") -> SIRBİSTAN | K48: =IF(J48="","",COUNTIF('Veri Merkezi'!$B$2:$B$1001,J48)) -> 6 | AC48: =IFERROR(INDEX('Veri Merkezi'!$B$2:$B$1001,MATCH(0,INDEX(COUNTIF($AC$1:AC47,'Veri Merkezi'!$B$2:$B$1001)+('Veri Merkezi'!$B$2:$B$1001=""),0),0)),"") -> İNGİLTERE | AD48: =IF(AC48="","",COUNTIF('Veri Merkezi'!$B$2:$B$1001,AC48)) -> 2
J49: =IFERROR(INDEX('Veri Merkezi'!$B$2:$B$1001,MATCH(0,INDEX(COUNTIF($J$44:J48,'Veri Merkezi'!$B$2:$B$1001)+('Veri Merkezi'!$B$2:$B$1001=""),0),0)),"") -> GANA | K49: =IF(J49="","",COUNTIF('Veri Merkezi'!$B$2:$B$1001,J49)) -> 4 | AC49: =IFERROR(INDEX('Veri Merkezi'!$B$2:$B$1001,MATCH(0,INDEX(COUNTIF($AC$1:AC48,'Veri Merkezi'!$B$2:$B$1001)+('Veri Merkezi'!$B$2:$B$1001=""),0),0)),"") -> TÜRKİYE | AD49: =IF(AC49="","",COUNTIF('Veri Merkezi'!$B$2:$B$1001,AC49)) -> 4
J50: =IFERROR(INDEX('Veri Merkezi'!$B$2:$B$1001,MATCH(0,INDEX(COUNTIF($J$44:J49,'Veri Merkezi'!$B$2:$B$1001)+('Veri Merkezi'!$B$2:$B$1001=""),0),0)),"") -> CEZAYİR | K50: =IF(J50="","",COUNTIF('Veri Merkezi'!$B$2:$B$1001,J50)) -> 2 | AC50: =IFERROR(INDEX('Veri Merkezi'!$B$2:$B$1001,MATCH(0,INDEX(COUNTIF($AC$1:AC49,'Veri Merkezi'!$B$2:$B$1001)+('Veri Merkezi'!$B$2:$B$1001=""),0),0)),"") -> İTALYA | AD50: =IF(AC50="","",COUNTIF('Veri Merkezi'!$B$2:$B$1001,AC50)) -> 2
J51: =IFERROR(INDEX('Veri Merkezi'!$B$2:$B$1001,MATCH(0,INDEX(COUNTIF($J$44:J50,'Veri Merkezi'!$B$2:$B$1001)+('Veri Merkezi'!$B$2:$B$1001=""),0),0)),"") -> KONGO | K51: =IF(J51="","",COUNTIF('Veri Merkezi'!$B$2:$B$1001,J51)) -> 1 | AC51: =IFERROR(INDEX('Veri Merkezi'!$B$2:$B$1001,MATCH(0,INDEX(COUNTIF($AC$1:AC50,'Veri Merkezi'!$B$2:$B$1001)+('Veri Merkezi'!$B$2:$B$1001=""),0),0)),"") -> GÜRCİSTAN | AD51: =IF(AC51="","",COUNTIF('Veri Merkezi'!$B$2:$B$1001,AC51)) -> 1
J52: =IFERROR(INDEX('Veri Merkezi'!$B$2:$B$1001,MATCH(0,INDEX(COUNTIF($J$44:J51,'Veri Merkezi'!$B$2:$B$1001)+('Veri Merkezi'!$B$2:$B$1001=""),0),0)),"") -> BURKINA FASO | K52: =IF(J52="","",COUNTIF('Veri Merkezi'!$B$2:$B$1001,J52)) -> 1 | AC52: =IFERROR(INDEX('Veri Merkezi'!$B$2:$B$1001,MATCH(0,INDEX(COUNTIF($AC$1:AC51,'Veri Merkezi'!$B$2:$B$1001)+('Veri Merkezi'!$B$2:$B$1001=""),0),0)),"") -> KARADAĞ | AD52: =IF(AC52="","",COUNTIF('Veri Merkezi'!$B$2:$B$1001,AC52)) -> 1
J53: =IFERROR(INDEX('Veri Merkezi'!$B$2:$B$1001,MATCH(0,INDEX(COUNTIF($J$44:J52,'Veri Merkezi'!$B$2:$B$1001)+('Veri Merkezi'!$B$2:$B$1001=""),0),0)),"") -> HIRVATİSTAN | K53: =IF(J53="","",COUNTIF('Veri Merkezi'!$B$2:$B$1001,J53)) -> 5 | AC53: =IFERROR(INDEX('Veri Merkezi'!$B$2:$B$1001,MATCH(0,INDEX(COUNTIF($AC$1:AC52,'Veri Merkezi'!$B$2:$B$1001)+('Veri Merkezi'!$B$2:$B$1001=""),0),0)),"") -> BREZİLYA / İTALYA | AD53: =IF(AC53="","",COUNTIF('Veri Merkezi'!$B$2:$B$1001,AC53)) -> 1
J54: =IFERROR(INDEX('Veri Merkezi'!$B$2:$B$1001,MATCH(0,INDEX(COUNTIF($J$44:J53,'Veri Merkezi'!$B$2:$B$1001)+('Veri Merkezi'!$B$2:$B$1001=""),0),0)),"") -> İSPANYA | K54: =IF(J54="","",COUNTIF('Veri Merkezi'!$B$2:$B$1001,J54)) -> 9 | AC54: =IFERROR(INDEX('Veri Merkezi'!$B$2:$B$1001,MATCH(0,INDEX(COUNTIF($AC$1:AC53,'Veri Merkezi'!$B$2:$B$1001)+('Veri Merkezi'!$B$2:$B$1001=""),0),0)),"") -> ŞİLİ / ARJANTİN | AD54: =IF(AC54="","",COUNTIF('Veri Merkezi'!$B$2:$B$1001,AC54)) -> 1
J55: =IFERROR(INDEX('Veri Merkezi'!$B$2:$B$1001,MATCH(0,INDEX(COUNTIF($J$44:J54,'Veri Merkezi'!$B$2:$B$1001)+('Veri Merkezi'!$B$2:$B$1001=""),0),0)),"") -> ENDONEZYA | K55: =IF(J55="","",COUNTIF('Veri Merkezi'!$B$2:$B$1001,J55)) -> 1 | AC55: =IFERROR(INDEX('Veri Merkezi'!$B$2:$B$1001,MATCH(0,INDEX(COUNTIF($AC$1:AC54,'Veri Merkezi'!$B$2:$B$1001)+('Veri Merkezi'!$B$2:$B$1001=""),0),0)),"") -> DANİMARKA / TÜRKİYE | AD55: =IF(AC55="","",COUNTIF('Veri Merkezi'!$B$2:$B$1001,AC55)) -> 1
J56: =IFERROR(INDEX('Veri Merkezi'!$B$2:$B$1001,MATCH(0,INDEX(COUNTIF($J$44:J55,'Veri Merkezi'!$B$2:$B$1001)+('Veri Merkezi'!$B$2:$B$1001=""),0),0)),"") -> BOSNA | K56: =IF(J56="","",COUNTIF('Veri Merkezi'!$B$2:$B$1001,J56)) -> 1 | AC56: =IFERROR(INDEX('Veri Merkezi'!$B$2:$B$1001,MATCH(0,INDEX(COUNTIF($AC$1:AC55,'Veri Merkezi'!$B$2:$B$1001)+('Veri Merkezi'!$B$2:$B$1001=""),0),0)),"") -> POLONYA | AD56: =IF(AC56="","",COUNTIF('Veri Merkezi'!$B$2:$B$1001,AC56)) -> 1
J57: =IFERROR(INDEX('Veri Merkezi'!$B$2:$B$1001,MATCH(0,INDEX(COUNTIF($J$44:J56,'Veri Merkezi'!$B$2:$B$1001)+('Veri Merkezi'!$B$2:$B$1001=""),0),0)),"") -> ROMANYA | K57: =IF(J57="","",COUNTIF('Veri Merkezi'!$B$2:$B$1001,J57)) -> 3 | AC57: =IFERROR(INDEX('Veri Merkezi'!$B$2:$B$1001,MATCH(0,INDEX(COUNTIF($AC$1:AC56,'Veri Merkezi'!$B$2:$B$1001)+('Veri Merkezi'!$B$2:$B$1001=""),0),0)),"") -> YEŞİL BURUN | AD57: =IF(AC57="","",COUNTIF('Veri Merkezi'!$B$2:$B$1001,AC57)) -> 2
... J84: =IFERROR(INDEX('Veri Merkezi'!$B$2:$B$1001,MATCH(0,INDEX(COUNTIF($J$44:J83,'Veri Merkezi'!$B$2:$B$1001)+('Veri Merkezi'!$B$2:$B$1001=""),0),0)),"") -> ARJANTİN / İTALYA | K84: =IF(J84="","",COUNTIF('Veri Merkezi'!$B$2:$B$1001,J84)) -> 1 | AC84: =IFERROR(INDEX('Veri Merkezi'!$B$2:$B$1001,MATCH(0,INDEX(COUNTIF($AC$1:AC83,'Veri Merkezi'!$B$2:$B$1001)+('Veri Merkezi'!$B$2:$B$1001=""),0),0)),"") -> HIRVATİSTAN / ALMANYA | AD84: =IF(AC84="","",COUNTIF('Veri Merkezi'!$B$2:$B$1001,AC84)) -> 1
J85: {=IFERROR(INDEX('Veri Merkezi'!$B$2:$B$1001,MATCH(0,INDEX(COUNTIF($J$44:J84,'Veri Merkezi'!$B$2:$B$1001)+('Veri Merkezi'!$B$2:$B$1001=""),0),0)),"")} -> GÜNEY KORE | K85: =IF(J85="","",COUNTIF('Veri Merkezi'!$B$2:$B$1001,J85)) -> 1 | AC85: =IFERROR(INDEX('Veri Merkezi'!$B$2:$B$1001,MATCH(0,INDEX(COUNTIF($AC$1:AC84,'Veri Merkezi'!$B$2:$B$1001)+('Veri Merkezi'!$B$2:$B$1001=""),0),0)),"") -> İSRAİL | AD85: =IF(AC85="","",COUNTIF('Veri Merkezi'!$B$2:$B$1001,AC85)) -> 1
J86: =IFERROR(INDEX('Veri Merkezi'!$B$2:$B$1001,MATCH(0,INDEX(COUNTIF($J$44:J85,'Veri Merkezi'!$B$2:$B$1001)+('Veri Merkezi'!$B$2:$B$1001=""),0),0)),"") -> GUADELOUPE / FRANSA | K86: =IF(J86="","",COUNTIF('Veri Merkezi'!$B$2:$B$1001,J86)) -> 1 | AC86: =IFERROR(INDEX('Veri Merkezi'!$B$2:$B$1001,MATCH(0,INDEX(COUNTIF($AC$1:AC85,'Veri Merkezi'!$B$2:$B$1001)+('Veri Merkezi'!$B$2:$B$1001=""),0),0)),"") -> ZİMBABVE | AD86: =IF(AC86="","",COUNTIF('Veri Merkezi'!$B$2:$B$1001,AC86)) -> 1
J87: =IFERROR(INDEX('Veri Merkezi'!$B$2:$B$1001,MATCH(0,INDEX(COUNTIF($J$44:J86,'Veri Merkezi'!$B$2:$B$1001)+('Veri Merkezi'!$B$2:$B$1001=""),0),0)),"") -> FRANSA / DR KONGO | K87: =IF(J87="","",COUNTIF('Veri Merkezi'!$B$2:$B$1001,J87)) -> 1 | AC87: =IFERROR(INDEX('Veri Merkezi'!$B$2:$B$1001,MATCH(0,INDEX(COUNTIF($AC$1:AC86,'Veri Merkezi'!$B$2:$B$1001)+('Veri Merkezi'!$B$2:$B$1001=""),0),0)),"") -> KAMERUN | AD87: =IF(AC87="","",COUNTIF('Veri Merkezi'!$B$2:$B$1001,AC87)) -> 3
J88: =IFERROR(INDEX('Veri Merkezi'!$B$2:$B$1001,MATCH(0,INDEX(COUNTIF($J$44:J87,'Veri Merkezi'!$B$2:$B$1001)+('Veri Merkezi'!$B$2:$B$1001=""),0),0)),"") -> ORTA AFRİKA CUMHURİYETİ / FRANSA | K88: =IF(J88="","",COUNTIF('Veri Merkezi'!$B$2:$B$1001,J88)) -> 1 | AC88: =IFERROR(INDEX('Veri Merkezi'!$B$2:$B$1001,MATCH(0,INDEX(COUNTIF($AC$1:AC87,'Veri Merkezi'!$B$2:$B$1001)+('Veri Merkezi'!$B$2:$B$1001=""),0),0)),"") -> EL SALVADOR | AD88: =IF(AC88="","",COUNTIF('Veri Merkezi'!$B$2:$B$1001,AC88)) -> 1
J89: =IFERROR(INDEX('Veri Merkezi'!$B$2:$B$1001,MATCH(0,INDEX(COUNTIF($J$44:J88,'Veri Merkezi'!$B$2:$B$1001)+('Veri Merkezi'!$B$2:$B$1001=""),0),0)),"") -> FİLDİŞİ SAHİLİ / FRANSA | K89: =IF(J89="","",COUNTIF('Veri Merkezi'!$B$2:$B$1001,J89)) -> 1 | AC89: =IFERROR(INDEX('Veri Merkezi'!$B$2:$B$1001,MATCH(0,INDEX(COUNTIF($AC$1:AC88,'Veri Merkezi'!$B$2:$B$1001)+('Veri Merkezi'!$B$2:$B$1001=""),0),0)),"") -> ABD | AD89: =IF(AC89="","",COUNTIF('Veri Merkezi'!$B$2:$B$1001,AC89)) -> 1
J90: =IFERROR(INDEX('Veri Merkezi'!$B$2:$B$1001,MATCH(0,INDEX(COUNTIF($J$44:J89,'Veri Merkezi'!$B$2:$B$1001)+('Veri Merkezi'!$B$2:$B$1001=""),0),0)),"") -> FRANSA / MALİ | K90: =IF(J90="","",COUNTIF('Veri Merkezi'!$B$2:$B$1001,J90)) -> 1 | AC90: =IFERROR(INDEX('Veri Merkezi'!$B$2:$B$1001,MATCH(0,INDEX(COUNTIF($AC$1:AC89,'Veri Merkezi'!$B$2:$B$1001)+('Veri Merkezi'!$B$2:$B$1001=""),0),0)),"") -> FRANSA / GUADELOUPE | AD90: =IF(AC90="","",COUNTIF('Veri Merkezi'!$B$2:$B$1001,AC90)) -> 1
J91: =IFERROR(INDEX('Veri Merkezi'!$B$2:$B$1001,MATCH(0,INDEX(COUNTIF($J$44:J90,'Veri Merkezi'!$B$2:$B$1001)+('Veri Merkezi'!$B$2:$B$1001=""),0),0)),"") -> İNGİLTERE | K91: =IF(J91="","",COUNTIF('Veri Merkezi'!$B$2:$B$1001,J91)) -> 2 | AC91: =IFERROR(INDEX('Veri Merkezi'!$B$2:$B$1001,MATCH(0,INDEX(COUNTIF($AC$1:AC90,'Veri Merkezi'!$B$2:$B$1001)+('Veri Merkezi'!$B$2:$B$1001=""),0),0)),"") -> FİLDİŞİ SAHİLİ | AD91: =IF(AC91="","",COUNTIF('Veri Merkezi'!$B$2:$B$1001,AC91)) -> 1
J92: =IFERROR(INDEX('Veri Merkezi'!$B$2:$B$1001,MATCH(0,INDEX(COUNTIF($J$44:J91,'Veri Merkezi'!$B$2:$B$1001)+('Veri Merkezi'!$B$2:$B$1001=""),0),0)),"") -> TÜRKİYE | K92: =IF(J92="","",COUNTIF('Veri Merkezi'!$B$2:$B$1001,J92)) -> 4 | AC92: =IFERROR(INDEX('Veri Merkezi'!$B$2:$B$1001,MATCH(0,INDEX(COUNTIF($AC$1:AC91,'Veri Merkezi'!$B$2:$B$1001)+('Veri Merkezi'!$B$2:$B$1001=""),0),0)),"") -> ARNAVUTLUK / İTALYA | AD92: =IF(AC92="","",COUNTIF('Veri Merkezi'!$B$2:$B$1001,AC92)) -> 1
J93: =IFERROR(INDEX('Veri Merkezi'!$B$2:$B$1001,MATCH(0,INDEX(COUNTIF($J$44:J92,'Veri Merkezi'!$B$2:$B$1001)+('Veri Merkezi'!$B$2:$B$1001=""),0),0)),"") -> İTALYA | K93: =IF(J93="","",COUNTIF('Veri Merkezi'!$B$2:$B$1001,J93)) -> 2 | AC93: =IFERROR(INDEX('Veri Merkezi'!$B$2:$B$1001,MATCH(0,INDEX(COUNTIF($AC$1:AC92,'Veri Merkezi'!$B$2:$B$1001)+('Veri Merkezi'!$B$2:$B$1001=""),0),0)),"") -> EKVADOR / İSPANYA | AD93: =IF(AC93="","",COUNTIF('Veri Merkezi'!$B$2:$B$1001,AC93)) -> 1
AC94: =IFERROR(INDEX('Veri Merkezi'!$B$2:$B$1001,MATCH(0,INDEX(COUNTIF($AC$1:AC93,'Veri Merkezi'!$B$2:$B$1001)+('Veri Merkezi'!$B$2:$B$1001=""),0),0)),"") | AD94: =IF(AC94="","",COUNTIF('Veri Merkezi'!$B$2:$B$1001,AC94))
AC95: =IFERROR(INDEX('Veri Merkezi'!$B$2:$B$1001,MATCH(0,INDEX(COUNTIF($AC$1:AC94,'Veri Merkezi'!$B$2:$B$1001)+('Veri Merkezi'!$B$2:$B$1001=""),0),0)),"") | AD95: =IF(AC95="","",COUNTIF('Veri Merkezi'!$B$2:$B$1001,AC95))
AC96: =IFERROR(INDEX('Veri Merkezi'!$B$2:$B$1001,MATCH(0,INDEX(COUNTIF($AC$1:AC95,'Veri Merkezi'!$B$2:$B$1001)+('Veri Merkezi'!$B$2:$B$1001=""),0),0)),"") | AD96: =IF(AC96="","",COUNTIF('Veri Merkezi'!$B$2:$B$1001,AC96))
AC97: =IFERROR(INDEX('Veri Merkezi'!$B$2:$B$1001,MATCH(0,INDEX(COUNTIF($AC$1:AC96,'Veri Merkezi'!$B$2:$B$1001)+('Veri Merkezi'!$B$2:$B$1001=""),0),0)),"") | AD97: =IF(AC97="","",COUNTIF('Veri Merkezi'!$B$2:$B$1001,AC97))
AC98: =IFERROR(INDEX('Veri Merkezi'!$B$2:$B$1001,MATCH(0,INDEX(COUNTIF($AC$1:AC97,'Veri Merkezi'!$B$2:$B$1001)+('Veri Merkezi'!$B$2:$B$1001=""),0),0)),"") | AD98: =IF(AC98="","",COUNTIF('Veri Merkezi'!$B$2:$B$1001,AC98))
AC99: =IFERROR(INDEX('Veri Merkezi'!$B$2:$B$1001,MATCH(0,INDEX(COUNTIF($AC$1:AC98,'Veri Merkezi'!$B$2:$B$1001)+('Veri Merkezi'!$B$2:$B$1001=""),0),0)),"") | AD99: =IF(AC99="","",COUNTIF('Veri Merkezi'!$B$2:$B$1001,AC99))
AC100: =IFERROR(INDEX('Veri Merkezi'!$B$2:$B$1001,MATCH(0,INDEX(COUNTIF($AC$1:AC99,'Veri Merkezi'!$B$2:$B$1001)+('Veri Merkezi'!$B$2:$B$1001=""),0),0)),"") | AD100: =IF(AC100="","",COUNTIF('Veri Merkezi'!$B$2:$B$1001,AC100))

Sheet A Liste
A1: A LİSTE | ÖNCELİKLİ OYUNCU HAVUZU
A3: Adı Soyadı | B3: Mevki | C3: Yaş | D3: Kulübü | E3: Sözleşme | F3: Durum | G3: Scout Skoru | H3: Karar | I3: Son İzlenme | J3: Kaynak Sayfa
A4: =IF($K4="","",IFERROR(INDEX('Veri Merkezi'!$A$2:$A$1001,$K4),"")) -> TUNGAY NIANZOU | B4: =IF($K4="","",IFERROR(INDEX('Veri Merkezi'!$E$2:$E$1001,$K4),"")) -> Stoper | C4: =IF($K4="","",IFERROR(INDEX('Veri Merkezi'!$D$2:$D$1001,$K4),"")) -> 24 | D4: =IF($K4="","",IFERROR(INDEX('Veri Merkezi'!$F$2:$F$1001,$K4),"")) -> LILLE | E4: =IF($K4="","",IFERROR(INDEX('Veri Merkezi'!$G$2:$G$1001,$K4),"")) -> 46934 | F4: =IF($K4="","",IFERROR(INDEX('Veri Merkezi'!$H$2:$H$1001,$K4),"")) -> Yeşil | G4: =IF($K4="","",IFERROR(INDEX('Veri Merkezi'!$R$2:$R$1001,$K4),"")) | H4: =IF($K4="","",IFERROR(INDEX('Veri Merkezi'!$S$2:$S$1001,$K4),"")) -> A Liste | I4: =IF($K4="","",IFERROR(INDEX('Veri Merkezi'!$T$2:$T$1001,$K4),"")) | J4: =IF($K4="","",IFERROR(INDEX('Veri Merkezi'!$U$2:$U$1001,$K4),"")) -> Stoperler | K4: =IFERROR(MATCH("A Liste",'Veri Merkezi'!$S$2:$S$1001,0),"") -> 102
A5: =IF($K5="","",IFERROR(INDEX('Veri Merkezi'!$A$2:$A$1001,$K5),"")) -> ARTHUR ZAGRE | B5: =IF($K5="","",IFERROR(INDEX('Veri Merkezi'!$E$2:$E$1001,$K5),"")) -> Sol Bek | C5: =IF($K5="","",IFERROR(INDEX('Veri Merkezi'!$D$2:$D$1001,$K5),"")) -> 25 | D5: =IF($K5="","",IFERROR(INDEX('Veri Merkezi'!$F$2:$F$1001,$K5),"")) -> UTRECHT | E5: =IF($K5="","",IFERROR(INDEX('Veri Merkezi'!$G$2:$G$1001,$K5),"")) -> 47289 | F5: =IF($K5="","",IFERROR(INDEX('Veri Merkezi'!$H$2:$H$1001,$K5),"")) -> Yeşil | G5: =IF($K5="","",IFERROR(INDEX('Veri Merkezi'!$R$2:$R$1001,$K5),"")) | H5: =IF($K5="","",IFERROR(INDEX('Veri Merkezi'!$S$2:$S$1001,$K5),"")) -> A Liste | I5: =IF($K5="","",IFERROR(INDEX('Veri Merkezi'!$T$2:$T$1001,$K5),"")) | J5: =IF($K5="","",IFERROR(INDEX('Veri Merkezi'!$U$2:$U$1001,$K5),"")) -> Sol Bekler | K5: =IF(K4="","",IFERROR(K4+MATCH("A Liste",INDEX('Veri Merkezi'!$S$2:$S$1001,K4+1):'Veri Merkezi'!$S$1001,0),"")) -> 302
A6: =IF($K6="","",IFERROR(INDEX('Veri Merkezi'!$A$2:$A$1001,$K6),"")) -> LEONARDO LELO | B6: =IF($K6="","",IFERROR(INDEX('Veri Merkezi'!$E$2:$E$1001,$K6),"")) -> Sol Bek | C6: =IF($K6="","",IFERROR(INDEX('Veri Merkezi'!$D$2:$D$1001,$K6),"")) -> 26 | D6: =IF($K6="","",IFERROR(INDEX('Veri Merkezi'!$F$2:$F$1001,$K6),"")) -> ALMERIA | E6: =IF($K6="","",IFERROR(INDEX('Veri Merkezi'!$G$2:$G$1001,$K6),"")) -> 46568 | F6: =IF($K6="","",IFERROR(INDEX('Veri Merkezi'!$H$2:$H$1001,$K6),"")) -> Yeşil | G6: =IF($K6="","",IFERROR(INDEX('Veri Merkezi'!$R$2:$R$1001,$K6),"")) | H6: =IF($K6="","",IFERROR(INDEX('Veri Merkezi'!$S$2:$S$1001,$K6),"")) -> A Liste | I6: =IF($K6="","",IFERROR(INDEX('Veri Merkezi'!$T$2:$T$1001,$K6),"")) | J6: =IF($K6="","",IFERROR(INDEX('Veri Merkezi'!$U$2:$U$1001,$K6),"")) -> Sol Bekler | K6: =IF(K5="","",IFERROR(K5+MATCH("A Liste",INDEX('Veri Merkezi'!$S$2:$S$1001,K5+1):'Veri Merkezi'!$S$1001,0),"")) -> 306
A7: =IF($K7="","",IFERROR(INDEX('Veri Merkezi'!$A$2:$A$1001,$K7),"")) -> RAMIZ ZERROUKI | B7: =IF($K7="","",IFERROR(INDEX('Veri Merkezi'!$E$2:$E$1001,$K7),"")) -> 6 Numara | C7: =IF($K7="","",IFERROR(INDEX('Veri Merkezi'!$D$2:$D$1001,$K7),"")) -> 28 | D7: =IF($K7="","",IFERROR(INDEX('Veri Merkezi'!$F$2:$F$1001,$K7),"")) -> TWENTE | E7: =IF($K7="","",IFERROR(INDEX('Veri Merkezi'!$G$2:$G$1001,$K7),"")) -> 47664 | F7: =IF($K7="","",IFERROR(INDEX('Veri Merkezi'!$H$2:$H$1001,$K7),"")) -> Yeşil | G7: =IF($K7="","",IFERROR(INDEX('Veri Merkezi'!$R$2:$R$1001,$K7),"")) | H7: =IF($K7="","",IFERROR(INDEX('Veri Merkezi'!$S$2:$S$1001,$K7),"")) -> A Liste | I7: =IF($K7="","",IFERROR(INDEX('Veri Merkezi'!$T$2:$T$1001,$K7),"")) | J7: =IF($K7="","",IFERROR(INDEX('Veri Merkezi'!$U$2:$U$1001,$K7),"")) -> 6 Numaralar | K7: =IF(K6="","",IFERROR(K6+MATCH("A Liste",INDEX('Veri Merkezi'!$S$2:$S$1001,K6+1):'Veri Merkezi'!$S$1001,0),"")) -> 407
A8: =IF($K8="","",IFERROR(INDEX('Veri Merkezi'!$A$2:$A$1001,$K8),"")) -> STEPHEN EUSTAQUO | B8: =IF($K8="","",IFERROR(INDEX('Veri Merkezi'!$E$2:$E$1001,$K8),"")) -> 8 Numara | C8: =IF($K8="","",IFERROR(INDEX('Veri Merkezi'!$D$2:$D$1001,$K8),"")) -> 29 | D8: =IF($K8="","",IFERROR(INDEX('Veri Merkezi'!$F$2:$F$1001,$K8),"")) -> SWANSEA | E8: =IF($K8="","",IFERROR(INDEX('Veri Merkezi'!$G$2:$G$1001,$K8),"")) -> 46934 | F8: =IF($K8="","",IFERROR(INDEX('Veri Merkezi'!$H$2:$H$1001,$K8),"")) -> Yeşil | G8: =IF($K8="","",IFERROR(INDEX('Veri Merkezi'!$R$2:$R$1001,$K8),"")) | H8: =IF($K8="","",IFERROR(INDEX('Veri Merkezi'!$S$2:$S$1001,$K8),"")) -> A Liste | I8: =IF($K8="","",IFERROR(INDEX('Veri Merkezi'!$T$2:$T$1001,$K8),"")) | J8: =IF($K8="","",IFERROR(INDEX('Veri Merkezi'!$U$2:$U$1001,$K8),"")) -> 8 Numaralar | K8: =IF(K7="","",IFERROR(K7+MATCH("A Liste",INDEX('Veri Merkezi'!$S$2:$S$1001,K7+1):'Veri Merkezi'!$S$1001,0),"")) -> 502
A9: =IF($K9="","",IFERROR(INDEX('Veri Merkezi'!$A$2:$A$1001,$K9),"")) -> URAN BISLIMI | B9: =IF($K9="","",IFERROR(INDEX('Veri Merkezi'!$E$2:$E$1001,$K9),"")) -> 8 Numara | C9: =IF($K9="","",IFERROR(INDEX('Veri Merkezi'!$D$2:$D$1001,$K9),"")) -> 27 | D9: =IF($K9="","",IFERROR(INDEX('Veri Merkezi'!$F$2:$F$1001,$K9),"")) -> LUGANO | E9: =IF($K9="","",IFERROR(INDEX('Veri Merkezi'!$G$2:$G$1001,$K9),"")) -> 46558 | F9: =IF($K9="","",IFERROR(INDEX('Veri Merkezi'!$H$2:$H$1001,$K9),"")) -> Yeşil | G9: =IF($K9="","",IFERROR(INDEX('Veri Merkezi'!$R$2:$R$1001,$K9),"")) | H9: =IF($K9="","",IFERROR(INDEX('Veri Merkezi'!$S$2:$S$1001,$K9),"")) -> A Liste | I9: =IF($K9="","",IFERROR(INDEX('Veri Merkezi'!$T$2:$T$1001,$K9),"")) | J9: =IF($K9="","",IFERROR(INDEX('Veri Merkezi'!$U$2:$U$1001,$K9),"")) -> 8 Numaralar | K9: =IF(K8="","",IFERROR(K8+MATCH("A Liste",INDEX('Veri Merkezi'!$S$2:$S$1001,K8+1):'Veri Merkezi'!$S$1001,0),"")) -> 503
A10: =IF($K10="","",IFERROR(INDEX('Veri Merkezi'!$A$2:$A$1001,$K10),"")) -> JEAN LUCAS DE SOUZA | B10: =IF($K10="","",IFERROR(INDEX('Veri Merkezi'!$E$2:$E$1001,$K10),"")) -> 8 Numara | C10: =IF($K10="","",IFERROR(INDEX('Veri Merkezi'!$D$2:$D$1001,$K10),"")) -> 28 | D10: =IF($K10="","",IFERROR(INDEX('Veri Merkezi'!$F$2:$F$1001,$K10),"")) -> BAHIA | E10: =IF($K10="","",IFERROR(INDEX('Veri Merkezi'!$G$2:$G$1001,$K10),"")) -> 47118 | F10: =IF($K10="","",IFERROR(INDEX('Veri Merkezi'!$H$2:$H$1001,$K10),"")) -> Yeşil | G10: =IF($K10="","",IFERROR(INDEX('Veri Merkezi'!$R$2:$R$1001,$K10),"")) | H10: =IF($K10="","",IFERROR(INDEX('Veri Merkezi'!$S$2:$S$1001,$K10),"")) -> A Liste | I10: =IF($K10="","",IFERROR(INDEX('Veri Merkezi'!$T$2:$T$1001,$K10),"")) | J10: =IF($K10="","",IFERROR(INDEX('Veri Merkezi'!$U$2:$U$1001,$K10),"")) -> 8 Numaralar | K10: =IF(K9="","",IFERROR(K9+MATCH("A Liste",INDEX('Veri Merkezi'!$S$2:$S$1001,K9+1):'Veri Merkezi'!$S$1001,0),"")) -> 505
A11: =IF($K11="","",IFERROR(INDEX('Veri Merkezi'!$A$2:$A$1001,$K11),"")) -> MONCHU | B11: =IF($K11="","",IFERROR(INDEX('Veri Merkezi'!$E$2:$E$1001,$K11),"")) -> 8 Numara | C11: =IF($K11="","",IFERROR(INDEX('Veri Merkezi'!$D$2:$D$1001,$K11),"")) -> 27 | D11: =IF($K11="","",IFERROR(INDEX('Veri Merkezi'!$F$2:$F$1001,$K11),"")) -> FC JUAREZ | E11: =IF($K11="","",IFERROR(INDEX('Veri Merkezi'!$G$2:$G$1001,$K11),"")) -> 46387 | F11: =IF($K11="","",IFERROR(INDEX('Veri Merkezi'!$H$2:$H$1001,$K11),"")) -> Yeşil | G11: =IF($K11="","",IFERROR(INDEX('Veri Merkezi'!$R$2:$R$1001,$K11),"")) | H11: =IF($K11="","",IFERROR(INDEX('Veri Merkezi'!$S$2:$S$1001,$K11),"")) -> A Liste | I11: =IF($K11="","",IFERROR(INDEX('Veri Merkezi'!$T$2:$T$1001,$K11),"")) | J11: =IF($K11="","",IFERROR(INDEX('Veri Merkezi'!$U$2:$U$1001,$K11),"")) -> 8 Numaralar | K11: =IF(K10="","",IFERROR(K10+MATCH("A Liste",INDEX('Veri Merkezi'!$S$2:$S$1001,K10+1):'Veri Merkezi'!$S$1001,0),"")) -> 506
A12: =IF($K12="","",IFERROR(INDEX('Veri Merkezi'!$A$2:$A$1001,$K12),"")) -> IVAN ILIC | B12: =IF($K12="","",IFERROR(INDEX('Veri Merkezi'!$E$2:$E$1001,$K12),"")) -> 8 Numara | C12: =IF($K12="","",IFERROR(INDEX('Veri Merkezi'!$D$2:$D$1001,$K12),"")) -> 25 | D12: =IF($K12="","",IFERROR(INDEX('Veri Merkezi'!$F$2:$F$1001,$K12),"")) -> LECCE | E12: =IF($K12="","",IFERROR(INDEX('Veri Merkezi'!$G$2:$G$1001,$K12),"")) -> 46568 | F12: =IF($K12="","",IFERROR(INDEX('Veri Merkezi'!$H$2:$H$1001,$K12),"")) -> Yeşil | G12: =IF($K12="","",IFERROR(INDEX('Veri Merkezi'!$R$2:$R$1001,$K12),"")) | H12: =IF($K12="","",IFERROR(INDEX('Veri Merkezi'!$S$2:$S$1001,$K12),"")) -> A Liste | I12: =IF($K12="","",IFERROR(INDEX('Veri Merkezi'!$T$2:$T$1001,$K12),"")) | J12: =IF($K12="","",IFERROR(INDEX('Veri Merkezi'!$U$2:$U$1001,$K12),"")) -> 8 Numaralar | K12: =IF(K11="","",IFERROR(K11+MATCH("A Liste",INDEX('Veri Merkezi'!$S$2:$S$1001,K11+1):'Veri Merkezi'!$S$1001,0),"")) -> 514
A13: =IF($K13="","",IFERROR(INDEX('Veri Merkezi'!$A$2:$A$1001,$K13),"")) -> EBENEZER AKSİNSANMİRO | B13: =IF($K13="","",IFERROR(INDEX('Veri Merkezi'!$E$2:$E$1001,$K13),"")) -> 8 Numara | C13: =IF($K13="","",IFERROR(INDEX('Veri Merkezi'!$D$2:$D$1001,$K13),"")) -> 21 | D13: =IF($K13="","",IFERROR(INDEX('Veri Merkezi'!$F$2:$F$1001,$K13),"")) -> MONZA | E13: =IF($K13="","",IFERROR(INDEX('Veri Merkezi'!$G$2:$G$1001,$K13),"")) -> 46568 | F13: =IF($K13="","",IFERROR(INDEX('Veri Merkezi'!$H$2:$H$1001,$K13),"")) -> Yeşil | G13: =IF($K13="","",IFERROR(INDEX('Veri Merkezi'!$R$2:$R$1001,$K13),"")) | H13: =IF($K13="","",IFERROR(INDEX('Veri Merkezi'!$S$2:$S$1001,$K13),"")) -> A Liste | I13: =IF($K13="","",IFERROR(INDEX('Veri Merkezi'!$T$2:$T$1001,$K13),"")) | J13: =IF($K13="","",IFERROR(INDEX('Veri Merkezi'!$U$2:$U$1001,$K13),"")) -> 8 Numaralar | K13: =IF(K12="","",IFERROR(K12+MATCH("A Liste",INDEX('Veri Merkezi'!$S$2:$S$1001,K12+1):'Veri Merkezi'!$S$1001,0),"")) -> 515
A14: =IF($K14="","",IFERROR(INDEX('Veri Merkezi'!$A$2:$A$1001,$K14),"")) -> LORENZO PELLEGRINI | B14: =IF($K14="","",IFERROR(INDEX('Veri Merkezi'!$E$2:$E$1001,$K14),"")) -> 10 Numara | C14: =IF($K14="","",IFERROR(INDEX('Veri Merkezi'!$D$2:$D$1001,$K14),"")) -> 30 | D14: =IF($K14="","",IFERROR(INDEX('Veri Merkezi'!$F$2:$F$1001,$K14),"")) -> ROMA | E14: =IF($K14="","",IFERROR(INDEX('Veri Merkezi'!$G$2:$G$1001,$K14),"")) -> 46568 | F14: =IF($K14="","",IFERROR(INDEX('Veri Merkezi'!$H$2:$H$1001,$K14),"")) -> Yeşil | G14: =IF($K14="","",IFERROR(INDEX('Veri Merkezi'!$R$2:$R$1001,$K14),"")) | H14: =IF($K14="","",IFERROR(INDEX('Veri Merkezi'!$S$2:$S$1001,$K14),"")) -> A Liste | I14: =IF($K14="","",IFERROR(INDEX('Veri Merkezi'!$T$2:$T$1001,$K14),"")) | J14: =IF($K14="","",IFERROR(INDEX('Veri Merkezi'!$U$2:$U$1001,$K14),"")) -> 10 Numaralar | K14: =IF(K13="","",IFERROR(K13+MATCH("A Liste",INDEX('Veri Merkezi'!$S$2:$S$1001,K13+1):'Veri Merkezi'!$S$1001,0),"")) -> 603
A15: =IF($K15="","",IFERROR(INDEX('Veri Merkezi'!$A$2:$A$1001,$K15),"")) -> NOE LEBRETON | B15: =IF($K15="","",IFERROR(INDEX('Veri Merkezi'!$E$2:$E$1001,$K15),"")) -> 10 Numara | C15: =IF($K15="","",IFERROR(INDEX('Veri Merkezi'!$D$2:$D$1001,$K15),"")) -> 22 | D15: =IF($K15="","",IFERROR(INDEX('Veri Merkezi'!$F$2:$F$1001,$K15),"")) -> NEC NIJMEGEN | E15: =IF($K15="","",IFERROR(INDEX('Veri Merkezi'!$G$2:$G$1001,$K15),"")) -> 47299 | F15: =IF($K15="","",IFERROR(INDEX('Veri Merkezi'!$H$2:$H$1001,$K15),"")) -> Yeşil | G15: =IF($K15="","",IFERROR(INDEX('Veri Merkezi'!$R$2:$R$1001,$K15),"")) | H15: =IF($K15="","",IFERROR(INDEX('Veri Merkezi'!$S$2:$S$1001,$K15),"")) -> A Liste | I15: =IF($K15="","",IFERROR(INDEX('Veri Merkezi'!$T$2:$T$1001,$K15),"")) | J15: =IF($K15="","",IFERROR(INDEX('Veri Merkezi'!$U$2:$U$1001,$K15),"")) -> 10 Numaralar | K15: =IF(K14="","",IFERROR(K14+MATCH("A Liste",INDEX('Veri Merkezi'!$S$2:$S$1001,K14+1):'Veri Merkezi'!$S$1001,0),"")) -> 604
A16: =IF($K16="","",IFERROR(INDEX('Veri Merkezi'!$A$2:$A$1001,$K16),"")) -> ISI PALAZON | B16: =IF($K16="","",IFERROR(INDEX('Veri Merkezi'!$E$2:$E$1001,$K16),"")) -> 10 Numara | C16: =IF($K16="","",IFERROR(INDEX('Veri Merkezi'!$D$2:$D$1001,$K16),"")) -> 31 | D16: =IF($K16="","",IFERROR(INDEX('Veri Merkezi'!$F$2:$F$1001,$K16),"")) -> RAYO VALLECANO | E16: =IF($K16="","",IFERROR(INDEX('Veri Merkezi'!$G$2:$G$1001,$K16),"")) -> 46934 | F16: =IF($K16="","",IFERROR(INDEX('Veri Merkezi'!$H$2:$H$1001,$K16),"")) -> Yeşil | G16: =IF($K16="","",IFERROR(INDEX('Veri Merkezi'!$R$2:$R$1001,$K16),"")) | H16: =IF($K16="","",IFERROR(INDEX('Veri Merkezi'!$S$2:$S$1001,$K16),"")) -> A Liste | I16: =IF($K16="","",IFERROR(INDEX('Veri Merkezi'!$T$2:$T$1001,$K16),"")) | J16: =IF($K16="","",IFERROR(INDEX('Veri Merkezi'!$U$2:$U$1001,$K16),"")) -> 10 Numaralar | K16: =IF(K15="","",IFERROR(K15+MATCH("A Liste",INDEX('Veri Merkezi'!$S$2:$S$1001,K15+1):'Veri Merkezi'!$S$1001,0),"")) -> 605
... A250: =IF($K250="","",IFERROR(INDEX('Veri Merkezi'!$A$2:$A$1001,$K250),"")) | B250: =IF($K250="","",IFERROR(INDEX('Veri Merkezi'!$E$2:$E$1001,$K250),"")) | C250: =IF($K250="","",IFERROR(INDEX('Veri Merkezi'!$D$2:$D$1001,$K250),"")) | D250: =IF($K250="","",IFERROR(INDEX('Veri Merkezi'!$F$2:$F$1001,$K250),"")) | E250: =IF($K250="","",IFERROR(INDEX('Veri Merkezi'!$G$2:$G$1001,$K250),"")) | F250: =IF($K250="","",IFERROR(INDEX('Veri Merkezi'!$H$2:$H$1001,$K250),"")) | G250: =IF($K250="","",IFERROR(INDEX('Veri Merkezi'!$R$2:$R$1001,$K250),"")) | H250: =IF($K250="","",IFERROR(INDEX('Veri Merkezi'!$S$2:$S$1001,$K250),"")) | I250: =IF($K250="","",IFERROR(INDEX('Veri Merkezi'!$T$2:$T$1001,$K250),"")) | J250: =IF($K250="","",IFERROR(INDEX('Veri Merkezi'!$U$2:$U$1001,$K250),"")) | K250: =IF(K249="","",IFERROR(K249+MATCH("A Liste",INDEX('Veri Merkezi'!$S$2:$S$1001,K249+1):'Veri Merkezi'!$S$1001,0),""))

Sheet B Liste
A1: B LİSTE | OYUNCU HAVUZU
A3: Adı Soyadı | B3: Mevki | C3: Yaş | D3: Kulübü | E3: Sözleşme | F3: Durum | G3: Scout Skoru | H3: Karar | I3: Son İzlenme | J3: Kaynak Sayfa
A4: =IF($K4="","",IFERROR(INDEX('Veri Merkezi'!$A$2:$A$1001,$K4),"")) -> FEDERICO GOTTONI | B4: =IF($K4="","",IFERROR(INDEX('Veri Merkezi'!$E$2:$E$1001,$K4),"")) -> Stoper | C4: =IF($K4="","",IFERROR(INDEX('Veri Merkezi'!$D$2:$D$1001,$K4),"")) -> 27 | D4: =IF($K4="","",IFERROR(INDEX('Veri Merkezi'!$F$2:$F$1001,$K4),"")) -> ASCOLI | E4: =IF($K4="","",IFERROR(INDEX('Veri Merkezi'!$G$2:$G$1001,$K4),"")) -> 46568 | F4: =IF($K4="","",IFERROR(INDEX('Veri Merkezi'!$H$2:$H$1001,$K4),"")) -> Sarı | G4: =IF($K4="","",IFERROR(INDEX('Veri Merkezi'!$R$2:$R$1001,$K4),"")) | H4: =IF($K4="","",IFERROR(INDEX('Veri Merkezi'!$S$2:$S$1001,$K4),"")) -> B Liste | I4: =IF($K4="","",IFERROR(INDEX('Veri Merkezi'!$T$2:$T$1001,$K4),"")) | J4: =IF($K4="","",IFERROR(INDEX('Veri Merkezi'!$U$2:$U$1001,$K4),"")) -> Stoperler | K4: =IFERROR(MATCH("B Liste",'Veri Merkezi'!$S$2:$S$1001,0),"") -> 101
A5: =IF($K5="","",IFERROR(INDEX('Veri Merkezi'!$A$2:$A$1001,$K5),"")) -> MİLOS VELJKOVİC | B5: =IF($K5="","",IFERROR(INDEX('Veri Merkezi'!$E$2:$E$1001,$K5),"")) -> Stoper | C5: =IF($K5="","",IFERROR(INDEX('Veri Merkezi'!$D$2:$D$1001,$K5),"")) -> 31 | D5: =IF($K5="","",IFERROR(INDEX('Veri Merkezi'!$F$2:$F$1001,$K5),"")) -> KIZILYILDIZ | E5: =IF($K5="","",IFERROR(INDEX('Veri Merkezi'!$G$2:$G$1001,$K5),"")) -> 46934 | F5: =IF($K5="","",IFERROR(INDEX('Veri Merkezi'!$H$2:$H$1001,$K5),"")) -> Sarı | G5: =IF($K5="","",IFERROR(INDEX('Veri Merkezi'!$R$2:$R$1001,$K5),"")) | H5: =IF($K5="","",IFERROR(INDEX('Veri Merkezi'!$S$2:$S$1001,$K5),"")) -> B Liste | I5: =IF($K5="","",IFERROR(INDEX('Veri Merkezi'!$T$2:$T$1001,$K5),"")) | J5: =IF($K5="","",IFERROR(INDEX('Veri Merkezi'!$U$2:$U$1001,$K5),"")) -> Stoperler | K5: =IF(K4="","",IFERROR(K4+MATCH("B Liste",INDEX('Veri Merkezi'!$S$2:$S$1001,K4+1):'Veri Merkezi'!$S$1001,0),"")) -> 106
A6: =IF($K6="","",IFERROR(INDEX('Veri Merkezi'!$A$2:$A$1001,$K6),"")) -> SOHAIB NAIR | B6: =IF($K6="","",IFERROR(INDEX('Veri Merkezi'!$E$2:$E$1001,$K6),"")) -> Stoper | C6: =IF($K6="","",IFERROR(INDEX('Veri Merkezi'!$D$2:$D$1001,$K6),"")) -> 24 | D6: =IF($K6="","",IFERROR(INDEX('Veri Merkezi'!$F$2:$F$1001,$K6),"")) -> ST.ETTIEN | E6: =IF($K6="","",IFERROR(INDEX('Veri Merkezi'!$G$2:$G$1001,$K6),"")) -> 47664 | F6: =IF($K6="","",IFERROR(INDEX('Veri Merkezi'!$H$2:$H$1001,$K6),"")) -> Yeşil | G6: =IF($K6="","",IFERROR(INDEX('Veri Merkezi'!$R$2:$R$1001,$K6),"")) | H6: =IF($K6="","",IFERROR(INDEX('Veri Merkezi'!$S$2:$S$1001,$K6),"")) -> B Liste | I6: =IF($K6="","",IFERROR(INDEX('Veri Merkezi'!$T$2:$T$1001,$K6),"")) | J6: =IF($K6="","",IFERROR(INDEX('Veri Merkezi'!$U$2:$U$1001,$K6),"")) -> Stoperler | K6: =IF(K5="","",IFERROR(K5+MATCH("B Liste",INDEX('Veri Merkezi'!$S$2:$S$1001,K5+1):'Veri Merkezi'!$S$1001,0),"")) -> 108
A7: =IF($K7="","",IFERROR(INDEX('Veri Merkezi'!$A$2:$A$1001,$K7),"")) -> AXEL TUANZEBE | B7: =IF($K7="","",IFERROR(INDEX('Veri Merkezi'!$E$2:$E$1001,$K7),"")) -> Stoper | C7: =IF($K7="","",IFERROR(INDEX('Veri Merkezi'!$D$2:$D$1001,$K7),"")) -> 28 | D7: =IF($K7="","",IFERROR(INDEX('Veri Merkezi'!$F$2:$F$1001,$K7),"")) -> AUXERRE | E7: =IF($K7="","",IFERROR(INDEX('Veri Merkezi'!$G$2:$G$1001,$K7),"")) -> 46568 | F7: =IF($K7="","",IFERROR(INDEX('Veri Merkezi'!$H$2:$H$1001,$K7),"")) -> Sarı | G7: =IF($K7="","",IFERROR(INDEX('Veri Merkezi'!$R$2:$R$1001,$K7),"")) | H7: =IF($K7="","",IFERROR(INDEX('Veri Merkezi'!$S$2:$S$1001,$K7),"")) -> B Liste | I7: =IF($K7="","",IFERROR(INDEX('Veri Merkezi'!$T$2:$T$1001,$K7),"")) | J7: =IF($K7="","",IFERROR(INDEX('Veri Merkezi'!$U$2:$U$1001,$K7),"")) -> Stoperler | K7: =IF(K6="","",IFERROR(K6+MATCH("B Liste",INDEX('Veri Merkezi'!$S$2:$S$1001,K6+1):'Veri Merkezi'!$S$1001,0),"")) -> 109
A8: =IF($K8="","",IFERROR(INDEX('Veri Merkezi'!$A$2:$A$1001,$K8),"")) -> DUJE CALETE-CAR | B8: =IF($K8="","",IFERROR(INDEX('Veri Merkezi'!$E$2:$E$1001,$K8),"")) -> Stoper | C8: =IF($K8="","",IFERROR(INDEX('Veri Merkezi'!$D$2:$D$1001,$K8),"")) -> 30 | D8: =IF($K8="","",IFERROR(INDEX('Veri Merkezi'!$F$2:$F$1001,$K8),"")) -> SASSUOLO | E8: =IF($K8="","",IFERROR(INDEX('Veri Merkezi'!$G$2:$G$1001,$K8),"")) -> 46934 | F8: =IF($K8="","",IFERROR(INDEX('Veri Merkezi'!$H$2:$H$1001,$K8),"")) -> Yeşil | G8: =IF($K8="","",IFERROR(INDEX('Veri Merkezi'!$R$2:$R$1001,$K8),"")) | H8: =IF($K8="","",IFERROR(INDEX('Veri Merkezi'!$S$2:$S$1001,$K8),"")) -> B Liste | I8: =IF($K8="","",IFERROR(INDEX('Veri Merkezi'!$T$2:$T$1001,$K8),"")) | J8: =IF($K8="","",IFERROR(INDEX('Veri Merkezi'!$U$2:$U$1001,$K8),"")) -> Stoperler | K8: =IF(K7="","",IFERROR(K7+MATCH("B Liste",INDEX('Veri Merkezi'!$S$2:$S$1001,K7+1):'Veri Merkezi'!$S$1001,0),"")) -> 112
A9: =IF($K9="","",IFERROR(INDEX('Veri Merkezi'!$A$2:$A$1001,$K9),"")) -> JOAO MARCELO MESSİAS FERREIRA | B9: =IF($K9="","",IFERROR(INDEX('Veri Merkezi'!$E$2:$E$1001,$K9),"")) -> Stoper | C9: =IF($K9="","",IFERROR(INDEX('Veri Merkezi'!$D$2:$D$1001,$K9),"")) -> 26 | D9: =IF($K9="","",IFERROR(INDEX('Veri Merkezi'!$F$2:$F$1001,$K9),"")) -> CRUZEİRO | E9: =IF($K9="","",IFERROR(INDEX('Veri Merkezi'!$G$2:$G$1001,$K9),"")) -> 47118 | F9: =IF($K9="","",IFERROR(INDEX('Veri Merkezi'!$H$2:$H$1001,$K9),"")) -> Yeşil | G9: =IF($K9="","",IFERROR(INDEX('Veri Merkezi'!$R$2:$R$1001,$K9),"")) | H9: =IF($K9="","",IFERROR(INDEX('Veri Merkezi'!$S$2:$S$1001,$K9),"")) -> B Liste | I9: =IF($K9="","",IFERROR(INDEX('Veri Merkezi'!$T$2:$T$1001,$K9),"")) | J9: =IF($K9="","",IFERROR(INDEX('Veri Merkezi'!$U$2:$U$1001,$K9),"")) -> Stoperler | K9: =IF(K8="","",IFERROR(K8+MATCH("B Liste",INDEX('Veri Merkezi'!$S$2:$S$1001,K8+1):'Veri Merkezi'!$S$1001,0),"")) -> 113
A10: =IF($K10="","",IFERROR(INDEX('Veri Merkezi'!$A$2:$A$1001,$K10),"")) -> MUJAID SADICK | B10: =IF($K10="","",IFERROR(INDEX('Veri Merkezi'!$E$2:$E$1001,$K10),"")) -> Stoper | C10: =IF($K10="","",IFERROR(INDEX('Veri Merkezi'!$D$2:$D$1001,$K10),"")) -> 26 | D10: =IF($K10="","",IFERROR(INDEX('Veri Merkezi'!$F$2:$F$1001,$K10),"")) -> RAYO VALLECANO | E10: =IF($K10="","",IFERROR(INDEX('Veri Merkezi'!$G$2:$G$1001,$K10),"")) -> 46558 | F10: =IF($K10="","",IFERROR(INDEX('Veri Merkezi'!$H$2:$H$1001,$K10),"")) -> Yeşil | G10: =IF($K10="","",IFERROR(INDEX('Veri Merkezi'!$R$2:$R$1001,$K10),"")) | H10: =IF($K10="","",IFERROR(INDEX('Veri Merkezi'!$S$2:$S$1001,$K10),"")) -> B Liste | I10: =IF($K10="","",IFERROR(INDEX('Veri Merkezi'!$T$2:$T$1001,$K10),"")) | J10: =IF($K10="","",IFERROR(INDEX('Veri Merkezi'!$U$2:$U$1001,$K10),"")) -> Stoperler | K10: =IF(K9="","",IFERROR(K9+MATCH("B Liste",INDEX('Veri Merkezi'!$S$2:$S$1001,K9+1):'Veri Merkezi'!$S$1001,0),"")) -> 115
A11: =IF($K11="","",IFERROR(INDEX('Veri Merkezi'!$A$2:$A$1001,$K11),"")) -> DOMINGOS DUARTE | B11: =IF($K11="","",IFERROR(INDEX('Veri Merkezi'!$E$2:$E$1001,$K11),"")) -> Stoper | C11: =IF($K11="","",IFERROR(INDEX('Veri Merkezi'!$D$2:$D$1001,$K11),"")) -> 31 | D11: =IF($K11="","",IFERROR(INDEX('Veri Merkezi'!$F$2:$F$1001,$K11),"")) -> SAO PAULO | E11: =IF($K11="","",IFERROR(INDEX('Veri Merkezi'!$G$2:$G$1001,$K11),"")) -> 46965 | F11: =IF($K11="","",IFERROR(INDEX('Veri Merkezi'!$H$2:$H$1001,$K11),"")) -> Yeşil | G11: =IF($K11="","",IFERROR(INDEX('Veri Merkezi'!$R$2:$R$1001,$K11),"")) | H11: =IF($K11="","",IFERROR(INDEX('Veri Merkezi'!$S$2:$S$1001,$K11),"")) -> B Liste | I11: =IF($K11="","",IFERROR(INDEX('Veri Merkezi'!$T$2:$T$1001,$K11),"")) | J11: =IF($K11="","",IFERROR(INDEX('Veri Merkezi'!$U$2:$U$1001,$K11),"")) -> Stoperler | K11: =IF(K10="","",IFERROR(K10+MATCH("B Liste",INDEX('Veri Merkezi'!$S$2:$S$1001,K10+1):'Veri Merkezi'!$S$1001,0),"")) -> 120
A12: =IF($K12="","",IFERROR(INDEX('Veri Merkezi'!$A$2:$A$1001,$K12),"")) -> GIVANNI VAN ZWAM | B12: =IF($K12="","",IFERROR(INDEX('Veri Merkezi'!$E$2:$E$1001,$K12),"")) -> Stoper | C12: =IF($K12="","",IFERROR(INDEX('Veri Merkezi'!$D$2:$D$1001,$K12),"")) -> 22 | D12: =IF($K12="","",IFERROR(INDEX('Veri Merkezi'!$F$2:$F$1001,$K12),"")) -> GO AHEAD | E12: =IF($K12="","",IFERROR(INDEX('Veri Merkezi'!$G$2:$G$1001,$K12),"")) -> 46568 | F12: =IF($K12="","",IFERROR(INDEX('Veri Merkezi'!$H$2:$H$1001,$K12),"")) -> Sarı | G12: =IF($K12="","",IFERROR(INDEX('Veri Merkezi'!$R$2:$R$1001,$K12),"")) | H12: =IF($K12="","",IFERROR(INDEX('Veri Merkezi'!$S$2:$S$1001,$K12),"")) -> B Liste | I12: =IF($K12="","",IFERROR(INDEX('Veri Merkezi'!$T$2:$T$1001,$K12),"")) | J12: =IF($K12="","",IFERROR(INDEX('Veri Merkezi'!$U$2:$U$1001,$K12),"")) -> Stoperler | K12: =IF(K11="","",IFERROR(K11+MATCH("B Liste",INDEX('Veri Merkezi'!$S$2:$S$1001,K11+1):'Veri Merkezi'!$S$1001,0),"")) -> 121
A13: =IF($K13="","",IFERROR(INDEX('Veri Merkezi'!$A$2:$A$1001,$K13),"")) -> DUJE CALETA-CAR | B13: =IF($K13="","",IFERROR(INDEX('Veri Merkezi'!$E$2:$E$1001,$K13),"")) -> Stoper | C13: =IF($K13="","",IFERROR(INDEX('Veri Merkezi'!$D$2:$D$1001,$K13),"")) -> 30 | D13: =IF($K13="","",IFERROR(INDEX('Veri Merkezi'!$F$2:$F$1001,$K13),"")) -> US SASSUOLO | E13: =IF($K13="","",IFERROR(INDEX('Veri Merkezi'!$G$2:$G$1001,$K13),"")) -> 46934 | F13: =IF($K13="","",IFERROR(INDEX('Veri Merkezi'!$H$2:$H$1001,$K13),"")) -> Yeşil | G13: =IF($K13="","",IFERROR(INDEX('Veri Merkezi'!$R$2:$R$1001,$K13),"")) | H13: =IF($K13="","",IFERROR(INDEX('Veri Merkezi'!$S$2:$S$1001,$K13),"")) -> B Liste | I13: =IF($K13="","",IFERROR(INDEX('Veri Merkezi'!$T$2:$T$1001,$K13),"")) | J13: =IF($K13="","",IFERROR(INDEX('Veri Merkezi'!$U$2:$U$1001,$K13),"")) -> Stoperler | K13: =IF(K12="","",IFERROR(K12+MATCH("B Liste",INDEX('Veri Merkezi'!$S$2:$S$1001,K12+1):'Veri Merkezi'!$S$1001,0),"")) -> 125
A14: =IF($K14="","",IFERROR(INDEX('Veri Merkezi'!$A$2:$A$1001,$K14),"")) -> ADRIA PEDROSA | B14: =IF($K14="","",IFERROR(INDEX('Veri Merkezi'!$E$2:$E$1001,$K14),"")) -> Sol Bek | C14: =IF($K14="","",IFERROR(INDEX('Veri Merkezi'!$D$2:$D$1001,$K14),"")) -> 28 | D14: =IF($K14="","",IFERROR(INDEX('Veri Merkezi'!$F$2:$F$1001,$K14),"")) -> ROYO VALLECANO | E14: =IF($K14="","",IFERROR(INDEX('Veri Merkezi'!$G$2:$G$1001,$K14),"")) -> 46568 | F14: =IF($K14="","",IFERROR(INDEX('Veri Merkezi'!$H$2:$H$1001,$K14),"")) -> Sarı | G14: =IF($K14="","",IFERROR(INDEX('Veri Merkezi'!$R$2:$R$1001,$K14),"")) | H14: =IF($K14="","",IFERROR(INDEX('Veri Merkezi'!$S$2:$S$1001,$K14),"")) -> B Liste | I14: =IF($K14="","",IFERROR(INDEX('Veri Merkezi'!$T$2:$T$1001,$K14),"")) | J14: =IF($K14="","",IFERROR(INDEX('Veri Merkezi'!$U$2:$U$1001,$K14),"")) -> Sol Bekler | K14: =IF(K13="","",IFERROR(K13+MATCH("B Liste",INDEX('Veri Merkezi'!$S$2:$S$1001,K13+1):'Veri Merkezi'!$S$1001,0),"")) -> 301
A15: =IF($K15="","",IFERROR(INDEX('Veri Merkezi'!$A$2:$A$1001,$K15),"")) -> PEDRO AMARAL | B15: =IF($K15="","",IFERROR(INDEX('Veri Merkezi'!$E$2:$E$1001,$K15),"")) -> Sol Bek | C15: =IF($K15="","",IFERROR(INDEX('Veri Merkezi'!$D$2:$D$1001,$K15),"")) -> 29 | D15: =IF($K15="","",IFERROR(INDEX('Veri Merkezi'!$F$2:$F$1001,$K15),"")) -> RIO AVE | E15: =IF($K15="","",IFERROR(INDEX('Veri Merkezi'!$G$2:$G$1001,$K15),"")) -> 46934 | F15: =IF($K15="","",IFERROR(INDEX('Veri Merkezi'!$H$2:$H$1001,$K15),"")) -> Sarı | G15: =IF($K15="","",IFERROR(INDEX('Veri Merkezi'!$R$2:$R$1001,$K15),"")) | H15: =IF($K15="","",IFERROR(INDEX('Veri Merkezi'!$S$2:$S$1001,$K15),"")) -> B Liste | I15: =IF($K15="","",IFERROR(INDEX('Veri Merkezi'!$T$2:$T$1001,$K15),"")) | J15: =IF($K15="","",IFERROR(INDEX('Veri Merkezi'!$U$2:$U$1001,$K15),"")) -> Sol Bekler | K15: =IF(K14="","",IFERROR(K14+MATCH("B Liste",INDEX('Veri Merkezi'!$S$2:$S$1001,K14+1):'Veri Merkezi'!$S$1001,0),"")) -> 303
A16: =IF($K16="","",IFERROR(INDEX('Veri Merkezi'!$A$2:$A$1001,$K16),"")) -> YUSSIF SAIDU | B16: =IF($K16="","",IFERROR(INDEX('Veri Merkezi'!$E$2:$E$1001,$K16),"")) -> 6 Numara | C16: =IF($K16="","",IFERROR(INDEX('Veri Merkezi'!$D$2:$D$1001,$K16),"")) -> 21 | D16: =IF($K16="","",IFERROR(INDEX('Veri Merkezi'!$F$2:$F$1001,$K16),"")) -> REAL ZARAGOZA | E16: =IF($K16="","",IFERROR(INDEX('Veri Merkezi'!$G$2:$G$1001,$K16),"")) -> 47664 | F16: =IF($K16="","",IFERROR(INDEX('Veri Merkezi'!$H$2:$H$1001,$K16),"")) -> Sarı | G16: =IF($K16="","",IFERROR(INDEX('Veri Merkezi'!$R$2:$R$1001,$K16),"")) | H16: =IF($K16="","",IFERROR(INDEX('Veri Merkezi'!$S$2:$S$1001,$K16),"")) -> B Liste | I16: =IF($K16="","",IFERROR(INDEX('Veri Merkezi'!$T$2:$T$1001,$K16),"")) | J16: =IF($K16="","",IFERROR(INDEX('Veri Merkezi'!$U$2:$U$1001,$K16),"")) -> 6 Numaralar | K16: =IF(K15="","",IFERROR(K15+MATCH("B Liste",INDEX('Veri Merkezi'!$S$2:$S$1001,K15+1):'Veri Merkezi'!$S$1001,0),"")) -> 402
... A250: =IF($K250="","",IFERROR(INDEX('Veri Merkezi'!$A$2:$A$1001,$K250),"")) | B250: =IF($K250="","",IFERROR(INDEX('Veri Merkezi'!$E$2:$E$1001,$K250),"")) | C250: =IF($K250="","",IFERROR(INDEX('Veri Merkezi'!$D$2:$D$1001,$K250),"")) | D250: =IF($K250="","",IFERROR(INDEX('Veri Merkezi'!$F$2:$F$1001,$K250),"")) | E250: =IF($K250="","",IFERROR(INDEX('Veri Merkezi'!$G$2:$G$1001,$K250),"")) | F250: =IF($K250="","",IFERROR(INDEX('Veri Merkezi'!$H$2:$H$1001,$K250),"")) | G250: =IF($K250="","",IFERROR(INDEX('Veri Merkezi'!$R$2:$R$1001,$K250),"")) | H250: =IF($K250="","",IFERROR(INDEX('Veri Merkezi'!$S$2:$S$1001,$K250),"")) | I250: =IF($K250="","",IFERROR(INDEX('Veri Merkezi'!$T$2:$T$1001,$K250),"")) | J250: =IF($K250="","",IFERROR(INDEX('Veri Merkezi'!$U$2:$U$1001,$K250),"")) | K250: =IF(K249="","",IFERROR(K249+MATCH("B Liste",INDEX('Veri Merkezi'!$S$2:$S$1001,K249+1):'Veri Merkezi'!$S$1001,0),""))

Sheet Takip Edilecekler
A1: TAKİP EDİLECEKLER | TAKİP HAVUZU
A3: Adı Soyadı | B3: Mevki | C3: Yaş | D3: Kulübü | E3: Sözleşme | F3: Durum | G3: Scout Skoru | H3: Karar | I3: Son İzlenme | J3: Kaynak Sayfa
A4: =IF($K4="","",IFERROR(INDEX('Veri Merkezi'!$A$2:$A$1001,$K4),"")) -> LEONARDO PİNHEİRO DA CONCEİÇAO | B4: =IF($K4="","",IFERROR(INDEX('Veri Merkezi'!$E$2:$E$1001,$K4),"")) -> Stoper | C4: =IF($K4="","",IFERROR(INDEX('Veri Merkezi'!$D$2:$D$1001,$K4),"")) -> 30 | D4: =IF($K4="","",IFERROR(INDEX('Veri Merkezi'!$F$2:$F$1001,$K4),"")) -> ATLETICA-PR | E4: =IF($K4="","",IFERROR(INDEX('Veri Merkezi'!$G$2:$G$1001,$K4),"")) -> 47118 | F4: =IF($K4="","",IFERROR(INDEX('Veri Merkezi'!$H$2:$H$1001,$K4),"")) -> Yeşil | G4: =IF($K4="","",IFERROR(INDEX('Veri Merkezi'!$R$2:$R$1001,$K4),"")) | H4: =IF($K4="","",IFERROR(INDEX('Veri Merkezi'!$S$2:$S$1001,$K4),"")) -> Takip | I4: =IF($K4="","",IFERROR(INDEX('Veri Merkezi'!$T$2:$T$1001,$K4),"")) | J4: =IF($K4="","",IFERROR(INDEX('Veri Merkezi'!$U$2:$U$1001,$K4),"")) -> Stoperler | K4: =IFERROR(MATCH("Takip",'Veri Merkezi'!$S$2:$S$1001,0),"") -> 105
A5: =IF($K5="","",IFERROR(INDEX('Veri Merkezi'!$A$2:$A$1001,$K5),"")) -> JAKOV MEDIC | B5: =IF($K5="","",IFERROR(INDEX('Veri Merkezi'!$E$2:$E$1001,$K5),"")) -> Stoper | C5: =IF($K5="","",IFERROR(INDEX('Veri Merkezi'!$D$2:$D$1001,$K5),"")) -> 28 | D5: =IF($K5="","",IFERROR(INDEX('Veri Merkezi'!$F$2:$F$1001,$K5),"")) -> UTRECHT | E5: =IF($K5="","",IFERROR(INDEX('Veri Merkezi'!$G$2:$G$1001,$K5),"")) -> 46568 | F5: =IF($K5="","",IFERROR(INDEX('Veri Merkezi'!$H$2:$H$1001,$K5),"")) -> Sarı | G5: =IF($K5="","",IFERROR(INDEX('Veri Merkezi'!$R$2:$R$1001,$K5),"")) | H5: =IF($K5="","",IFERROR(INDEX('Veri Merkezi'!$S$2:$S$1001,$K5),"")) -> Takip | I5: =IF($K5="","",IFERROR(INDEX('Veri Merkezi'!$T$2:$T$1001,$K5),"")) | J5: =IF($K5="","",IFERROR(INDEX('Veri Merkezi'!$U$2:$U$1001,$K5),"")) -> Stoperler | K5: =IF(K4="","",IFERROR(K4+MATCH("Takip",INDEX('Veri Merkezi'!$S$2:$S$1001,K4+1):'Veri Merkezi'!$S$1001,0),"")) -> 111
A6: =IF($K6="","",IFERROR(INDEX('Veri Merkezi'!$A$2:$A$1001,$K6),"")) -> AHMED HADZIMUJOVIC | B6: =IF($K6="","",IFERROR(INDEX('Veri Merkezi'!$E$2:$E$1001,$K6),"")) -> Stoper | C6: =IF($K6="","",IFERROR(INDEX('Veri Merkezi'!$D$2:$D$1001,$K6),"")) -> 19 | D6: =IF($K6="","",IFERROR(INDEX('Veri Merkezi'!$F$2:$F$1001,$K6),"")) -> NOVI PAZAR | E6: =IF($K6="","",IFERROR(INDEX('Veri Merkezi'!$G$2:$G$1001,$K6),"")) -> 46568 | F6: =IF($K6="","",IFERROR(INDEX('Veri Merkezi'!$H$2:$H$1001,$K6),"")) -> Sarı | G6: =IF($K6="","",IFERROR(INDEX('Veri Merkezi'!$R$2:$R$1001,$K6),"")) | H6: =IF($K6="","",IFERROR(INDEX('Veri Merkezi'!$S$2:$S$1001,$K6),"")) -> Takip | I6: =IF($K6="","",IFERROR(INDEX('Veri Merkezi'!$T$2:$T$1001,$K6),"")) | J6: =IF($K6="","",IFERROR(INDEX('Veri Merkezi'!$U$2:$U$1001,$K6),"")) -> Stoperler | K6: =IF(K5="","",IFERROR(K5+MATCH("Takip",INDEX('Veri Merkezi'!$S$2:$S$1001,K5+1):'Veri Merkezi'!$S$1001,0),"")) -> 116
A7: =IF($K7="","",IFERROR(INDEX('Veri Merkezi'!$A$2:$A$1001,$K7),"")) -> MARIO TUDOSE | B7: =IF($K7="","",IFERROR(INDEX('Veri Merkezi'!$E$2:$E$1001,$K7),"")) -> Stoper | C7: =IF($K7="","",IFERROR(INDEX('Veri Merkezi'!$D$2:$D$1001,$K7),"")) -> 21 | D7: =IF($K7="","",IFERROR(INDEX('Veri Merkezi'!$F$2:$F$1001,$K7),"")) -> FC ARGES | E7: =IF($K7="","",IFERROR(INDEX('Veri Merkezi'!$G$2:$G$1001,$K7),"")) -> 47289 | F7: =IF($K7="","",IFERROR(INDEX('Veri Merkezi'!$H$2:$H$1001,$K7),"")) -> Sarı | G7: =IF($K7="","",IFERROR(INDEX('Veri Merkezi'!$R$2:$R$1001,$K7),"")) | H7: =IF($K7="","",IFERROR(INDEX('Veri Merkezi'!$S$2:$S$1001,$K7),"")) -> Takip | I7: =IF($K7="","",IFERROR(INDEX('Veri Merkezi'!$T$2:$T$1001,$K7),"")) | J7: =IF($K7="","",IFERROR(INDEX('Veri Merkezi'!$U$2:$U$1001,$K7),"")) -> Stoperler | K7: =IF(K6="","",IFERROR(K6+MATCH("Takip",INDEX('Veri Merkezi'!$S$2:$S$1001,K6+1):'Veri Merkezi'!$S$1001,0),"")) -> 119
A8: =IF($K8="","",IFERROR(INDEX('Veri Merkezi'!$A$2:$A$1001,$K8),"")) -> CHECK KEITA | B8: =IF($K8="","",IFERROR(INDEX('Veri Merkezi'!$E$2:$E$1001,$K8),"")) -> Stoper | C8: =IF($K8="","",IFERROR(INDEX('Veri Merkezi'!$D$2:$D$1001,$K8),"")) -> 23 | D8: =IF($K8="","",IFERROR(INDEX('Veri Merkezi'!$F$2:$F$1001,$K8),"")) -> ROYAL CHARLEROI SC | E8: =IF($K8="","",IFERROR(INDEX('Veri Merkezi'!$G$2:$G$1001,$K8),"")) -> 46568 | F8: =IF($K8="","",IFERROR(INDEX('Veri Merkezi'!$H$2:$H$1001,$K8),"")) -> Sarı | G8: =IF($K8="","",IFERROR(INDEX('Veri Merkezi'!$R$2:$R$1001,$K8),"")) | H8: =IF($K8="","",IFERROR(INDEX('Veri Merkezi'!$S$2:$S$1001,$K8),"")) -> Takip | I8: =IF($K8="","",IFERROR(INDEX('Veri Merkezi'!$T$2:$T$1001,$K8),"")) | J8: =IF($K8="","",IFERROR(INDEX('Veri Merkezi'!$U$2:$U$1001,$K8),"")) -> Stoperler | K8: =IF(K7="","",IFERROR(K7+MATCH("Takip",INDEX('Veri Merkezi'!$S$2:$S$1001,K7+1):'Veri Merkezi'!$S$1001,0),"")) -> 123
A9: =IF($K9="","",IFERROR(INDEX('Veri Merkezi'!$A$2:$A$1001,$K9),"")) -> GIOVANNI VAN ZWAM | B9: =IF($K9="","",IFERROR(INDEX('Veri Merkezi'!$E$2:$E$1001,$K9),"")) -> Stoper | C9: =IF($K9="","",IFERROR(INDEX('Veri Merkezi'!$D$2:$D$1001,$K9),"")) -> 22 | D9: =IF($K9="","",IFERROR(INDEX('Veri Merkezi'!$F$2:$F$1001,$K9),"")) -> GO AHEAD EAGLES | E9: =IF($K9="","",IFERROR(INDEX('Veri Merkezi'!$G$2:$G$1001,$K9),"")) -> 46568 | F9: =IF($K9="","",IFERROR(INDEX('Veri Merkezi'!$H$2:$H$1001,$K9),"")) -> Sarı | G9: =IF($K9="","",IFERROR(INDEX('Veri Merkezi'!$R$2:$R$1001,$K9),"")) | H9: =IF($K9="","",IFERROR(INDEX('Veri Merkezi'!$S$2:$S$1001,$K9),"")) -> Takip | I9: =IF($K9="","",IFERROR(INDEX('Veri Merkezi'!$T$2:$T$1001,$K9),"")) | J9: =IF($K9="","",IFERROR(INDEX('Veri Merkezi'!$U$2:$U$1001,$K9),"")) -> Stoperler | K9: =IF(K8="","",IFERROR(K8+MATCH("Takip",INDEX('Veri Merkezi'!$S$2:$S$1001,K8+1):'Veri Merkezi'!$S$1001,0),"")) -> 124
A10: =IF($K10="","",IFERROR(INDEX('Veri Merkezi'!$A$2:$A$1001,$K10),"")) -> JOAO PEDRO MOTURANO | B10: =IF($K10="","",IFERROR(INDEX('Veri Merkezi'!$E$2:$E$1001,$K10),"")) -> Sağ Bek | C10: =IF($K10="","",IFERROR(INDEX('Veri Merkezi'!$D$2:$D$1001,$K10),"")) -> 29 | D10: =IF($K10="","",IFERROR(INDEX('Veri Merkezi'!$F$2:$F$1001,$K10),"")) -> GREMIO | E10: =IF($K10="","",IFERROR(INDEX('Veri Merkezi'!$G$2:$G$1001,$K10),"")) -> 46752 | F10: =IF($K10="","",IFERROR(INDEX('Veri Merkezi'!$H$2:$H$1001,$K10),"")) -> Sarı | G10: =IF($K10="","",IFERROR(INDEX('Veri Merkezi'!$R$2:$R$1001,$K10),"")) | H10: =IF($K10="","",IFERROR(INDEX('Veri Merkezi'!$S$2:$S$1001,$K10),"")) -> Takip | I10: =IF($K10="","",IFERROR(INDEX('Veri Merkezi'!$T$2:$T$1001,$K10),"")) | J10: =IF($K10="","",IFERROR(INDEX('Veri Merkezi'!$U$2:$U$1001,$K10),"")) -> Sağ Bekler | K10: =IF(K9="","",IFERROR(K9+MATCH("Takip",INDEX('Veri Merkezi'!$S$2:$S$1001,K9+1):'Veri Merkezi'!$S$1001,0),"")) -> 203
A11: =IF($K11="","",IFERROR(INDEX('Veri Merkezi'!$A$2:$A$1001,$K11),"")) -> CASPER HOJER | B11: =IF($K11="","",IFERROR(INDEX('Veri Merkezi'!$E$2:$E$1001,$K11),"")) -> Sol Bek | C11: =IF($K11="","",IFERROR(INDEX('Veri Merkezi'!$D$2:$D$1001,$K11),"")) -> 31 | D11: =IF($K11="","",IFERROR(INDEX('Veri Merkezi'!$F$2:$F$1001,$K11),"")) -> FREE | E11: =IF($K11="","",IFERROR(INDEX('Veri Merkezi'!$G$2:$G$1001,$K11),"")) -> - | F11: =IF($K11="","",IFERROR(INDEX('Veri Merkezi'!$H$2:$H$1001,$K11),"")) -> Sarı | G11: =IF($K11="","",IFERROR(INDEX('Veri Merkezi'!$R$2:$R$1001,$K11),"")) | H11: =IF($K11="","",IFERROR(INDEX('Veri Merkezi'!$S$2:$S$1001,$K11),"")) -> Takip | I11: =IF($K11="","",IFERROR(INDEX('Veri Merkezi'!$T$2:$T$1001,$K11),"")) | J11: =IF($K11="","",IFERROR(INDEX('Veri Merkezi'!$U$2:$U$1001,$K11),"")) -> Sol Bekler | K11: =IF(K10="","",IFERROR(K10+MATCH("Takip",INDEX('Veri Merkezi'!$S$2:$S$1001,K10+1):'Veri Merkezi'!$S$1001,0),"")) -> 305
A12: =IF($K12="","",IFERROR(INDEX('Veri Merkezi'!$A$2:$A$1001,$K12),"")) -> YVES BISSOUMA | B12: =IF($K12="","",IFERROR(INDEX('Veri Merkezi'!$E$2:$E$1001,$K12),"")) -> 6 Numara | C12: =IF($K12="","",IFERROR(INDEX('Veri Merkezi'!$D$2:$D$1001,$K12),"")) -> 30 | D12: =IF($K12="","",IFERROR(INDEX('Veri Merkezi'!$F$2:$F$1001,$K12),"")) -> FREE | E12: =IF($K12="","",IFERROR(INDEX('Veri Merkezi'!$G$2:$G$1001,$K12),"")) -> - | F12: =IF($K12="","",IFERROR(INDEX('Veri Merkezi'!$H$2:$H$1001,$K12),"")) -> Sarı | G12: =IF($K12="","",IFERROR(INDEX('Veri Merkezi'!$R$2:$R$1001,$K12),"")) | H12: =IF($K12="","",IFERROR(INDEX('Veri Merkezi'!$S$2:$S$1001,$K12),"")) -> Takip | I12: =IF($K12="","",IFERROR(INDEX('Veri Merkezi'!$T$2:$T$1001,$K12),"")) | J12: =IF($K12="","",IFERROR(INDEX('Veri Merkezi'!$U$2:$U$1001,$K12),"")) -> 6 Numaralar | K12: =IF(K11="","",IFERROR(K11+MATCH("Takip",INDEX('Veri Merkezi'!$S$2:$S$1001,K11+1):'Veri Merkezi'!$S$1001,0),"")) -> 401
A13: =IF($K13="","",IFERROR(INDEX('Veri Merkezi'!$A$2:$A$1001,$K13),"")) -> LUCA REGIARDO | B13: =IF($K13="","",IFERROR(INDEX('Veri Merkezi'!$E$2:$E$1001,$K13),"")) -> 6 Numara | C13: =IF($K13="","",IFERROR(INDEX('Veri Merkezi'!$D$2:$D$1001,$K13),"")) -> 19 | D13: =IF($K13="","",IFERROR(INDEX('Veri Merkezi'!$F$2:$F$1001,$K13),"")) -> NEWELL'S | E13: =IF($K13="","",IFERROR(INDEX('Veri Merkezi'!$G$2:$G$1001,$K13),"")) -> 47483 | F13: =IF($K13="","",IFERROR(INDEX('Veri Merkezi'!$H$2:$H$1001,$K13),"")) -> Yeşil | G13: =IF($K13="","",IFERROR(INDEX('Veri Merkezi'!$R$2:$R$1001,$K13),"")) | H13: =IF($K13="","",IFERROR(INDEX('Veri Merkezi'!$S$2:$S$1001,$K13),"")) -> Takip | I13: =IF($K13="","",IFERROR(INDEX('Veri Merkezi'!$T$2:$T$1001,$K13),"")) | J13: =IF($K13="","",IFERROR(INDEX('Veri Merkezi'!$U$2:$U$1001,$K13),"")) -> 6 Numaralar | K13: =IF(K12="","",IFERROR(K12+MATCH("Takip",INDEX('Veri Merkezi'!$S$2:$S$1001,K12+1):'Veri Merkezi'!$S$1001,0),"")) -> 403
A14: =IF($K14="","",IFERROR(INDEX('Veri Merkezi'!$A$2:$A$1001,$K14),"")) -> CHARLYS MATHEUS LİMA | B14: =IF($K14="","",IFERROR(INDEX('Veri Merkezi'!$E$2:$E$1001,$K14),"")) -> 6 Numara | C14: =IF($K14="","",IFERROR(INDEX('Veri Merkezi'!$D$2:$D$1001,$K14),"")) -> 22 | D14: =IF($K14="","",IFERROR(INDEX('Veri Merkezi'!$F$2:$F$1001,$K14),"")) -> İNTER | E14: =IF($K14="","",IFERROR(INDEX('Veri Merkezi'!$G$2:$G$1001,$K14),"")) -> 46568 | F14: =IF($K14="","",IFERROR(INDEX('Veri Merkezi'!$H$2:$H$1001,$K14),"")) -> Sarı | G14: =IF($K14="","",IFERROR(INDEX('Veri Merkezi'!$R$2:$R$1001,$K14),"")) | H14: =IF($K14="","",IFERROR(INDEX('Veri Merkezi'!$S$2:$S$1001,$K14),"")) -> Takip | I14: =IF($K14="","",IFERROR(INDEX('Veri Merkezi'!$T$2:$T$1001,$K14),"")) | J14: =IF($K14="","",IFERROR(INDEX('Veri Merkezi'!$U$2:$U$1001,$K14),"")) -> 6 Numaralar | K14: =IF(K13="","",IFERROR(K13+MATCH("Takip",INDEX('Veri Merkezi'!$S$2:$S$1001,K13+1):'Veri Merkezi'!$S$1001,0),"")) -> 408
A15: =IF($K15="","",IFERROR(INDEX('Veri Merkezi'!$A$2:$A$1001,$K15),"")) -> YARI VERSHAEREN | B15: =IF($K15="","",IFERROR(INDEX('Veri Merkezi'!$E$2:$E$1001,$K15),"")) -> 8 Numara | C15: =IF($K15="","",IFERROR(INDEX('Veri Merkezi'!$D$2:$D$1001,$K15),"")) -> 25 | D15: =IF($K15="","",IFERROR(INDEX('Veri Merkezi'!$F$2:$F$1001,$K15),"")) -> SAMPDORIA | E15: =IF($K15="","",IFERROR(INDEX('Veri Merkezi'!$G$2:$G$1001,$K15),"")) -> 47299 | F15: =IF($K15="","",IFERROR(INDEX('Veri Merkezi'!$H$2:$H$1001,$K15),"")) -> Yeşil | G15: =IF($K15="","",IFERROR(INDEX('Veri Merkezi'!$R$2:$R$1001,$K15),"")) | H15: =IF($K15="","",IFERROR(INDEX('Veri Merkezi'!$S$2:$S$1001,$K15),"")) -> Takip | I15: =IF($K15="","",IFERROR(INDEX('Veri Merkezi'!$T$2:$T$1001,$K15),"")) | J15: =IF($K15="","",IFERROR(INDEX('Veri Merkezi'!$U$2:$U$1001,$K15),"")) -> 8 Numaralar | K15: =IF(K14="","",IFERROR(K14+MATCH("Takip",INDEX('Veri Merkezi'!$S$2:$S$1001,K14+1):'Veri Merkezi'!$S$1001,0),"")) -> 508
A16: =IF($K16="","",IFERROR(INDEX('Veri Merkezi'!$A$2:$A$1001,$K16),"")) -> JOVAN SLJIVIC | B16: =IF($K16="","",IFERROR(INDEX('Veri Merkezi'!$E$2:$E$1001,$K16),"")) -> 8 Numara | C16: =IF($K16="","",IFERROR(INDEX('Veri Merkezi'!$D$2:$D$1001,$K16),"")) -> 21 | D16: =IF($K16="","",IFERROR(INDEX('Veri Merkezi'!$F$2:$F$1001,$K16),"")) -> OFK BEOGRAD | E16: =IF($K16="","",IFERROR(INDEX('Veri Merkezi'!$G$2:$G$1001,$K16),"")) -> 46568 | F16: =IF($K16="","",IFERROR(INDEX('Veri Merkezi'!$H$2:$H$1001,$K16),"")) -> Sarı | G16: =IF($K16="","",IFERROR(INDEX('Veri Merkezi'!$R$2:$R$1001,$K16),"")) | H16: =IF($K16="","",IFERROR(INDEX('Veri Merkezi'!$S$2:$S$1001,$K16),"")) -> Takip | I16: =IF($K16="","",IFERROR(INDEX('Veri Merkezi'!$T$2:$T$1001,$K16),"")) | J16: =IF($K16="","",IFERROR(INDEX('Veri Merkezi'!$U$2:$U$1001,$K16),"")) -> 8 Numaralar | K16: =IF(K15="","",IFERROR(K15+MATCH("Takip",INDEX('Veri Merkezi'!$S$2:$S$1001,K15+1):'Veri Merkezi'!$S$1001,0),"")) -> 512
... A250: =IF($K250="","",IFERROR(INDEX('Veri Merkezi'!$A$2:$A$1001,$K250),"")) | B250: =IF($K250="","",IFERROR(INDEX('Veri Merkezi'!$E$2:$E$1001,$K250),"")) | C250: =IF($K250="","",IFERROR(INDEX('Veri Merkezi'!$D$2:$D$1001,$K250),"")) | D250: =IF($K250="","",IFERROR(INDEX('Veri Merkezi'!$F$2:$F$1001,$K250),"")) | E250: =IF($K250="","",IFERROR(INDEX('Veri Merkezi'!$G$2:$G$1001,$K250),"")) | F250: =IF($K250="","",IFERROR(INDEX('Veri Merkezi'!$H$2:$H$1001,$K250),"")) | G250: =IF($K250="","",IFERROR(INDEX('Veri Merkezi'!$R$2:$R$1001,$K250),"")) | H250: =IF($K250="","",IFERROR(INDEX('Veri Merkezi'!$S$2:$S$1001,$K250),"")) | I250: =IF($K250="","",IFERROR(INDEX('Veri Merkezi'!$T$2:$T$1001,$K250),"")) | J250: =IF($K250="","",IFERROR(INDEX('Veri Merkezi'!$U$2:$U$1001,$K250),"")) | K250: =IF(K249="","",IFERROR(K249+MATCH("Takip",INDEX('Veri Merkezi'!$S$2:$S$1001,K249+1):'Veri Merkezi'!$S$1001,0),""))

Sheet Yeniden İzlenecekler
A1: YENİDEN İZLENECEKLER | TEKRAR İZLEME HAVUZU
A3: Adı Soyadı | B3: Mevki | C3: Yaş | D3: Kulübü | E3: Sözleşme | F3: Durum | G3: Scout Skoru | H3: Karar | I3: Son İzlenme | J3: Kaynak Sayfa
A4: =IF($K4="","",IFERROR(INDEX('Veri Merkezi'!$A$2:$A$1001,$K4),"")) -> ZE IVALDO | B4: =IF($K4="","",IFERROR(INDEX('Veri Merkezi'!$E$2:$E$1001,$K4),"")) -> Stoper | C4: =IF($K4="","",IFERROR(INDEX('Veri Merkezi'!$D$2:$D$1001,$K4),"")) -> 29 | D4: =IF($K4="","",IFERROR(INDEX('Veri Merkezi'!$F$2:$F$1001,$K4),"")) -> REMO | E4: =IF($K4="","",IFERROR(INDEX('Veri Merkezi'!$G$2:$G$1001,$K4),"")) -> 46387 | F4: =IF($K4="","",IFERROR(INDEX('Veri Merkezi'!$H$2:$H$1001,$K4),"")) -> Sarı | G4: =IF($K4="","",IFERROR(INDEX('Veri Merkezi'!$R$2:$R$1001,$K4),"")) | H4: =IF($K4="","",IFERROR(INDEX('Veri Merkezi'!$S$2:$S$1001,$K4),"")) -> Tekrar İzle | I4: =IF($K4="","",IFERROR(INDEX('Veri Merkezi'!$T$2:$T$1001,$K4),"")) | J4: =IF($K4="","",IFERROR(INDEX('Veri Merkezi'!$U$2:$U$1001,$K4),"")) -> Stoperler | K4: =IFERROR(MATCH("Tekrar İzle",'Veri Merkezi'!$S$2:$S$1001,0),"") -> 104
A5: =IF($K5="","",IFERROR(INDEX('Veri Merkezi'!$A$2:$A$1001,$K5),"")) -> NOAH CADİO | B5: =IF($K5="","",IFERROR(INDEX('Veri Merkezi'!$E$2:$E$1001,$K5),"")) -> 8 Numara | C5: =IF($K5="","",IFERROR(INDEX('Veri Merkezi'!$D$2:$D$1001,$K5),"")) -> 27 | D5: =IF($K5="","",IFERROR(INDEX('Veri Merkezi'!$F$2:$F$1001,$K5),"")) -> LORIENT | E5: =IF($K5="","",IFERROR(INDEX('Veri Merkezi'!$G$2:$G$1001,$K5),"")) -> 47299 | F5: =IF($K5="","",IFERROR(INDEX('Veri Merkezi'!$H$2:$H$1001,$K5),"")) -> Sarı | G5: =IF($K5="","",IFERROR(INDEX('Veri Merkezi'!$R$2:$R$1001,$K5),"")) | H5: =IF($K5="","",IFERROR(INDEX('Veri Merkezi'!$S$2:$S$1001,$K5),"")) -> Tekrar İzle | I5: =IF($K5="","",IFERROR(INDEX('Veri Merkezi'!$T$2:$T$1001,$K5),"")) | J5: =IF($K5="","",IFERROR(INDEX('Veri Merkezi'!$U$2:$U$1001,$K5),"")) -> 8 Numaralar | K5: =IF(K4="","",IFERROR(K4+MATCH("Tekrar İzle",INDEX('Veri Merkezi'!$S$2:$S$1001,K4+1):'Veri Merkezi'!$S$1001,0),"")) -> 513
A6: =IF($K6="","",IFERROR(INDEX('Veri Merkezi'!$A$2:$A$1001,$K6),"")) -> MELK COSTA DE OLIVEIRA | B6: =IF($K6="","",IFERROR(INDEX('Veri Merkezi'!$E$2:$E$1001,$K6),"")) -> 10 Numara | C6: =IF($K6="","",IFERROR(INDEX('Veri Merkezi'!$D$2:$D$1001,$K6),"")) -> 20 | D6: =IF($K6="","",IFERROR(INDEX('Veri Merkezi'!$F$2:$F$1001,$K6),"")) -> CEARA | E6: =IF($K6="","",IFERROR(INDEX('Veri Merkezi'!$G$2:$G$1001,$K6),"")) -> 47118 | F6: =IF($K6="","",IFERROR(INDEX('Veri Merkezi'!$H$2:$H$1001,$K6),"")) -> Kırmızı | G6: =IF($K6="","",IFERROR(INDEX('Veri Merkezi'!$R$2:$R$1001,$K6),"")) | H6: =IF($K6="","",IFERROR(INDEX('Veri Merkezi'!$S$2:$S$1001,$K6),"")) -> Tekrar İzle | I6: =IF($K6="","",IFERROR(INDEX('Veri Merkezi'!$T$2:$T$1001,$K6),"")) | J6: =IF($K6="","",IFERROR(INDEX('Veri Merkezi'!$U$2:$U$1001,$K6),"")) -> 10 Numaralar | K6: =IF(K5="","",IFERROR(K5+MATCH("Tekrar İzle",INDEX('Veri Merkezi'!$S$2:$S$1001,K5+1):'Veri Merkezi'!$S$1001,0),"")) -> 602
A7: =IF($K7="","",IFERROR(INDEX('Veri Merkezi'!$A$2:$A$1001,$K7),"")) -> GONCALO SOUSA | B7: =IF($K7="","",IFERROR(INDEX('Veri Merkezi'!$E$2:$E$1001,$K7),"")) -> Kanat | C7: =IF($K7="","",IFERROR(INDEX('Veri Merkezi'!$D$2:$D$1001,$K7),"")) -> 20 | D7: =IF($K7="","",IFERROR(INDEX('Veri Merkezi'!$F$2:$F$1001,$K7),"")) -> KOCAELİSPOR/PORTO | E7: =IF($K7="","",IFERROR(INDEX('Veri Merkezi'!$G$2:$G$1001,$K7),"")) -> 46568 | F7: =IF($K7="","",IFERROR(INDEX('Veri Merkezi'!$H$2:$H$1001,$K7),"")) -> Sarı | G7: =IF($K7="","",IFERROR(INDEX('Veri Merkezi'!$R$2:$R$1001,$K7),"")) | H7: =IF($K7="","",IFERROR(INDEX('Veri Merkezi'!$S$2:$S$1001,$K7),"")) -> Tekrar İzle | I7: =IF($K7="","",IFERROR(INDEX('Veri Merkezi'!$T$2:$T$1001,$K7),"")) | J7: =IF($K7="","",IFERROR(INDEX('Veri Merkezi'!$U$2:$U$1001,$K7),"")) -> Kanatlar | K7: =IF(K6="","",IFERROR(K6+MATCH("Tekrar İzle",INDEX('Veri Merkezi'!$S$2:$S$1001,K6+1):'Veri Merkezi'!$S$1001,0),"")) -> 704
A8: =IF($K8="","",IFERROR(INDEX('Veri Merkezi'!$A$2:$A$1001,$K8),"")) -> MIKAEL FELIPE VIANA | B8: =IF($K8="","",IFERROR(INDEX('Veri Merkezi'!$E$2:$E$1001,$K8),"")) -> Kanat | C8: =IF($K8="","",IFERROR(INDEX('Veri Merkezi'!$D$2:$D$1001,$K8),"")) -> 27 | D8: =IF($K8="","",IFERROR(INDEX('Veri Merkezi'!$F$2:$F$1001,$K8),"")) -> CLUBE DE REGATAS | E8: =IF($K8="","",IFERROR(INDEX('Veri Merkezi'!$G$2:$G$1001,$K8),"")) -> 46721 | F8: =IF($K8="","",IFERROR(INDEX('Veri Merkezi'!$H$2:$H$1001,$K8),"")) -> Sarı | G8: =IF($K8="","",IFERROR(INDEX('Veri Merkezi'!$R$2:$R$1001,$K8),"")) | H8: =IF($K8="","",IFERROR(INDEX('Veri Merkezi'!$S$2:$S$1001,$K8),"")) -> Tekrar İzle | I8: =IF($K8="","",IFERROR(INDEX('Veri Merkezi'!$T$2:$T$1001,$K8),"")) | J8: =IF($K8="","",IFERROR(INDEX('Veri Merkezi'!$U$2:$U$1001,$K8),"")) -> Kanatlar | K8: =IF(K7="","",IFERROR(K7+MATCH("Tekrar İzle",INDEX('Veri Merkezi'!$S$2:$S$1001,K7+1):'Veri Merkezi'!$S$1001,0),"")) -> 714
A9: =IF($K9="","",IFERROR(INDEX('Veri Merkezi'!$A$2:$A$1001,$K9),"")) -> JOVANE CABRAL | B9: =IF($K9="","",IFERROR(INDEX('Veri Merkezi'!$E$2:$E$1001,$K9),"")) -> Kanat | C9: =IF($K9="","",IFERROR(INDEX('Veri Merkezi'!$D$2:$D$1001,$K9),"")) -> 28 | D9: =IF($K9="","",IFERROR(INDEX('Veri Merkezi'!$F$2:$F$1001,$K9),"")) -> GREMIO | E9: =IF($K9="","",IFERROR(INDEX('Veri Merkezi'!$G$2:$G$1001,$K9),"")) -> 46752 | F9: =IF($K9="","",IFERROR(INDEX('Veri Merkezi'!$H$2:$H$1001,$K9),"")) -> Sarı | G9: =IF($K9="","",IFERROR(INDEX('Veri Merkezi'!$R$2:$R$1001,$K9),"")) | H9: =IF($K9="","",IFERROR(INDEX('Veri Merkezi'!$S$2:$S$1001,$K9),"")) -> Tekrar İzle | I9: =IF($K9="","",IFERROR(INDEX('Veri Merkezi'!$T$2:$T$1001,$K9),"")) | J9: =IF($K9="","",IFERROR(INDEX('Veri Merkezi'!$U$2:$U$1001,$K9),"")) -> Kanatlar | K9: =IF(K8="","",IFERROR(K8+MATCH("Tekrar İzle",INDEX('Veri Merkezi'!$S$2:$S$1001,K8+1):'Veri Merkezi'!$S$1001,0),"")) -> 715
A10: =IF($K10="","",IFERROR(INDEX('Veri Merkezi'!$A$2:$A$1001,$K10),"")) -> OSWIN APPOLLİS | B10: =IF($K10="","",IFERROR(INDEX('Veri Merkezi'!$E$2:$E$1001,$K10),"")) -> Kanat | C10: =IF($K10="","",IFERROR(INDEX('Veri Merkezi'!$D$2:$D$1001,$K10),"")) -> 25 | D10: =IF($K10="","",IFERROR(INDEX('Veri Merkezi'!$F$2:$F$1001,$K10),"")) -> PİRATES | E10: =IF($K10="","",IFERROR(INDEX('Veri Merkezi'!$G$2:$G$1001,$K10),"")) -> 46568 | F10: =IF($K10="","",IFERROR(INDEX('Veri Merkezi'!$H$2:$H$1001,$K10),"")) -> Sarı | G10: =IF($K10="","",IFERROR(INDEX('Veri Merkezi'!$R$2:$R$1001,$K10),"")) | H10: =IF($K10="","",IFERROR(INDEX('Veri Merkezi'!$S$2:$S$1001,$K10),"")) -> Tekrar İzle | I10: =IF($K10="","",IFERROR(INDEX('Veri Merkezi'!$T$2:$T$1001,$K10),"")) | J10: =IF($K10="","",IFERROR(INDEX('Veri Merkezi'!$U$2:$U$1001,$K10),"")) -> Kanatlar | K10: =IF(K9="","",IFERROR(K9+MATCH("Tekrar İzle",INDEX('Veri Merkezi'!$S$2:$S$1001,K9+1):'Veri Merkezi'!$S$1001,0),"")) -> 716
A11: =IF($K11="","",IFERROR(INDEX('Veri Merkezi'!$A$2:$A$1001,$K11),"")) -> MOHAMMAD MOHEBİ | B11: =IF($K11="","",IFERROR(INDEX('Veri Merkezi'!$E$2:$E$1001,$K11),"")) -> Kanat | C11: =IF($K11="","",IFERROR(INDEX('Veri Merkezi'!$D$2:$D$1001,$K11),"")) -> 27 | D11: =IF($K11="","",IFERROR(INDEX('Veri Merkezi'!$F$2:$F$1001,$K11),"")) -> HNK RIJEKA | E11: =IF($K11="","",IFERROR(INDEX('Veri Merkezi'!$G$2:$G$1001,$K11),"")) -> 46934 | F11: =IF($K11="","",IFERROR(INDEX('Veri Merkezi'!$H$2:$H$1001,$K11),"")) -> Sarı | G11: =IF($K11="","",IFERROR(INDEX('Veri Merkezi'!$R$2:$R$1001,$K11),"")) | H11: =IF($K11="","",IFERROR(INDEX('Veri Merkezi'!$S$2:$S$1001,$K11),"")) -> Tekrar İzle | I11: =IF($K11="","",IFERROR(INDEX('Veri Merkezi'!$T$2:$T$1001,$K11),"")) | J11: =IF($K11="","",IFERROR(INDEX('Veri Merkezi'!$U$2:$U$1001,$K11),"")) -> Kanatlar | K11: =IF(K10="","",IFERROR(K10+MATCH("Tekrar İzle",INDEX('Veri Merkezi'!$S$2:$S$1001,K10+1):'Veri Merkezi'!$S$1001,0),"")) -> 721
A12: =IF($K12="","",IFERROR(INDEX('Veri Merkezi'!$A$2:$A$1001,$K12),"")) -> BISMARK EDJEODJI | B12: =IF($K12="","",IFERROR(INDEX('Veri Merkezi'!$E$2:$E$1001,$K12),"")) -> Forvet | C12: =IF($K12="","",IFERROR(INDEX('Veri Merkezi'!$D$2:$D$1001,$K12),"")) -> 19 | D12: =IF($K12="","",IFERROR(INDEX('Veri Merkezi'!$F$2:$F$1001,$K12),"")) -> VEJLE | E12: =IF($K12="","",IFERROR(INDEX('Veri Merkezi'!$G$2:$G$1001,$K12),"")) -> 47664 | F12: =IF($K12="","",IFERROR(INDEX('Veri Merkezi'!$H$2:$H$1001,$K12),"")) -> Sarı | G12: =IF($K12="","",IFERROR(INDEX('Veri Merkezi'!$R$2:$R$1001,$K12),"")) | H12: =IF($K12="","",IFERROR(INDEX('Veri Merkezi'!$S$2:$S$1001,$K12),"")) -> Tekrar İzle | I12: =IF($K12="","",IFERROR(INDEX('Veri Merkezi'!$T$2:$T$1001,$K12),"")) | J12: =IF($K12="","",IFERROR(INDEX('Veri Merkezi'!$U$2:$U$1001,$K12),"")) -> Forvetler | K12: =IF(K11="","",IFERROR(K11+MATCH("Tekrar İzle",INDEX('Veri Merkezi'!$S$2:$S$1001,K11+1):'Veri Merkezi'!$S$1001,0),"")) -> 803
A13: =IF($K13="","",IFERROR(INDEX('Veri Merkezi'!$A$2:$A$1001,$K13),"")) -> MOCTAR DIOP | B13: =IF($K13="","",IFERROR(INDEX('Veri Merkezi'!$E$2:$E$1001,$K13),"")) -> Forvet | C13: =IF($K13="","",IFERROR(INDEX('Veri Merkezi'!$D$2:$D$1001,$K13),"")) -> 21 | D13: =IF($K13="","",IFERROR(INDEX('Veri Merkezi'!$F$2:$F$1001,$K13),"")) -> GENT II | E13: =IF($K13="","",IFERROR(INDEX('Veri Merkezi'!$G$2:$G$1001,$K13),"")) -> 47299 | F13: =IF($K13="","",IFERROR(INDEX('Veri Merkezi'!$H$2:$H$1001,$K13),"")) -> Kırmızı | G13: =IF($K13="","",IFERROR(INDEX('Veri Merkezi'!$R$2:$R$1001,$K13),"")) | H13: =IF($K13="","",IFERROR(INDEX('Veri Merkezi'!$S$2:$S$1001,$K13),"")) -> Tekrar İzle | I13: =IF($K13="","",IFERROR(INDEX('Veri Merkezi'!$T$2:$T$1001,$K13),"")) | J13: =IF($K13="","",IFERROR(INDEX('Veri Merkezi'!$U$2:$U$1001,$K13),"")) -> Forvetler | K13: =IF(K12="","",IFERROR(K12+MATCH("Tekrar İzle",INDEX('Veri Merkezi'!$S$2:$S$1001,K12+1):'Veri Merkezi'!$S$1001,0),"")) -> 807
A14: =IF($K14="","",IFERROR(INDEX('Veri Merkezi'!$A$2:$A$1001,$K14),"")) -> IKER BRAVO | B14: =IF($K14="","",IFERROR(INDEX('Veri Merkezi'!$E$2:$E$1001,$K14),"")) -> Forvet | C14: =IF($K14="","",IFERROR(INDEX('Veri Merkezi'!$D$2:$D$1001,$K14),"")) -> 21 | D14: =IF($K14="","",IFERROR(INDEX('Veri Merkezi'!$F$2:$F$1001,$K14),"")) -> WATFORD | E14: =IF($K14="","",IFERROR(INDEX('Veri Merkezi'!$G$2:$G$1001,$K14),"")) -> 46568 | F14: =IF($K14="","",IFERROR(INDEX('Veri Merkezi'!$H$2:$H$1001,$K14),"")) -> Sarı | G14: =IF($K14="","",IFERROR(INDEX('Veri Merkezi'!$R$2:$R$1001,$K14),"")) | H14: =IF($K14="","",IFERROR(INDEX('Veri Merkezi'!$S$2:$S$1001,$K14),"")) -> Tekrar İzle | I14: =IF($K14="","",IFERROR(INDEX('Veri Merkezi'!$T$2:$T$1001,$K14),"")) | J14: =IF($K14="","",IFERROR(INDEX('Veri Merkezi'!$U$2:$U$1001,$K14),"")) -> Forvetler | K14: =IF(K13="","",IFERROR(K13+MATCH("Tekrar İzle",INDEX('Veri Merkezi'!$S$2:$S$1001,K13+1):'Veri Merkezi'!$S$1001,0),"")) -> 809
A15: =IF($K15="","",IFERROR(INDEX('Veri Merkezi'!$A$2:$A$1001,$K15),"")) -> BRAYAN ALEXANDER GIL | B15: =IF($K15="","",IFERROR(INDEX('Veri Merkezi'!$E$2:$E$1001,$K15),"")) -> Forvet | C15: =IF($K15="","",IFERROR(INDEX('Veri Merkezi'!$D$2:$D$1001,$K15),"")) -> 25 | D15: =IF($K15="","",IFERROR(INDEX('Veri Merkezi'!$F$2:$F$1001,$K15),"")) -> BALTIKA | E15: =IF($K15="","",IFERROR(INDEX('Veri Merkezi'!$G$2:$G$1001,$K15),"")) -> 47269 | F15: =IF($K15="","",IFERROR(INDEX('Veri Merkezi'!$H$2:$H$1001,$K15),"")) -> Sarı | G15: =IF($K15="","",IFERROR(INDEX('Veri Merkezi'!$R$2:$R$1001,$K15),"")) | H15: =IF($K15="","",IFERROR(INDEX('Veri Merkezi'!$S$2:$S$1001,$K15),"")) -> Tekrar İzle | I15: =IF($K15="","",IFERROR(INDEX('Veri Merkezi'!$T$2:$T$1001,$K15),"")) | J15: =IF($K15="","",IFERROR(INDEX('Veri Merkezi'!$U$2:$U$1001,$K15),"")) -> Forvetler | K15: =IF(K14="","",IFERROR(K14+MATCH("Tekrar İzle",INDEX('Veri Merkezi'!$S$2:$S$1001,K14+1):'Veri Merkezi'!$S$1001,0),"")) -> 812
A16: =IF($K16="","",IFERROR(INDEX('Veri Merkezi'!$A$2:$A$1001,$K16),"")) -> SAMUEL ADENIRAN | B16: =IF($K16="","",IFERROR(INDEX('Veri Merkezi'!$E$2:$E$1001,$K16),"")) -> Forvet | C16: =IF($K16="","",IFERROR(INDEX('Veri Merkezi'!$D$2:$D$1001,$K16),"")) -> 28 | D16: =IF($K16="","",IFERROR(INDEX('Veri Merkezi'!$F$2:$F$1001,$K16),"")) -> LASK | E16: =IF($K16="","",IFERROR(INDEX('Veri Merkezi'!$G$2:$G$1001,$K16),"")) -> 46894 | F16: =IF($K16="","",IFERROR(INDEX('Veri Merkezi'!$H$2:$H$1001,$K16),"")) -> Sarı | G16: =IF($K16="","",IFERROR(INDEX('Veri Merkezi'!$R$2:$R$1001,$K16),"")) | H16: =IF($K16="","",IFERROR(INDEX('Veri Merkezi'!$S$2:$S$1001,$K16),"")) -> Tekrar İzle | I16: =IF($K16="","",IFERROR(INDEX('Veri Merkezi'!$T$2:$T$1001,$K16),"")) | J16: =IF($K16="","",IFERROR(INDEX('Veri Merkezi'!$U$2:$U$1001,$K16),"")) -> Forvetler | K16: =IF(K15="","",IFERROR(K15+MATCH("Tekrar İzle",INDEX('Veri Merkezi'!$S$2:$S$1001,K15+1):'Veri Merkezi'!$S$1001,0),"")) -> 816
... A250: =IF($K250="","",IFERROR(INDEX('Veri Merkezi'!$A$2:$A$1001,$K250),"")) | B250: =IF($K250="","",IFERROR(INDEX('Veri Merkezi'!$E$2:$E$1001,$K250),"")) | C250: =IF($K250="","",IFERROR(INDEX('Veri Merkezi'!$D$2:$D$1001,$K250),"")) | D250: =IF($K250="","",IFERROR(INDEX('Veri Merkezi'!$F$2:$F$1001,$K250),"")) | E250: =IF($K250="","",IFERROR(INDEX('Veri Merkezi'!$G$2:$G$1001,$K250),"")) | F250: =IF($K250="","",IFERROR(INDEX('Veri Merkezi'!$H$2:$H$1001,$K250),"")) | G250: =IF($K250="","",IFERROR(INDEX('Veri Merkezi'!$R$2:$R$1001,$K250),"")) | H250: =IF($K250="","",IFERROR(INDEX('Veri Merkezi'!$S$2:$S$1001,$K250),"")) | I250: =IF($K250="","",IFERROR(INDEX('Veri Merkezi'!$T$2:$T$1001,$K250),"")) | J250: =IF($K250="","",IFERROR(INDEX('Veri Merkezi'!$U$2:$U$1001,$K250),"")) | K250: =IF(K249="","",IFERROR(K249+MATCH("Tekrar İzle",INDEX('Veri Merkezi'!$S$2:$S$1001,K249+1):'Veri Merkezi'!$S$1001,0),""))

Sheet Kontenjan Futbolcular
A1: KONTENJAN FUTBOLCULAR
A3: Adı Soyadı | B3: Mevki | C3: Yaş | D3: Kulübü | E3: Sözleşme | F3: Durum | G3: Scout Skoru | H3: Karar | I3: Son İzlenme | J3: Kaynak Sayfa
A4: =IF($K4="","",IFERROR(INDEX('Veri Merkezi'!$A$2:$A$1001,$K4),"")) -> AHMED HADZIMUJOVIC | B4: =IF($K4="","",IFERROR(INDEX('Veri Merkezi'!$E$2:$E$1001,$K4),"")) -> Stoper | C4: =IF($K4="","",IFERROR(INDEX('Veri Merkezi'!$D$2:$D$1001,$K4),"")) -> 19 | D4: =IF($K4="","",IFERROR(INDEX('Veri Merkezi'!$F$2:$F$1001,$K4),"")) -> NOVI PAZAR | E4: =IF($K4="","",IFERROR(INDEX('Veri Merkezi'!$G$2:$G$1001,$K4),"")) -> 46568 | F4: =IF($K4="","",IFERROR(INDEX('Veri Merkezi'!$H$2:$H$1001,$K4),"")) -> Sarı | G4: =IF($K4="","",IFERROR(INDEX('Veri Merkezi'!$R$2:$R$1001,$K4),"")) | H4: =IF($K4="","",IFERROR(INDEX('Veri Merkezi'!$S$2:$S$1001,$K4),"")) -> Takip | I4: =IF($K4="","",IFERROR(INDEX('Veri Merkezi'!$T$2:$T$1001,$K4),"")) | J4: =IF($K4="","",IFERROR(INDEX('Veri Merkezi'!$U$2:$U$1001,$K4),"")) -> Stoperler | K4: =IFERROR(MATCH(ROWS($K$4:K4),'Veri Merkezi'!$X$2:$X$1001,0),"") -> 116
A5: =IF($K5="","",IFERROR(INDEX('Veri Merkezi'!$A$2:$A$1001,$K5),"")) -> NERMIN MUJKIC | B5: =IF($K5="","",IFERROR(INDEX('Veri Merkezi'!$E$2:$E$1001,$K5),"")) -> Stoper | C5: =IF($K5="","",IFERROR(INDEX('Veri Merkezi'!$D$2:$D$1001,$K5),"")) -> 22 | D5: =IF($K5="","",IFERROR(INDEX('Veri Merkezi'!$F$2:$F$1001,$K5),"")) -> AL-JAZIRA | E5: =IF($K5="","",IFERROR(INDEX('Veri Merkezi'!$G$2:$G$1001,$K5),"")) -> 46934 | F5: =IF($K5="","",IFERROR(INDEX('Veri Merkezi'!$H$2:$H$1001,$K5),"")) -> Kırmızı | G5: =IF($K5="","",IFERROR(INDEX('Veri Merkezi'!$R$2:$R$1001,$K5),"")) | H5: =IF($K5="","",IFERROR(INDEX('Veri Merkezi'!$S$2:$S$1001,$K5),"")) -> Ele | I5: =IF($K5="","",IFERROR(INDEX('Veri Merkezi'!$T$2:$T$1001,$K5),"")) | J5: =IF($K5="","",IFERROR(INDEX('Veri Merkezi'!$U$2:$U$1001,$K5),"")) -> Stoperler | K5: =IFERROR(MATCH(ROWS($K$4:K5),'Veri Merkezi'!$X$2:$X$1001,0),"") -> 118
A6: =IF($K6="","",IFERROR(INDEX('Veri Merkezi'!$A$2:$A$1001,$K6),"")) -> MARIO TUDOSE | B6: =IF($K6="","",IFERROR(INDEX('Veri Merkezi'!$E$2:$E$1001,$K6),"")) -> Stoper | C6: =IF($K6="","",IFERROR(INDEX('Veri Merkezi'!$D$2:$D$1001,$K6),"")) -> 21 | D6: =IF($K6="","",IFERROR(INDEX('Veri Merkezi'!$F$2:$F$1001,$K6),"")) -> FC ARGES | E6: =IF($K6="","",IFERROR(INDEX('Veri Merkezi'!$G$2:$G$1001,$K6),"")) -> 47289 | F6: =IF($K6="","",IFERROR(INDEX('Veri Merkezi'!$H$2:$H$1001,$K6),"")) -> Sarı | G6: =IF($K6="","",IFERROR(INDEX('Veri Merkezi'!$R$2:$R$1001,$K6),"")) | H6: =IF($K6="","",IFERROR(INDEX('Veri Merkezi'!$S$2:$S$1001,$K6),"")) -> Takip | I6: =IF($K6="","",IFERROR(INDEX('Veri Merkezi'!$T$2:$T$1001,$K6),"")) | J6: =IF($K6="","",IFERROR(INDEX('Veri Merkezi'!$U$2:$U$1001,$K6),"")) -> Stoperler | K6: =IFERROR(MATCH(ROWS($K$4:K6),'Veri Merkezi'!$X$2:$X$1001,0),"") -> 119
A7: =IF($K7="","",IFERROR(INDEX('Veri Merkezi'!$A$2:$A$1001,$K7),"")) -> GIVANNI VAN ZWAM | B7: =IF($K7="","",IFERROR(INDEX('Veri Merkezi'!$E$2:$E$1001,$K7),"")) -> Stoper | C7: =IF($K7="","",IFERROR(INDEX('Veri Merkezi'!$D$2:$D$1001,$K7),"")) -> 22 | D7: =IF($K7="","",IFERROR(INDEX('Veri Merkezi'!$F$2:$F$1001,$K7),"")) -> GO AHEAD | E7: =IF($K7="","",IFERROR(INDEX('Veri Merkezi'!$G$2:$G$1001,$K7),"")) -> 46568 | F7: =IF($K7="","",IFERROR(INDEX('Veri Merkezi'!$H$2:$H$1001,$K7),"")) -> Sarı | G7: =IF($K7="","",IFERROR(INDEX('Veri Merkezi'!$R$2:$R$1001,$K7),"")) | H7: =IF($K7="","",IFERROR(INDEX('Veri Merkezi'!$S$2:$S$1001,$K7),"")) -> B Liste | I7: =IF($K7="","",IFERROR(INDEX('Veri Merkezi'!$T$2:$T$1001,$K7),"")) | J7: =IF($K7="","",IFERROR(INDEX('Veri Merkezi'!$U$2:$U$1001,$K7),"")) -> Stoperler | K7: =IFERROR(MATCH(ROWS($K$4:K7),'Veri Merkezi'!$X$2:$X$1001,0),"") -> 121
A8: =IF($K8="","",IFERROR(INDEX('Veri Merkezi'!$A$2:$A$1001,$K8),"")) -> CHECK KEITA | B8: =IF($K8="","",IFERROR(INDEX('Veri Merkezi'!$E$2:$E$1001,$K8),"")) -> Stoper | C8: =IF($K8="","",IFERROR(INDEX('Veri Merkezi'!$D$2:$D$1001,$K8),"")) -> 23 | D8: =IF($K8="","",IFERROR(INDEX('Veri Merkezi'!$F$2:$F$1001,$K8),"")) -> ROYAL CHARLEROI SC | E8: =IF($K8="","",IFERROR(INDEX('Veri Merkezi'!$G$2:$G$1001,$K8),"")) -> 46568 | F8: =IF($K8="","",IFERROR(INDEX('Veri Merkezi'!$H$2:$H$1001,$K8),"")) -> Sarı | G8: =IF($K8="","",IFERROR(INDEX('Veri Merkezi'!$R$2:$R$1001,$K8),"")) | H8: =IF($K8="","",IFERROR(INDEX('Veri Merkezi'!$S$2:$S$1001,$K8),"")) -> Takip | I8: =IF($K8="","",IFERROR(INDEX('Veri Merkezi'!$T$2:$T$1001,$K8),"")) | J8: =IF($K8="","",IFERROR(INDEX('Veri Merkezi'!$U$2:$U$1001,$K8),"")) -> Stoperler | K8: =IFERROR(MATCH(ROWS($K$4:K8),'Veri Merkezi'!$X$2:$X$1001,0),"") -> 123
A9: =IF($K9="","",IFERROR(INDEX('Veri Merkezi'!$A$2:$A$1001,$K9),"")) -> GIOVANNI VAN ZWAM | B9: =IF($K9="","",IFERROR(INDEX('Veri Merkezi'!$E$2:$E$1001,$K9),"")) -> Stoper | C9: =IF($K9="","",IFERROR(INDEX('Veri Merkezi'!$D$2:$D$1001,$K9),"")) -> 22 | D9: =IF($K9="","",IFERROR(INDEX('Veri Merkezi'!$F$2:$F$1001,$K9),"")) -> GO AHEAD EAGLES | E9: =IF($K9="","",IFERROR(INDEX('Veri Merkezi'!$G$2:$G$1001,$K9),"")) -> 46568 | F9: =IF($K9="","",IFERROR(INDEX('Veri Merkezi'!$H$2:$H$1001,$K9),"")) -> Sarı | G9: =IF($K9="","",IFERROR(INDEX('Veri Merkezi'!$R$2:$R$1001,$K9),"")) | H9: =IF($K9="","",IFERROR(INDEX('Veri Merkezi'!$S$2:$S$1001,$K9),"")) -> Takip | I9: =IF($K9="","",IFERROR(INDEX('Veri Merkezi'!$T$2:$T$1001,$K9),"")) | J9: =IF($K9="","",IFERROR(INDEX('Veri Merkezi'!$U$2:$U$1001,$K9),"")) -> Stoperler | K9: =IFERROR(MATCH(ROWS($K$4:K9),'Veri Merkezi'!$X$2:$X$1001,0),"") -> 124
A10: =IF($K10="","",IFERROR(INDEX('Veri Merkezi'!$A$2:$A$1001,$K10),"")) -> ISAI VALLADARES | B10: =IF($K10="","",IFERROR(INDEX('Veri Merkezi'!$E$2:$E$1001,$K10),"")) -> Sağ Bek | C10: =IF($K10="","",IFERROR(INDEX('Veri Merkezi'!$D$2:$D$1001,$K10),"")) -> 21 | D10: =IF($K10="","",IFERROR(INDEX('Veri Merkezi'!$F$2:$F$1001,$K10),"")) -> ZAMORA | E10: =IF($K10="","",IFERROR(INDEX('Veri Merkezi'!$G$2:$G$1001,$K10),"")) -> 46752 | F10: =IF($K10="","",IFERROR(INDEX('Veri Merkezi'!$H$2:$H$1001,$K10),"")) -> Kırmızı | G10: =IF($K10="","",IFERROR(INDEX('Veri Merkezi'!$R$2:$R$1001,$K10),"")) | H10: =IF($K10="","",IFERROR(INDEX('Veri Merkezi'!$S$2:$S$1001,$K10),"")) -> Ele | I10: =IF($K10="","",IFERROR(INDEX('Veri Merkezi'!$T$2:$T$1001,$K10),"")) | J10: =IF($K10="","",IFERROR(INDEX('Veri Merkezi'!$U$2:$U$1001,$K10),"")) -> Sağ Bekler | K10: =IFERROR(MATCH(ROWS($K$4:K10),'Veri Merkezi'!$X$2:$X$1001,0),"") -> 202
A11: =IF($K11="","",IFERROR(INDEX('Veri Merkezi'!$A$2:$A$1001,$K11),"")) -> LIVANO COMENENCIA | B11: =IF($K11="","",IFERROR(INDEX('Veri Merkezi'!$E$2:$E$1001,$K11),"")) -> Sağ Bek | C11: =IF($K11="","",IFERROR(INDEX('Veri Merkezi'!$D$2:$D$1001,$K11),"")) -> 22 | D11: =IF($K11="","",IFERROR(INDEX('Veri Merkezi'!$F$2:$F$1001,$K11),"")) -> FC ZÜRICH | E11: =IF($K11="","",IFERROR(INDEX('Veri Merkezi'!$G$2:$G$1001,$K11),"")) -> 47299 | F11: =IF($K11="","",IFERROR(INDEX('Veri Merkezi'!$H$2:$H$1001,$K11),"")) | G11: =IF($K11="","",IFERROR(INDEX('Veri Merkezi'!$R$2:$R$1001,$K11),"")) | H11: =IF($K11="","",IFERROR(INDEX('Veri Merkezi'!$S$2:$S$1001,$K11),"")) | I11: =IF($K11="","",IFERROR(INDEX('Veri Merkezi'!$T$2:$T$1001,$K11),"")) | J11: =IF($K11="","",IFERROR(INDEX('Veri Merkezi'!$U$2:$U$1001,$K11),"")) -> Sağ Bekler | K11: =IFERROR(MATCH(ROWS($K$4:K11),'Veri Merkezi'!$X$2:$X$1001,0),"") -> 205
A12: =IF($K12="","",IFERROR(INDEX('Veri Merkezi'!$A$2:$A$1001,$K12),"")) -> LÉO DERIK | B12: =IF($K12="","",IFERROR(INDEX('Veri Merkezi'!$E$2:$E$1001,$K12),"")) -> Sol Bek | C12: =IF($K12="","",IFERROR(INDEX('Veri Merkezi'!$D$2:$D$1001,$K12),"")) -> 21 | D12: =IF($K12="","",IFERROR(INDEX('Veri Merkezi'!$F$2:$F$1001,$K12),"")) -> ATHLETICO PARANAENSE | E12: =IF($K12="","",IFERROR(INDEX('Veri Merkezi'!$G$2:$G$1001,$K12),"")) -> 47483 | F12: =IF($K12="","",IFERROR(INDEX('Veri Merkezi'!$H$2:$H$1001,$K12),"")) | G12: =IF($K12="","",IFERROR(INDEX('Veri Merkezi'!$R$2:$R$1001,$K12),"")) | H12: =IF($K12="","",IFERROR(INDEX('Veri Merkezi'!$S$2:$S$1001,$K12),"")) | I12: =IF($K12="","",IFERROR(INDEX('Veri Merkezi'!$T$2:$T$1001,$K12),"")) | J12: =IF($K12="","",IFERROR(INDEX('Veri Merkezi'!$U$2:$U$1001,$K12),"")) -> Sol Bekler | K12: =IFERROR(MATCH(ROWS($K$4:K12),'Veri Merkezi'!$X$2:$X$1001,0),"") -> 307
A13: =IF($K13="","",IFERROR(INDEX('Veri Merkezi'!$A$2:$A$1001,$K13),"")) -> YUSSIF SAIDU | B13: =IF($K13="","",IFERROR(INDEX('Veri Merkezi'!$E$2:$E$1001,$K13),"")) -> 6 Numara | C13: =IF($K13="","",IFERROR(INDEX('Veri Merkezi'!$D$2:$D$1001,$K13),"")) -> 21 | D13: =IF($K13="","",IFERROR(INDEX('Veri Merkezi'!$F$2:$F$1001,$K13),"")) -> REAL ZARAGOZA | E13: =IF($K13="","",IFERROR(INDEX('Veri Merkezi'!$G$2:$G$1001,$K13),"")) -> 47664 | F13: =IF($K13="","",IFERROR(INDEX('Veri Merkezi'!$H$2:$H$1001,$K13),"")) -> Sarı | G13: =IF($K13="","",IFERROR(INDEX('Veri Merkezi'!$R$2:$R$1001,$K13),"")) | H13: =IF($K13="","",IFERROR(INDEX('Veri Merkezi'!$S$2:$S$1001,$K13),"")) -> B Liste | I13: =IF($K13="","",IFERROR(INDEX('Veri Merkezi'!$T$2:$T$1001,$K13),"")) | J13: =IF($K13="","",IFERROR(INDEX('Veri Merkezi'!$U$2:$U$1001,$K13),"")) -> 6 Numaralar | K13: =IFERROR(MATCH(ROWS($K$4:K13),'Veri Merkezi'!$X$2:$X$1001,0),"") -> 402
A14: =IF($K14="","",IFERROR(INDEX('Veri Merkezi'!$A$2:$A$1001,$K14),"")) -> LUCA REGIARDO | B14: =IF($K14="","",IFERROR(INDEX('Veri Merkezi'!$E$2:$E$1001,$K14),"")) -> 6 Numara | C14: =IF($K14="","",IFERROR(INDEX('Veri Merkezi'!$D$2:$D$1001,$K14),"")) -> 19 | D14: =IF($K14="","",IFERROR(INDEX('Veri Merkezi'!$F$2:$F$1001,$K14),"")) -> NEWELL'S | E14: =IF($K14="","",IFERROR(INDEX('Veri Merkezi'!$G$2:$G$1001,$K14),"")) -> 47483 | F14: =IF($K14="","",IFERROR(INDEX('Veri Merkezi'!$H$2:$H$1001,$K14),"")) -> Yeşil | G14: =IF($K14="","",IFERROR(INDEX('Veri Merkezi'!$R$2:$R$1001,$K14),"")) | H14: =IF($K14="","",IFERROR(INDEX('Veri Merkezi'!$S$2:$S$1001,$K14),"")) -> Takip | I14: =IF($K14="","",IFERROR(INDEX('Veri Merkezi'!$T$2:$T$1001,$K14),"")) | J14: =IF($K14="","",IFERROR(INDEX('Veri Merkezi'!$U$2:$U$1001,$K14),"")) -> 6 Numaralar | K14: =IFERROR(MATCH(ROWS($K$4:K14),'Veri Merkezi'!$X$2:$X$1001,0),"") -> 403
A15: =IF($K15="","",IFERROR(INDEX('Veri Merkezi'!$A$2:$A$1001,$K15),"")) -> CHARLYS MATHEUS LİMA | B15: =IF($K15="","",IFERROR(INDEX('Veri Merkezi'!$E$2:$E$1001,$K15),"")) -> 6 Numara | C15: =IF($K15="","",IFERROR(INDEX('Veri Merkezi'!$D$2:$D$1001,$K15),"")) -> 22 | D15: =IF($K15="","",IFERROR(INDEX('Veri Merkezi'!$F$2:$F$1001,$K15),"")) -> İNTER | E15: =IF($K15="","",IFERROR(INDEX('Veri Merkezi'!$G$2:$G$1001,$K15),"")) -> 46568 | F15: =IF($K15="","",IFERROR(INDEX('Veri Merkezi'!$H$2:$H$1001,$K15),"")) -> Sarı | G15: =IF($K15="","",IFERROR(INDEX('Veri Merkezi'!$R$2:$R$1001,$K15),"")) | H15: =IF($K15="","",IFERROR(INDEX('Veri Merkezi'!$S$2:$S$1001,$K15),"")) -> Takip | I15: =IF($K15="","",IFERROR(INDEX('Veri Merkezi'!$T$2:$T$1001,$K15),"")) | J15: =IF($K15="","",IFERROR(INDEX('Veri Merkezi'!$U$2:$U$1001,$K15),"")) -> 6 Numaralar | K15: =IFERROR(MATCH(ROWS($K$4:K15),'Veri Merkezi'!$X$2:$X$1001,0),"") -> 408
... A250: =IF($K250="","",IFERROR(INDEX('Veri Merkezi'!$A$2:$A$1001,$K250),"")) | B250: =IF($K250="","",IFERROR(INDEX('Veri Merkezi'!$E$2:$E$1001,$K250),"")) | C250: =IF($K250="","",IFERROR(INDEX('Veri Merkezi'!$D$2:$D$1001,$K250),"")) | D250: =IF($K250="","",IFERROR(INDEX('Veri Merkezi'!$F$2:$F$1001,$K250),"")) | E250: =IF($K250="","",IFERROR(INDEX('Veri Merkezi'!$G$2:$G$1001,$K250),"")) | F250: =IF($K250="","",IFERROR(INDEX('Veri Merkezi'!$H$2:$H$1001,$K250),"")) | G250: =IF($K250="","",IFERROR(INDEX('Veri Merkezi'!$R$2:$R$1001,$K250),"")) | H250: =IF($K250="","",IFERROR(INDEX('Veri Merkezi'!$S$2:$S$1001,$K250),"")) | I250: =IF($K250="","",IFERROR(INDEX('Veri Merkezi'!$T$2:$T$1001,$K250),"")) | J250: =IF($K250="","",IFERROR(INDEX('Veri Merkezi'!$U$2:$U$1001,$K250),"")) | K250: =IFERROR(MATCH(ROWS($K$4:K250),'Veri Merkezi'!$X$2:$X$1001,0),"")

Sheet Sözleşmesi Bitenler
A1: SÖZLEŞMESİ BİTENLER | TEK LİSTE • 12 AYLIK OTOMATİK TAKİP
A3: Sıra | B3: Adı Soyadı | C3: Mevki | D3: Yaş | E3: Kulübü | F3: Sözleşme Bitiş | G3: Kalan Gün | H3: Durum | I3: Scout Skoru | J3: Karar | K3: Kaynak Sayfa
A4: =IF($L4="","",ROWS($A$4:A4)) -> 1 | B4: =IF($L4="","",INDEX('Veri Merkezi'!$A$2:$A$1001,$L4)) -> WELLITON | C4: =IF($L4="","",INDEX('Veri Merkezi'!$E$2:$E$1001,$L4)) -> Kanat | D4: =IF($L4="","",INDEX('Veri Merkezi'!$D$2:$D$1001,$L4)) -> 26 | E4: =IF($L4="","",INDEX('Veri Merkezi'!$F$2:$F$1001,$L4)) -> FORTALEZA | F4: =IF($L4="","",INDEX('Veri Merkezi'!$G$2:$G$1001,$L4)) -> 46356 | G4: =IF(F4="","",F4-TODAY()) -> 55 | H4: =IF($L4="","",INDEX('Veri Merkezi'!$H$2:$H$1001,$L4)) | I4: =IF($L4="","",INDEX('Veri Merkezi'!$R$2:$R$1001,$L4)) | J4: =IF($L4="","",INDEX('Veri Merkezi'!$S$2:$S$1001,$L4)) | K4: =IF($L4="","",INDEX('Veri Merkezi'!$U$2:$U$1001,$L4)) -> Kanatlar | L4: =IFERROR(MATCH(ROWS($L$4:L4),'Veri Merkezi'!$W$2:$W$1001,0),"") -> 751
A5: =IF($L5="","",ROWS($A$4:A5)) -> 2 | B5: =IF($L5="","",INDEX('Veri Merkezi'!$A$2:$A$1001,$L5)) -> FILIP AKDEMIR | C5: =IF($L5="","",INDEX('Veri Merkezi'!$E$2:$E$1001,$L5)) -> Forvet | D5: =IF($L5="","",INDEX('Veri Merkezi'!$D$2:$D$1001,$L5)) -> 21 | E5: =IF($L5="","",INDEX('Veri Merkezi'!$F$2:$F$1001,$L5)) -> LUNDS BK | F5: =IF($L5="","",INDEX('Veri Merkezi'!$G$2:$G$1001,$L5)) -> 46356 | G5: =IF(F5="","",F5-TODAY()) -> 55 | H5: =IF($L5="","",INDEX('Veri Merkezi'!$H$2:$H$1001,$L5)) -> Sarı | I5: =IF($L5="","",INDEX('Veri Merkezi'!$R$2:$R$1001,$L5)) | J5: =IF($L5="","",INDEX('Veri Merkezi'!$S$2:$S$1001,$L5)) -> Takip | K5: =IF($L5="","",INDEX('Veri Merkezi'!$U$2:$U$1001,$L5)) -> Forvetler | L5: =IFERROR(MATCH(ROWS($L$4:L5),'Veri Merkezi'!$W$2:$W$1001,0),"") -> 801
A6: =IF($L6="","",ROWS($A$4:A6)) -> 3 | B6: =IF($L6="","",INDEX('Veri Merkezi'!$A$2:$A$1001,$L6)) -> ZE IVALDO | C6: =IF($L6="","",INDEX('Veri Merkezi'!$E$2:$E$1001,$L6)) -> Stoper | D6: =IF($L6="","",INDEX('Veri Merkezi'!$D$2:$D$1001,$L6)) -> 29 | E6: =IF($L6="","",INDEX('Veri Merkezi'!$F$2:$F$1001,$L6)) -> REMO | F6: =IF($L6="","",INDEX('Veri Merkezi'!$G$2:$G$1001,$L6)) -> 46387 | G6: =IF(F6="","",F6-TODAY()) -> 86 | H6: =IF($L6="","",INDEX('Veri Merkezi'!$H$2:$H$1001,$L6)) -> Sarı | I6: =IF($L6="","",INDEX('Veri Merkezi'!$R$2:$R$1001,$L6)) | J6: =IF($L6="","",INDEX('Veri Merkezi'!$S$2:$S$1001,$L6)) -> Tekrar İzle | K6: =IF($L6="","",INDEX('Veri Merkezi'!$U$2:$U$1001,$L6)) -> Stoperler | L6: =IFERROR(MATCH(ROWS($L$4:L6),'Veri Merkezi'!$W$2:$W$1001,0),"") -> 104
A7: =IF($L7="","",ROWS($A$4:A7)) -> 4 | B7: =IF($L7="","",INDEX('Veri Merkezi'!$A$2:$A$1001,$L7)) -> PEDRO HENRIQUE | C7: =IF($L7="","",INDEX('Veri Merkezi'!$E$2:$E$1001,$L7)) -> Stoper | D7: =IF($L7="","",INDEX('Veri Merkezi'!$D$2:$D$1001,$L7)) -> 31 | E7: =IF($L7="","",INDEX('Veri Merkezi'!$F$2:$F$1001,$L7)) -> RB BRAGANTINO | F7: =IF($L7="","",INDEX('Veri Merkezi'!$G$2:$G$1001,$L7)) -> 46387 | G7: =IF(F7="","",F7-TODAY()) -> 86 | H7: =IF($L7="","",INDEX('Veri Merkezi'!$H$2:$H$1001,$L7)) | I7: =IF($L7="","",INDEX('Veri Merkezi'!$R$2:$R$1001,$L7)) | J7: =IF($L7="","",INDEX('Veri Merkezi'!$S$2:$S$1001,$L7)) | K7: =IF($L7="","",INDEX('Veri Merkezi'!$U$2:$U$1001,$L7)) -> Stoperler | L7: =IFERROR(MATCH(ROWS($L$4:L7),'Veri Merkezi'!$W$2:$W$1001,0),"") -> 130
A8: =IF($L8="","",ROWS($A$4:A8)) -> 5 | B8: =IF($L8="","",INDEX('Veri Merkezi'!$A$2:$A$1001,$L8)) -> RODRIGO INSUA | C8: =IF($L8="","",INDEX('Veri Merkezi'!$E$2:$E$1001,$L8)) -> Sol Bek | D8: =IF($L8="","",INDEX('Veri Merkezi'!$D$2:$D$1001,$L8)) -> 28 | E8: =IF($L8="","",INDEX('Veri Merkezi'!$F$2:$F$1001,$L8)) -> BARRACAS | F8: =IF($L8="","",INDEX('Veri Merkezi'!$G$2:$G$1001,$L8)) -> 46387 | G8: =IF(F8="","",F8-TODAY()) -> 86 | H8: =IF($L8="","",INDEX('Veri Merkezi'!$H$2:$H$1001,$L8)) -> Kırmızı | I8: =IF($L8="","",INDEX('Veri Merkezi'!$R$2:$R$1001,$L8)) | J8: =IF($L8="","",INDEX('Veri Merkezi'!$S$2:$S$1001,$L8)) -> Ele | K8: =IF($L8="","",INDEX('Veri Merkezi'!$U$2:$U$1001,$L8)) -> Sol Bekler | L8: =IFERROR(MATCH(ROWS($L$4:L8),'Veri Merkezi'!$W$2:$W$1001,0),"") -> 304
A9: =IF($L9="","",ROWS($A$4:A9)) -> 6 | B9: =IF($L9="","",INDEX('Veri Merkezi'!$A$2:$A$1001,$L9)) -> MONCHU | C9: =IF($L9="","",INDEX('Veri Merkezi'!$E$2:$E$1001,$L9)) -> 8 Numara | D9: =IF($L9="","",INDEX('Veri Merkezi'!$D$2:$D$1001,$L9)) -> 27 | E9: =IF($L9="","",INDEX('Veri Merkezi'!$F$2:$F$1001,$L9)) -> FC JUAREZ | F9: =IF($L9="","",INDEX('Veri Merkezi'!$G$2:$G$1001,$L9)) -> 46387 | G9: =IF(F9="","",F9-TODAY()) -> 86 | H9: =IF($L9="","",INDEX('Veri Merkezi'!$H$2:$H$1001,$L9)) -> Yeşil | I9: =IF($L9="","",INDEX('Veri Merkezi'!$R$2:$R$1001,$L9)) | J9: =IF($L9="","",INDEX('Veri Merkezi'!$S$2:$S$1001,$L9)) -> A Liste | K9: =IF($L9="","",INDEX('Veri Merkezi'!$U$2:$U$1001,$L9)) -> 8 Numaralar | L9: =IFERROR(MATCH(ROWS($L$4:L9),'Veri Merkezi'!$W$2:$W$1001,0),"") -> 506
A10: =IF($L10="","",ROWS($A$4:A10)) -> 7 | B10: =IF($L10="","",INDEX('Veri Merkezi'!$A$2:$A$1001,$L10)) -> JIN-GYU KIM | C10: =IF($L10="","",INDEX('Veri Merkezi'!$E$2:$E$1001,$L10)) -> 8 Numara | D10: =IF($L10="","",INDEX('Veri Merkezi'!$D$2:$D$1001,$L10)) -> 29 | E10: =IF($L10="","",INDEX('Veri Merkezi'!$F$2:$F$1001,$L10)) -> JEONBUK HYUNDAI | F10: =IF($L10="","",INDEX('Veri Merkezi'!$G$2:$G$1001,$L10)) -> 46387 | G10: =IF(F10="","",F10-TODAY()) -> 86 | H10: =IF($L10="","",INDEX('Veri Merkezi'!$H$2:$H$1001,$L10)) | I10: =IF($L10="","",INDEX('Veri Merkezi'!$R$2:$R$1001,$L10)) | J10: =IF($L10="","",INDEX('Veri Merkezi'!$S$2:$S$1001,$L10)) | K10: =IF($L10="","",INDEX('Veri Merkezi'!$U$2:$U$1001,$L10)) -> 8 Numaralar | L10: =IFERROR(MATCH(ROWS($L$4:L10),'Veri Merkezi'!$W$2:$W$1001,0),"") -> 522
A11: =IF($L11="","",ROWS($A$4:A11)) -> 8 | B11: =IF($L11="","",INDEX('Veri Merkezi'!$A$2:$A$1001,$L11)) -> ALEHANDRO MARTINEZ | C11: =IF($L11="","",INDEX('Veri Merkezi'!$E$2:$E$1001,$L11)) -> Kanat | D11: =IF($L11="","",INDEX('Veri Merkezi'!$D$2:$D$1001,$L11)) -> 30 | E11: =IF($L11="","",INDEX('Veri Merkezi'!$F$2:$F$1001,$L11)) -> NACIONAL | F11: =IF($L11="","",INDEX('Veri Merkezi'!$G$2:$G$1001,$L11)) -> 46387 | G11: =IF(F11="","",F11-TODAY()) -> 86 | H11: =IF($L11="","",INDEX('Veri Merkezi'!$H$2:$H$1001,$L11)) -> Kırmızı | I11: =IF($L11="","",INDEX('Veri Merkezi'!$R$2:$R$1001,$L11)) | J11: =IF($L11="","",INDEX('Veri Merkezi'!$S$2:$S$1001,$L11)) -> Ele | K11: =IF($L11="","",INDEX('Veri Merkezi'!$U$2:$U$1001,$L11)) -> Kanatlar | L11: =IFERROR(MATCH(ROWS($L$4:L11),'Veri Merkezi'!$W$2:$W$1001,0),"") -> 702
A12: =IF($L12="","",ROWS($A$4:A12)) -> 9 | B12: =IF($L12="","",INDEX('Veri Merkezi'!$A$2:$A$1001,$L12)) -> WILLIAN | C12: =IF($L12="","",INDEX('Veri Merkezi'!$E$2:$E$1001,$L12)) -> Kanat | D12: =IF($L12="","",INDEX('Veri Merkezi'!$D$2:$D$1001,$L12)) -> 38 | E12: =IF($L12="","",INDEX('Veri Merkezi'!$F$2:$F$1001,$L12)) -> GRÊMIO | F12: =IF($L12="","",INDEX('Veri Merkezi'!$G$2:$G$1001,$L12)) -> 46387 | G12: =IF(F12="","",F12-TODAY()) -> 86 | H12: =IF($L12="","",INDEX('Veri Merkezi'!$H$2:$H$1001,$L12)) | I12: =IF($L12="","",INDEX('Veri Merkezi'!$R$2:$R$1001,$L12)) | J12: =IF($L12="","",INDEX('Veri Merkezi'!$S$2:$S$1001,$L12)) | K12: =IF($L12="","",INDEX('Veri Merkezi'!$U$2:$U$1001,$L12)) -> Kanatlar | L12: =IFERROR(MATCH(ROWS($L$4:L12),'Veri Merkezi'!$W$2:$W$1001,0),"") -> 732
A13: =IF($L13="","",ROWS($A$4:A13)) -> 10 | B13: =IF($L13="","",INDEX('Veri Merkezi'!$A$2:$A$1001,$L13)) -> VITINHO | C13: =IF($L13="","",INDEX('Veri Merkezi'!$E$2:$E$1001,$L13)) -> Kanat | D13: =IF($L13="","",INDEX('Veri Merkezi'!$D$2:$D$1001,$L13)) -> 32 | E13: =IF($L13="","",INDEX('Veri Merkezi'!$F$2:$F$1001,$L13)) -> CORINTHIANS | F13: =IF($L13="","",INDEX('Veri Merkezi'!$G$2:$G$1001,$L13)) -> 46387 | G13: =IF(F13="","",F13-TODAY()) -> 86 | H13: =IF($L13="","",INDEX('Veri Merkezi'!$H$2:$H$1001,$L13)) | I13: =IF($L13="","",INDEX('Veri Merkezi'!$R$2:$R$1001,$L13)) | J13: =IF($L13="","",INDEX('Veri Merkezi'!$S$2:$S$1001,$L13)) | K13: =IF($L13="","",INDEX('Veri Merkezi'!$U$2:$U$1001,$L13)) -> Kanatlar | L13: =IFERROR(MATCH(ROWS($L$4:L13),'Veri Merkezi'!$W$2:$W$1001,0),"") -> 733
A14: =IF($L14="","",ROWS($A$4:A14)) -> 11 | B14: =IF($L14="","",INDEX('Veri Merkezi'!$A$2:$A$1001,$L14)) -> MARCOS PAULO | C14: =IF($L14="","",INDEX('Veri Merkezi'!$E$2:$E$1001,$L14)) -> Kanat | D14: =IF($L14="","",INDEX('Veri Merkezi'!$D$2:$D$1001,$L14)) -> 25 | E14: =IF($L14="","",INDEX('Veri Merkezi'!$F$2:$F$1001,$L14)) -> JUVENTUDE | F14: =IF($L14="","",INDEX('Veri Merkezi'!$G$2:$G$1001,$L14)) -> 46387 | G14: =IF(F14="","",F14-TODAY()) -> 86 | H14: =IF($L14="","",INDEX('Veri Merkezi'!$H$2:$H$1001,$L14)) | I14: =IF($L14="","",INDEX('Veri Merkezi'!$R$2:$R$1001,$L14)) | J14: =IF($L14="","",INDEX('Veri Merkezi'!$S$2:$S$1001,$L14)) | K14: =IF($L14="","",INDEX('Veri Merkezi'!$U$2:$U$1001,$L14)) -> Kanatlar | L14: =IFERROR(MATCH(ROWS($L$4:L14),'Veri Merkezi'!$W$2:$W$1001,0),"") -> 749
A15: =IF($L15="","",ROWS($A$4:A15)) -> 12 | B15: =IF($L15="","",INDEX('Veri Merkezi'!$A$2:$A$1001,$L15)) -> JAMINTON CAMPAZ | C15: =IF($L15="","",INDEX('Veri Merkezi'!$E$2:$E$1001,$L15)) -> Kanat | D15: =IF($L15="","",INDEX('Veri Merkezi'!$D$2:$D$1001,$L15)) -> 26 | E15: =IF($L15="","",INDEX('Veri Merkezi'!$F$2:$F$1001,$L15)) -> ROSARIO CENTRAL | F15: =IF($L15="","",INDEX('Veri Merkezi'!$G$2:$G$1001,$L15)) -> 46387 | G15: =IF(F15="","",F15-TODAY()) -> 86 | H15: =IF($L15="","",INDEX('Veri Merkezi'!$H$2:$H$1001,$L15)) | I15: =IF($L15="","",INDEX('Veri Merkezi'!$R$2:$R$1001,$L15)) | J15: =IF($L15="","",INDEX('Veri Merkezi'!$S$2:$S$1001,$L15)) | K15: =IF($L15="","",INDEX('Veri Merkezi'!$U$2:$U$1001,$L15)) -> Kanatlar | L15: =IFERROR(MATCH(ROWS($L$4:L15),'Veri Merkezi'!$W$2:$W$1001,0),"") -> 789
... A103: =IF($L103="","",ROWS($A$4:A103)) | B103: =IF($L103="","",INDEX('Veri Merkezi'!$A$2:$A$1001,$L103)) | C103: =IF($L103="","",INDEX('Veri Merkezi'!$E$2:$E$1001,$L103)) | D103: =IF($L103="","",INDEX('Veri Merkezi'!$D$2:$D$1001,$L103)) | E103: =IF($L103="","",INDEX('Veri Merkezi'!$F$2:$F$1001,$L103)) | F103: =IF($L103="","",INDEX('Veri Merkezi'!$G$2:$G$1001,$L103)) | G103: =IF(F103="","",F103-TODAY()) | H103: =IF($L103="","",INDEX('Veri Merkezi'!$H$2:$H$1001,$L103)) | I103: =IF($L103="","",INDEX('Veri Merkezi'!$R$2:$R$1001,$L103)) | J103: =IF($L103="","",INDEX('Veri Merkezi'!$S$2:$S$1001,$L103)) | K103: =IF($L103="","",INDEX('Veri Merkezi'!$U$2:$U$1001,$L103)) | L103: =IFERROR(MATCH(ROWS($L$4:L103),'Veri Merkezi'!$W$2:$W$1001,0),"")
A104: =IF($L104="","",ROWS($A$4:A104)) | B104: =IF($L104="","",INDEX('Veri Merkezi'!$A$2:$A$1001,$L104)) | C104: =IF($L104="","",INDEX('Veri Merkezi'!$E$2:$E$1001,$L104)) | D104: =IF($L104="","",INDEX('Veri Merkezi'!$D$2:$D$1001,$L104)) | E104: =IF($L104="","",INDEX('Veri Merkezi'!$F$2:$F$1001,$L104)) | F104: =IF($L104="","",INDEX('Veri Merkezi'!$G$2:$G$1001,$L104)) | H104: =IF($L104="","",INDEX('Veri Merkezi'!$H$2:$H$1001,$L104)) | I104: =IF($L104="","",INDEX('Veri Merkezi'!$R$2:$R$1001,$L104)) | J104: =IF($L104="","",INDEX('Veri Merkezi'!$S$2:$S$1001,$L104)) | K104: =IF($L104="","",INDEX('Veri Merkezi'!$U$2:$U$1001,$L104)) | L104: =IFERROR(MATCH(ROWS($L$4:L104),'Veri Merkezi'!$W$2:$W$1001,0),"")
A105: =IF($L105="","",ROWS($A$4:A105)) | B105: =IF($L105="","",INDEX('Veri Merkezi'!$A$2:$A$1001,$L105)) | C105: =IF($L105="","",INDEX('Veri Merkezi'!$E$2:$E$1001,$L105)) | D105: =IF($L105="","",INDEX('Veri Merkezi'!$D$2:$D$1001,$L105)) | E105: =IF($L105="","",INDEX('Veri Merkezi'!$F$2:$F$1001,$L105)) | F105: =IF($L105="","",INDEX('Veri Merkezi'!$G$2:$G$1001,$L105)) | H105: =IF($L105="","",INDEX('Veri Merkezi'!$H$2:$H$1001,$L105)) | I105: =IF($L105="","",INDEX('Veri Merkezi'!$R$2:$R$1001,$L105)) | J105: =IF($L105="","",INDEX('Veri Merkezi'!$S$2:$S$1001,$L105)) | K105: =IF($L105="","",INDEX('Veri Merkezi'!$U$2:$U$1001,$L105)) | L105: =IFERROR(MATCH(ROWS($L$4:L105),'Veri Merkezi'!$W$2:$W$1001,0),"")
A106: =IF($L106="","",ROWS($A$4:A106)) | B106: =IF($L106="","",INDEX('Veri Merkezi'!$A$2:$A$1001,$L106)) | C106: =IF($L106="","",INDEX('Veri Merkezi'!$E$2:$E$1001,$L106)) | D106: =IF($L106="","",INDEX('Veri Merkezi'!$D$2:$D$1001,$L106)) | E106: =IF($L106="","",INDEX('Veri Merkezi'!$F$2:$F$1001,$L106)) | F106: =IF($L106="","",INDEX('Veri Merkezi'!$G$2:$G$1001,$L106)) | H106: =IF($L106="","",INDEX('Veri Merkezi'!$H$2:$H$1001,$L106)) | I106: =IF($L106="","",INDEX('Veri Merkezi'!$R$2:$R$1001,$L106)) | J106: =IF($L106="","",INDEX('Veri Merkezi'!$S$2:$S$1001,$L106)) | K106: =IF($L106="","",INDEX('Veri Merkezi'!$U$2:$U$1001,$L106)) | L106: =IFERROR(MATCH(ROWS($L$4:L106),'Veri Merkezi'!$W$2:$W$1001,0),"")
A107: =IF($L107="","",ROWS($A$4:A107)) | B107: =IF($L107="","",INDEX('Veri Merkezi'!$A$2:$A$1001,$L107)) | C107: =IF($L107="","",INDEX('Veri Merkezi'!$E$2:$E$1001,$L107)) | D107: =IF($L107="","",INDEX('Veri Merkezi'!$D$2:$D$1001,$L107)) | E107: =IF($L107="","",INDEX('Veri Merkezi'!$F$2:$F$1001,$L107)) | F107: =IF($L107="","",INDEX('Veri Merkezi'!$G$2:$G$1001,$L107)) | H107: =IF($L107="","",INDEX('Veri Merkezi'!$H$2:$H$1001,$L107)) | I107: =IF($L107="","",INDEX('Veri Merkezi'!$R$2:$R$1001,$L107)) | J107: =IF($L107="","",INDEX('Veri Merkezi'!$S$2:$S$1001,$L107)) | K107: =IF($L107="","",INDEX('Veri Merkezi'!$U$2:$U$1001,$L107)) | L107: =IFERROR(MATCH(ROWS($L$4:L107),'Veri Merkezi'!$W$2:$W$1001,0),"")
A108: =IF($L108="","",ROWS($A$4:A108)) | B108: =IF($L108="","",INDEX('Veri Merkezi'!$A$2:$A$1001,$L108)) | C108: =IF($L108="","",INDEX('Veri Merkezi'!$E$2:$E$1001,$L108)) | D108: =IF($L108="","",INDEX('Veri Merkezi'!$D$2:$D$1001,$L108)) | E108: =IF($L108="","",INDEX('Veri Merkezi'!$F$2:$F$1001,$L108)) | F108: =IF($L108="","",INDEX('Veri Merkezi'!$G$2:$G$1001,$L108)) | H108: =IF($L108="","",INDEX('Veri Merkezi'!$H$2:$H$1001,$L108)) | I108: =IF($L108="","",INDEX('Veri Merkezi'!$R$2:$R$1001,$L108)) | J108: =IF($L108="","",INDEX('Veri Merkezi'!$S$2:$S$1001,$L108)) | K108: =IF($L108="","",INDEX('Veri Merkezi'!$U$2:$U$1001,$L108)) | L108: =IFERROR(MATCH(ROWS($L$4:L108),'Veri Merkezi'!$W$2:$W$1001,0),"")
A109: =IF($L109="","",ROWS($A$4:A109)) | B109: =IF($L109="","",INDEX('Veri Merkezi'!$A$2:$A$1001,$L109)) | C109: =IF($L109="","",INDEX('Veri Merkezi'!$E$2:$E$1001,$L109)) | D109: =IF($L109="","",INDEX('Veri Merkezi'!$D$2:$D$1001,$L109)) | E109: =IF($L109="","",INDEX('Veri Merkezi'!$F$2:$F$1001,$L109)) | F109: =IF($L109="","",INDEX('Veri Merkezi'!$G$2:$G$1001,$L109)) | H109: =IF($L109="","",INDEX('Veri Merkezi'!$H$2:$H$1001,$L109)) | I109: =IF($L109="","",INDEX('Veri Merkezi'!$R$2:$R$1001,$L109)) | J109: =IF($L109="","",INDEX('Veri Merkezi'!$S$2:$S$1001,$L109)) | K109: =IF($L109="","",INDEX('Veri Merkezi'!$U$2:$U$1001,$L109)) | L109: =IFERROR(MATCH(ROWS($L$4:L109),'Veri Merkezi'!$W$2:$W$1001,0),"")
A110: =IF($L110="","",ROWS($A$4:A110)) | B110: =IF($L110="","",INDEX('Veri Merkezi'!$A$2:$A$1001,$L110)) | C110: =IF($L110="","",INDEX('Veri Merkezi'!$E$2:$E$1001,$L110)) | D110: =IF($L110="","",INDEX('Veri Merkezi'!$D$2:$D$1001,$L110)) | E110: =IF($L110="","",INDEX('Veri Merkezi'!$F$2:$F$1001,$L110)) | F110: =IF($L110="","",INDEX('Veri Merkezi'!$G$2:$G$1001,$L110)) | H110: =IF($L110="","",INDEX('Veri Merkezi'!$H$2:$H$1001,$L110)) | I110: =IF($L110="","",INDEX('Veri Merkezi'!$R$2:$R$1001,$L110)) | J110: =IF($L110="","",INDEX('Veri Merkezi'!$S$2:$S$1001,$L110)) | K110: =IF($L110="","",INDEX('Veri Merkezi'!$U$2:$U$1001,$L110)) | L110: =IFERROR(MATCH(ROWS($L$4:L110),'Veri Merkezi'!$W$2:$W$1001,0),"")
A111: =IF($L111="","",ROWS($A$4:A111)) | B111: =IF($L111="","",INDEX('Veri Merkezi'!$A$2:$A$1001,$L111)) | C111: =IF($L111="","",INDEX('Veri Merkezi'!$E$2:$E$1001,$L111)) | D111: =IF($L111="","",INDEX('Veri Merkezi'!$D$2:$D$1001,$L111)) | E111: =IF($L111="","",INDEX('Veri Merkezi'!$F$2:$F$1001,$L111)) | F111: =IF($L111="","",INDEX('Veri Merkezi'!$G$2:$G$1001,$L111)) | H111: =IF($L111="","",INDEX('Veri Merkezi'!$H$2:$H$1001,$L111)) | I111: =IF($L111="","",INDEX('Veri Merkezi'!$R$2:$R$1001,$L111)) | J111: =IF($L111="","",INDEX('Veri Merkezi'!$S$2:$S$1001,$L111)) | K111: =IF($L111="","",INDEX('Veri Merkezi'!$U$2:$U$1001,$L111)) | L111: =IFERROR(MATCH(ROWS($L$4:L111),'Veri Merkezi'!$W$2:$W$1001,0),"")
A112: =IF($L112="","",ROWS($A$4:A112)) | B112: =IF($L112="","",INDEX('Veri Merkezi'!$A$2:$A$1001,$L112)) | C112: =IF($L112="","",INDEX('Veri Merkezi'!$E$2:$E$1001,$L112)) | D112: =IF($L112="","",INDEX('Veri Merkezi'!$D$2:$D$1001,$L112)) | E112: =IF($L112="","",INDEX('Veri Merkezi'!$F$2:$F$1001,$L112)) | F112: =IF($L112="","",INDEX('Veri Merkezi'!$G$2:$G$1001,$L112)) | H112: =IF($L112="","",INDEX('Veri Merkezi'!$H$2:$H$1001,$L112)) | I112: =IF($L112="","",INDEX('Veri Merkezi'!$R$2:$R$1001,$L112)) | J112: =IF($L112="","",INDEX('Veri Merkezi'!$S$2:$S$1001,$L112)) | K112: =IF($L112="","",INDEX('Veri Merkezi'!$U$2:$U$1001,$L112)) | L112: =IFERROR(MATCH(ROWS($L$4:L112),'Veri Merkezi'!$W$2:$W$1001,0),"")
A113: =IF($L113="","",ROWS($A$4:A113)) | B113: =IF($L113="","",INDEX('Veri Merkezi'!$A$2:$A$1001,$L113)) | C113: =IF($L113="","",INDEX('Veri Merkezi'!$E$2:$E$1001,$L113)) | D113: =IF($L113="","",INDEX('Veri Merkezi'!$D$2:$D$1001,$L113)) | E113: =IF($L113="","",INDEX('Veri Merkezi'!$F$2:$F$1001,$L113)) | F113: =IF($L113="","",INDEX('Veri Merkezi'!$G$2:$G$1001,$L113)) | H113: =IF($L113="","",INDEX('Veri Merkezi'!$H$2:$H$1001,$L113)) | I113: =IF($L113="","",INDEX('Veri Merkezi'!$R$2:$R$1001,$L113)) | J113: =IF($L113="","",INDEX('Veri Merkezi'!$S$2:$S$1001,$L113)) | K113: =IF($L113="","",INDEX('Veri Merkezi'!$U$2:$U$1001,$L113)) | L113: =IFERROR(MATCH(ROWS($L$4:L113),'Veri Merkezi'!$W$2:$W$1001,0),"")
A114: =IF($L114="","",ROWS($A$4:A114)) | B114: =IF($L114="","",INDEX('Veri Merkezi'!$A$2:$A$1001,$L114)) | C114: =IF($L114="","",INDEX('Veri Merkezi'!$E$2:$E$1001,$L114)) | D114: =IF($L114="","",INDEX('Veri Merkezi'!$D$2:$D$1001,$L114)) | E114: =IF($L114="","",INDEX('Veri Merkezi'!$F$2:$F$1001,$L114)) | F114: =IF($L114="","",INDEX('Veri Merkezi'!$G$2:$G$1001,$L114)) | H114: =IF($L114="","",INDEX('Veri Merkezi'!$H$2:$H$1001,$L114)) | I114: =IF($L114="","",INDEX('Veri Merkezi'!$R$2:$R$1001,$L114)) | J114: =IF($L114="","",INDEX('Veri Merkezi'!$S$2:$S$1001,$L114)) | K114: =IF($L114="","",INDEX('Veri Merkezi'!$U$2:$U$1001,$L114)) | L114: =IFERROR(MATCH(ROWS($L$4:L114),'Veri Merkezi'!$W$2:$W$1001,0),"")
A115: =IF($L115="","",ROWS($A$4:A115)) | B115: =IF($L115="","",INDEX('Veri Merkezi'!$A$2:$A$1001,$L115)) | C115: =IF($L115="","",INDEX('Veri Merkezi'!$E$2:$E$1001,$L115)) | D115: =IF($L115="","",INDEX('Veri Merkezi'!$D$2:$D$1001,$L115)) | E115: =IF($L115="","",INDEX('Veri Merkezi'!$F$2:$F$1001,$L115)) | F115: =IF($L115="","",INDEX('Veri Merkezi'!$G$2:$G$1001,$L115)) | H115: =IF($L115="","",INDEX('Veri Merkezi'!$H$2:$H$1001,$L115)) | I115: =IF($L115="","",INDEX('Veri Merkezi'!$R$2:$R$1001,$L115)) | J115: =IF($L115="","",INDEX('Veri Merkezi'!$S$2:$S$1001,$L115)) | K115: =IF($L115="","",INDEX('Veri Merkezi'!$U$2:$U$1001,$L115)) | L115: =IFERROR(MATCH(ROWS($L$4:L115),'Veri Merkezi'!$W$2:$W$1001,0),"")
... A503: =IF($L503="","",ROWS($A$4:A503)) | B503: =IF($L503="","",INDEX('Veri Merkezi'!$A$2:$A$1001,$L503)) | C503: =IF($L503="","",INDEX('Veri Merkezi'!$E$2:$E$1001,$L503)) | D503: =IF($L503="","",INDEX('Veri Merkezi'!$D$2:$D$1001,$L503)) | E503: =IF($L503="","",INDEX('Veri Merkezi'!$F$2:$F$1001,$L503)) | F503: =IF($L503="","",INDEX('Veri Merkezi'!$G$2:$G$1001,$L503)) | H503: =IF($L503="","",INDEX('Veri Merkezi'!$H$2:$H$1001,$L503)) | I503: =IF($L503="","",INDEX('Veri Merkezi'!$R$2:$R$1001,$L503)) | J503: =IF($L503="","",INDEX('Veri Merkezi'!$S$2:$S$1001,$L503)) | K503: =IF($L503="","",INDEX('Veri Merkezi'!$U$2:$U$1001,$L503)) | L503: =IFERROR(MATCH(ROWS($L$4:L503),'Veri Merkezi'!$W$2:$W$1001,0),"")

Sheet Kaleciler
A1: KALECILER
A3: Adı Soyadı | B3: Uyruk | C3: Doğum Tarihi | D3: Yaş | E3: Mevki | F3: Profil | G3: Kulübü | H3: Sözleşme Bitiş Tarihi | I3: Durum | J3: Oyuncu Raporu | K3: Oyuncu Profili | L3: Teknik | M3: Fiziksel | N3: Taktik | O3: Mental | P3: Potansiyel | Q3: Lig Uyumu | R3: Maliyet | S3: Scout Skoru | T3: Karar | U3: Son İzlenme
D4: =IF(C4="","",DATEDIF(C4,TODAY(),"Y")) | E4: Kaleci
D5: =IF(C5="","",DATEDIF(C5,TODAY(),"Y")) | E5: Kaleci
D6: =IF(C6="","",DATEDIF(C6,TODAY(),"Y")) | E6: Kaleci
D7: =IF(C7="","",DATEDIF(C7,TODAY(),"Y")) | E7: Kaleci
D8: =IF(C8="","",DATEDIF(C8,TODAY(),"Y")) | E8: Kaleci
D9: =IF(C9="","",DATEDIF(C9,TODAY(),"Y")) | E9: Kaleci
D10: =IF(C10="","",DATEDIF(C10,TODAY(),"Y")) | E10: Kaleci
D11: =IF(C11="","",DATEDIF(C11,TODAY(),"Y")) | E11: Kaleci
D12: =IF(C12="","",DATEDIF(C12,TODAY(),"Y")) | E12: Kaleci
D13: =IF(C13="","",DATEDIF(C13,TODAY(),"Y")) | E13: Kaleci
D14: =IF(C14="","",DATEDIF(C14,TODAY(),"Y")) | E14: Kaleci
D15: =IF(C15="","",DATEDIF(C15,TODAY(),"Y")) | E15: Kaleci
... D103: =IF(C103="","",DATEDIF(C103,TODAY(),"Y")) | E103: Kaleci

Sheet Stoperler
A1: STOPERLER
A3: Adı Soyadı | B3: Uyruk | C3: Doğum Tarihi | D3: Yaş | E3: Mevki | F3: Profil | G3: Kulübü | H3: Sözleşme Bitiş Tarihi | I3: Durum | J3: Oyuncu Raporu | K3: Oyuncu Profili | L3: Teknik | M3: Fiziksel | N3: Taktik | O3: Mental | P3: Potansiyel | Q3: Lig Uyumu | R3: Maliyet/Fayda | S3: Scout Skoru | T3: Karar | U3: Son İzlenme
A4: FEDERICO GOTTONI | B4: ARJANTİN | C4: 36207 | D4: =IF(C4="","",DATEDIF(C4,TODAY(),"Y")) -> 27 | E4: Stoper | G4: ASCOLI | H4: 46568 | I4: Sarı | T4: B Liste
A5: TUNGAY NIANZOU | B5: FRANSA | C5: 37414 | D5: =IF(C5="","",DATEDIF(C5,TODAY(),"Y")) -> 24 | E5: Stoper | G5: LILLE | H5: 46934 | I5: Yeşil | T5: A Liste
A6: MARCAO | B6: BREZİLYA | C6: 35221 | D6: =IF(C6="","",DATEDIF(C6,TODAY(),"Y")) -> 30 | E6: Stoper | G6: SEVILLA | H6: 46934 | I6: Kırmızı | J6: Sakatlık geçmişi ve son dönem maç sayıları istikrarsız. | T6: Ele
A7: ZE IVALDO | B7: BREZİLYA | C7: 35482 | D7: =IF(C7="","",DATEDIF(C7,TODAY(),"Y")) -> 29 | E7: Stoper | G7: REMO | H7: 46387 | I7: Sarı | T7: Tekrar İzle
A8: LEONARDO PİNHEİRO DA CONCEİÇAO | B8: BREZİLYA | C8: 35130 | D8: =IF(C8="","",DATEDIF(C8,TODAY(),"Y")) -> 30 | E8: Stoper | G8: ATLETICA-PR | H8: 47118 | I8: Yeşil | T8: Takip
A9: MİLOS VELJKOVİC | B9: SIRBİSTAN | C9: 34968 | D9: =IF(C9="","",DATEDIF(C9,TODAY(),"Y")) -> 31 | E9: Stoper | G9: KIZILYILDIZ | H9: 46934 | I9: Sarı | T9: B Liste
A10: JOSEPH AIDOO | B10: GANA | C10: 34971 | D10: =IF(C10="","",DATEDIF(C10,TODAY(),"Y")) -> 31 | E10: Stoper | G10: FREE | H10: - | I10: Kırmızı | T10: Ele
A11: SOHAIB NAIR | B11: CEZAYİR | C11: 37369 | D11: =IF(C11="","",DATEDIF(C11,TODAY(),"Y")) -> 24 | E11: Stoper | G11: ST.ETTIEN | H11: 47664 | I11: Yeşil | T11: B Liste
A12: AXEL TUANZEBE | B12: KONGO | C12: 35748 | D12: =IF(C12="","",DATEDIF(C12,TODAY(),"Y")) -> 28 | E12: Stoper | G12: AUXERRE | H12: 46568 | I12: Sarı | T12: B Liste
A13: ADAMO NAGALO | B13: BURKINA FASO | C13: 37521 | D13: =IF(C13="","",DATEDIF(C13,TODAY(),"Y")) -> 24 | E13: Stoper | G13: PSV | H13: 47299 | I13: Kırmızı | T13: Ele
A14: JAKOV MEDIC | B14: HIRVATİSTAN | C14: 36045 | D14: =IF(C14="","",DATEDIF(C14,TODAY(),"Y")) -> 28 | E14: Stoper | G14: UTRECHT | H14: 46568 | I14: Sarı | T14: Takip
A15: DUJE CALETE-CAR | B15: HIRVATİSTAN | C15: 35325 | D15: =IF(C15="","",DATEDIF(C15,TODAY(),"Y")) -> 30 | E15: Stoper | G15: SASSUOLO | H15: 46934 | I15: Yeşil | T15: B Liste
A16: JOAO MARCELO MESSİAS FERREIRA | B16: BREZİLYA | C16: 36690 | D16: =IF(C16="","",DATEDIF(C16,TODAY(),"Y")) -> 26 | E16: Stoper | G16: CRUZEİRO | H16: 47118 | I16: Yeşil | T16: B Liste
A17: NENAD CVETKOVIC | B17: SIRBİSTAN | C17: 35070 | D17: =IF(C17="","",DATEDIF(C17,TODAY(),"Y")) -> 30 | E17: Stoper | G17: RAPİD WİEN | H17: 46934 | I17: Kırmızı | T17: Ele
A18: MUJAID SADICK | B18: İSPANYA | C18: 36599 | D18: =IF(C18="","",DATEDIF(C18,TODAY(),"Y")) -> 26 | E18: Stoper | G18: RAYO VALLECANO | H18: 46558 | I18: Yeşil | T18: B Liste
A19: AHMED HADZIMUJOVIC | B19: SIRBİSTAN | C19: 39311 | D19: =IF(C19="","",DATEDIF(C19,TODAY(),"Y")) -> 19 | E19: Stoper | G19: NOVI PAZAR | H19: 46568 | I19: Sarı | K19: https://www.transfermarkt.com.tr/ahmed-hadzimujovic/profil/spieler/1245543 | T19: Takip
A20: MEES HILGERS | B20: ENDONEZYA | C20: 37024 | D20: =IF(C20="","",DATEDIF(C20,TODAY(),"Y")) -> 25 | E20: Stoper | G20: HEERENVEEN | H20: 46934 | I20: Kırmızı | K20: https://www.transfermarkt.com.tr/mees-hilgers/profil/spieler/562702 | T20: Ele
A21: NERMIN MUJKIC | B21: BOSNA | C21: 38025 | D21: =IF(C21="","",DATEDIF(C21,TODAY(),"Y")) -> 22 | E21: Stoper | G21: AL-JAZIRA | H21: 46934 | I21: Kırmızı | K21: https://www.transfermarkt.com.tr/nermin-mujkic/profil/spieler/651762 | T21: Ele
A22: MARIO TUDOSE | B22: ROMANYA | C22: 38373 | D22: =IF(C22="","",DATEDIF(C22,TODAY(),"Y")) -> 21 | E22: Stoper | G22: FC ARGES | H22: 47289 | I22: Sarı | K22: https://www.transfermarkt.com.tr/mario-tudose/profil/spieler/837239 | T22: Takip
A23: DOMINGOS DUARTE | B23: PORTEKİZ | C23: 34768 | D23: =IF(C23="","",DATEDIF(C23,TODAY(),"Y")) -> 31 | E23: Stoper | G23: SAO PAULO | H23: 46965 | I23: Yeşil | K23: https://www.transfermarkt.com.tr/domingos-duarte/profil/spieler/257376 | T23: B Liste
A24: GIVANNI VAN ZWAM | B24: HOLLANDA | C24: 37988 | D24: =IF(C24="","",DATEDIF(C24,TODAY(),"Y")) -> 22 | E24: Stoper | G24: GO AHEAD | H24: 46568 | I24: Sarı | K24: https://www.transfermarkt.com.tr/giovanni-van-zwam/profil/spieler/805149#google_vignette | T24: B Liste
A25: MARASH KUMBULLA | B25: ARNAVUTLUK | C25: 36564 | D25: =IF(C25="","",DATEDIF(C25,TODAY(),"Y")) -> 26 | E25: Stoper | G25: RAYO VALLECANO | H25: 46568 | I25: Kırmızı | J25: Sakatlık geçmişi ve son dönem maç sayıları istikrarsız. | K25: https://www.transfermarkt.com.tr/marash-kumbulla/profil/spieler/371371 | T25: Ele
A26: CHECK KEITA | B26: MALİ / FRANSA | C26: 37713 | D26: =IF(C26="","",DATEDIF(C26,TODAY(),"Y")) -> 23 | E26: Stoper | F26: Stoper / Sağ Bek | Sağ ayak | 1,85 m | G26: ROYAL CHARLEROI SC | H26: 46568 | I26: Sarı | K26: https://www.transfermarkt.com.tr/check-keita/profil/spieler/820146 | T26: Takip
A27: GIOVANNI VAN ZWAM | B27: HOLLANDA | C27: 37988 | D27: =IF(C27="","",DATEDIF(C27,TODAY(),"Y")) -> 22 | E27: Stoper | F27: Stoper | Sağ ayak | 1,85 m | G27: GO AHEAD EAGLES | H27: 46568 | I27: Sarı | K27: Transfermarkt Profili | T27: Takip
A28: DUJE CALETA-CAR | B28: HIRVATİSTAN | C28: 35325 | D28: =IF(C28="","",DATEDIF(C28,TODAY(),"Y")) -> 30 | E28: Stoper | F28: Stoper | Sağ ayak | 1,93 m | G28: US SASSUOLO | H28: 46934 | I28: Yeşil | K28: Transfermarkt Profili | T28: B Liste
A29: JACY | B29: BREZİLYA | C29: 35622 | D29: =IF(C29="","",DATEDIF(C29,TODAY(),"Y")) -> 29 | E29: Stoper | F29: Stoper / 6 Numara | Sağ ayak | 1,92 m | G29: CORITIBA FC | H29: 47118 | I29: Kırmızı | K29: https://www.transfermarkt.com.br/jacy/profil/spieler/593382 | T29: Ele
A30: LÉO | B30: BREZİLYA | C30: 35130 | D30: =IF(C30="","",DATEDIF(C30,TODAY(),"Y")) -> 30 | E30: Stoper | F30: Stoper | 1,83 m | G30: ATHLETICO PARANAENSE | H30: 47118 | K30: https://www.transfermarkt.com.br/leotm/profil/spieler/403296
A31: TONI BOREVKOVIC | B31: HIRVATİSTAN | C31: 35599 | D31: =IF(C31="","",DATEDIF(C31,TODAY(),"Y")) -> 29 | E31: Stoper | F31: Stoper | Sağ ayak | 1,93 m | G31: SAMSUNSPOR | H31: 46934 | K31: https://www.transfermarkt.com.tr/toni-borevkovic/profil/spieler/396342
A32: MESSIAS | B32: BREZİLYA | C32: 34641 | D32: =IF(C32="","",DATEDIF(C32,TODAY(),"Y")) -> 31 | E32: Stoper | F32: Stoper | Sağ ayak | 1,91 m | G32: JUVENTUDE | H32: 46752 | K32: https://www.transfermarkt.com.br/messias/profil/spieler/401539
A33: PEDRO HENRIQUE | B33: BREZİLYA | C33: 34974 | D33: =IF(C33="","",DATEDIF(C33,TODAY(),"Y")) -> 31 | E33: Stoper | F33: Stoper | Sağ ayak | 1,88 m | G33: RB BRAGANTINO | H33: 46387 | K33: https://www.transfermarkt.com.br/pedro-henrique/profil/spieler/329720
D34: =IF(C34="","",DATEDIF(C34,TODAY(),"Y")) | E34: Stoper
D35: =IF(C35="","",DATEDIF(C35,TODAY(),"Y")) | E35: Stoper
D36: =IF(C36="","",DATEDIF(C36,TODAY(),"Y")) | E36: Stoper
D37: =IF(C37="","",DATEDIF(C37,TODAY(),"Y")) | E37: Stoper
D38: =IF(C38="","",DATEDIF(C38,TODAY(),"Y")) | E38: Stoper
D39: =IF(C39="","",DATEDIF(C39,TODAY(),"Y")) | E39: Stoper
D40: =IF(C40="","",DATEDIF(C40,TODAY(),"Y")) | E40: Stoper
D41: =IF(C41="","",DATEDIF(C41,TODAY(),"Y")) | E41: Stoper
D42: =IF(C42="","",DATEDIF(C42,TODAY(),"Y")) | E42: Stoper
D43: =IF(C43="","",DATEDIF(C43,TODAY(),"Y")) | E43: Stoper
D44: =IF(C44="","",DATEDIF(C44,TODAY(),"Y")) | E44: Stoper
D45: =IF(C45="","",DATEDIF(C45,TODAY(),"Y")) | E45: Stoper
... D103: =IF(C103="","",DATEDIF(C103,TODAY(),"Y")) | E103: Stoper

Sheet Sağ Bekler
A1: SAĞ BEKLER
A3: Adı Soyadı | B3: Uyruk | C3: Doğum Tarihi | D3: Yaş | E3: Mevki | F3: Profil | G3: Kulübü | H3: Sözleşme Bitiş Tarihi | I3: Durum | J3: Oyuncu Raporu | K3: Oyuncu Profili | L3: Teknik | M3: Fiziksel | N3: Taktik | O3: Mental | P3: Potansiyel | Q3: Lig Uyumu | R3: Maliyet/Fayda | S3: Scout Skoru | T3: Karar | U3: Son İzlenme
A4: ELSEİD HYSAJ | B4: ARNAVUTLUK | C4: 34367 | D4: =IF(C4="","",DATEDIF(C4,TODAY(),"Y")) -> 32 | E4: Sağ Bek | G4: FREE | H4: - | I4: Kırmızı | K4: https://www.transfermarkt.com.tr/elseid-hysaj/profil/spieler/200056 | T4: Ele
A5: ISAI VALLADARES | B5: VENEZULLA | C5: 38395 | D5: =IF(C5="","",DATEDIF(C5,TODAY(),"Y")) -> 21 | E5: Sağ Bek | G5: ZAMORA | H5: 46752 | I5: Kırmızı | K5: https://www.transfermarkt.com.tr/isai-valladares/profil/spieler/1232141 | T5: Ele
A6: JOAO PEDRO MOTURANO | B6: BREZİLYA | C6: 35384 | D6: =IF(C6="","",DATEDIF(C6,TODAY(),"Y")) -> 29 | E6: Sağ Bek | G6: GREMIO | H6: 46752 | I6: Sarı | K6: https://www.transfermarkt.com.tr/joao-pedro/profil/spieler/342024 | T6: Takip
A7: NICOLAS BARROS SCHELOTTO | D7: =IF(C7="","",DATEDIF(C7,TODAY(),"Y")) | E7: Sağ Bek | H7: - | K7: https://www.transfermarkt.com.tr/nicolas-barros-schelotto/profil/spieler/1123309
A8: LIVANO COMENENCIA | B8: CURAÇAO / HOLLANDA | C8: 38020 | D8: =IF(C8="","",DATEDIF(C8,TODAY(),"Y")) -> 22 | E8: Sağ Bek | F8: Sağ Bek / Sol Bek / 6 Numara | Sağ ayak | 1,85 m | G8: FC ZÜRICH | H8: 47299 | K8: https://www.transfermarkt.com/livano-comenencia/profil/spieler/626764
D9: =IF(C9="","",DATEDIF(C9,TODAY(),"Y")) | E9: Sağ Bek
D10: =IF(C10="","",DATEDIF(C10,TODAY(),"Y")) | E10: Sağ Bek
D11: =IF(C11="","",DATEDIF(C11,TODAY(),"Y")) | E11: Sağ Bek
D12: =IF(C12="","",DATEDIF(C12,TODAY(),"Y")) | E12: Sağ Bek
D13: =IF(C13="","",DATEDIF(C13,TODAY(),"Y")) | E13: Sağ Bek
D14: =IF(C14="","",DATEDIF(C14,TODAY(),"Y")) | E14: Sağ Bek
D15: =IF(C15="","",DATEDIF(C15,TODAY(),"Y")) | E15: Sağ Bek
D16: =IF(C16="","",DATEDIF(C16,TODAY(),"Y")) | E16: Sağ Bek
D17: =IF(C17="","",DATEDIF(C17,TODAY(),"Y")) | E17: Sağ Bek
D18: =IF(C18="","",DATEDIF(C18,TODAY(),"Y")) | E18: Sağ Bek
D19: =IF(C19="","",DATEDIF(C19,TODAY(),"Y")) | E19: Sağ Bek
D20: =IF(C20="","",DATEDIF(C20,TODAY(),"Y")) | E20: Sağ Bek
... D103: =IF(C103="","",DATEDIF(C103,TODAY(),"Y")) | E103: Sağ Bek

Sheet Sol Bekler
A1: SOL BEKLER
A3: Adı Soyadı | B3: Uyruk | C3: Doğum Tarihi | D3: Yaş | E3: Mevki | F3: Profil | G3: Kulübü | H3: Sözleşme Bitiş Tarihi | I3: Durum | J3: Oyuncu Raporu | K3: Oyuncu Profili | L3: Teknik | M3: Fiziksel | N3: Taktik | O3: Mental | P3: Potansiyel | Q3: Lig Uyumu | R3: Maliyet/Fayda | S3: Scout Skoru | T3: Karar | U3: Son İzlenme
A4: ADRIA PEDROSA | B4: İSPANYA | C4: 35928 | D4: =IF(C4="","",DATEDIF(C4,TODAY(),"Y")) -> 28 | E4: Sol Bek | G4: ROYO VALLECANO | H4: 46568 | I4: Sarı | T4: B Liste
A5: ARTHUR ZAGRE | B5: BURKİNA FASO | C5: 37168 | D5: =IF(C5="","",DATEDIF(C5,TODAY(),"Y")) -> 25 | E5: Sol Bek | G5: UTRECHT | H5: 47289 | I5: Yeşil | T5: A Liste
A6: PEDRO AMARAL | B6: PORTEKİZ | C6: 35667 | D6: =IF(C6="","",DATEDIF(C6,TODAY(),"Y")) -> 29 | E6: Sol Bek | G6: RIO AVE | H6: 46934 | I6: Sarı | K6: https://www.transfermarkt.com.tr/pedro-amaral/profil/spieler/319623 | T6: B Liste
A7: RODRIGO INSUA | B7: ARJANTİN | C7: 35780 | D7: =IF(C7="","",DATEDIF(C7,TODAY(),"Y")) -> 28 | E7: Sol Bek | G7: BARRACAS | H7: 46387 | I7: Kırmızı | K7: https://www.transfermarkt.com.tr/rodrigo-insua/profil/spieler/721235 | T7: Ele
A8: CASPER HOJER | B8: DANİMARKA | C8: 34658 | D8: =IF(C8="","",DATEDIF(C8,TODAY(),"Y")) -> 31 | E8: Sol Bek | G8: FREE | H8: - | I8: Sarı | K8: https://www.transfermarkt.com.tr/casper-hojer/profil/spieler/222977 | T8: Takip
A9: LEONARDO LELO | B9: PORTEKİZ | C9: 36615 | D9: =IF(C9="","",DATEDIF(C9,TODAY(),"Y")) -> 26 | E9: Sol Bek | G9: ALMERIA | H9: 46568 | I9: Yeşil | K9: https://www.transfermarkt.com.tr/leonardo-lelo/profil/spieler/669956 | T9: A Liste
A10: LÉO DERIK | B10: BREZİLYA | C10: 38557 | D10: =IF(C10="","",DATEDIF(C10,TODAY(),"Y")) -> 21 | E10: Sol Bek | F10: Sol Bek / Sol Orta Saha / Sol Kanat | Sol ayak | 1,66 m | G10: ATHLETICO PARANAENSE | H10: 47483 | K10: https://www.transfermarkt.com.br/leo-derik/profil/spieler/1052819
A11: RICARDO RODRIGUEZ | B11: İSVİÇRE | C11: 33841 | D11: =IF(C11="","",DATEDIF(C11,TODAY(),"Y")) -> 34 | E11: Sol Bek | F11: Sol Bek / Stoper | Sol ayak | 1,80 m | H11: - | K11: https://www.transfermarkt.com.tr/ricardo-rodriguez/leistungsdaten/spieler/86784
A12: ENZO DIAZ | B12: ARJANTİN | D12: =IF(C12="","",DATEDIF(C12,TODAY(),"Y")) | E12: Sol Bek | F12: Sol Bek | H12: - | K12: https://www.transfermarkt.es/enzo-diaz/profil/spieler/540458
D13: =IF(C13="","",DATEDIF(C13,TODAY(),"Y")) | E13: Sol Bek
D14: =IF(C14="","",DATEDIF(C14,TODAY(),"Y")) | E14: Sol Bek
D15: =IF(C15="","",DATEDIF(C15,TODAY(),"Y")) | E15: Sol Bek
D16: =IF(C16="","",DATEDIF(C16,TODAY(),"Y")) | E16: Sol Bek
D17: =IF(C17="","",DATEDIF(C17,TODAY(),"Y")) | E17: Sol Bek
D18: =IF(C18="","",DATEDIF(C18,TODAY(),"Y")) | E18: Sol Bek
D19: =IF(C19="","",DATEDIF(C19,TODAY(),"Y")) | E19: Sol Bek
D20: =IF(C20="","",DATEDIF(C20,TODAY(),"Y")) | E20: Sol Bek
D21: =IF(C21="","",DATEDIF(C21,TODAY(),"Y")) | E21: Sol Bek
D22: =IF(C22="","",DATEDIF(C22,TODAY(),"Y")) | E22: Sol Bek
D23: =IF(C23="","",DATEDIF(C23,TODAY(),"Y")) | E23: Sol Bek
D24: =IF(C24="","",DATEDIF(C24,TODAY(),"Y")) | E24: Sol Bek
... D103: =IF(C103="","",DATEDIF(C103,TODAY(),"Y")) | E103: Sol Bek

Sheet 6 Numaralar
A1: 6 NUMARALAR
A3: Adı Soyadı | B3: Uyruk | C3: Doğum Tarihi | D3: Yaş | E3: Mevki | F3: Profil | G3: Kulübü | H3: Sözleşme Bitiş Tarihi | I3: Durum | J3: Oyuncu Raporu | K3: Oyuncu Profili | L3: Teknik | M3: Fiziksel | N3: Taktik | O3: Mental | P3: Potansiyel | Q3: Lig Uyumu | R3: Maliyet/Fayda | S3: Scout Skoru | T3: Karar | U3: Son İzlenme
A4: YVES BISSOUMA | B4: MALİ | C4: 35307 | D4: =IF(C4="","",DATEDIF(C4,TODAY(),"Y")) -> 30 | E4: 6 Numara | G4: FREE | H4: - | I4: Sarı | T4: Takip
A5: YUSSIF SAIDU | B5: GANA | C5: 38517 | D5: =IF(C5="","",DATEDIF(C5,TODAY(),"Y")) -> 21 | E5: 6 Numara | G5: REAL ZARAGOZA | H5: 47664 | I5: Sarı | T5: B Liste
A6: LUCA REGIARDO | B6: ARJANTİN | C6: 39013 | D6: =IF(C6="","",DATEDIF(C6,TODAY(),"Y")) -> 19 | E6: 6 Numara | G6: NEWELL'S | H6: 47483 | I6: Yeşil | T6: Takip
A7: KEVIN CASTANO | B7: KOLOMBİYA | C7: 36798 | D7: =IF(C7="","",DATEDIF(C7,TODAY(),"Y")) -> 26 | E7: 6 Numara | G7: ATLETİCO MG | H7: 46568 | I7: Sarı | T7: B Liste
A8: AGUSTIN DOFFO | B8: ARJANTİN | C8: 34844 | D8: =IF(C8="","",DATEDIF(C8,TODAY(),"Y")) -> 31 | E8: 6 Numara | G8: NK OLIMPIJA | H8: 46934 | I8: Kırmızı | T8: Ele
A9: DANİLO BARBOSA | B9: BREZİLYA | C9: 35123 | D9: =IF(C9="","",DATEDIF(C9,TODAY(),"Y")) -> 30 | E9: 6 Numara | G9: GREMIO | H9: 47118 | I9: Kırmızı | K9: https://www.transfermarkt.com.tr/danilo-barbosa/profil/spieler/273438 | T9: Ele
A10: RAMIZ ZERROUKI | B10: CEZAYİR | C10: 35941 | D10: =IF(C10="","",DATEDIF(C10,TODAY(),"Y")) -> 28 | E10: 6 Numara | G10: TWENTE | H10: 47664 | I10: Yeşil | K10: https://www.transfermarkt.com.tr/ramiz-zerrouki/profil/spieler/416660 | T10: A Liste
A11: CHARLYS MATHEUS LİMA | B11: BREZİLYA | C11: 38036 | D11: =IF(C11="","",DATEDIF(C11,TODAY(),"Y")) -> 22 | E11: 6 Numara | G11: İNTER | H11: 46568 | I11: Sarı | K11: https://www.transfermarkt.com.tr/charlys/profil/spieler/1082519 | T11: Takip
A12: MAHMOUD DAHOUD | B12: SURİYE | C12: 35065 | D12: =IF(C12="","",DATEDIF(C12,TODAY(),"Y")) -> 30 | E12: 6 Numara | G12: FREE | I12: Kırmızı | K12: https://www.transfermarkt.com.tr/mahmoud-dahoud/profil/spieler/191422 | T12: Ele
A13: DANILO BARBOSA | B13: BREZİLYA | C13: 35123 | D13: =IF(C13="","",DATEDIF(C13,TODAY(),"Y")) -> 30 | E13: 6 Numara | F13: Ön Libero / Merkez Orta Saha / Stoper | Sağ ayak | 1,83 m | G13: GRÊMIO | H13: 47118 | K13: https://www.transfermarkt.pt/danilo-barbosa/profil/spieler/273438
A14: FLORIAN GRILLITSCH | B14: AVUSTURYA | C14: 34918 | D14: =IF(C14="","",DATEDIF(C14,TODAY(),"Y")) -> 31 | E14: 6 Numara | F14: 6 Numara / Stoper / Merkez Orta Saha | Sağ ayak | 1,86 m | G14: KULÜPSÜZ | H14: - | K14: https://www.transfermarkt.com.tr/florian-grillitsch/profil/spieler/195736
A15: PATRICKSON DELGADO | B15: EKVADOR | C15: 37911 | D15: =IF(C15="","",DATEDIF(C15,TODAY(),"Y")) -> 22 | E15: 6 Numara | F15: 6 Numara / Merkez Orta Saha / 10 Numara | Sağ ayak | 1,80 m | G15: FC DALLAS | H15: 46752 | K15: https://www.transfermarkt.com.tr/patrickson-delgado/profil/spieler/659802
A16: LINDON SELAHI | B16: ARNAVUTLUK / BELÇİKA | C16: 36217 | D16: =IF(C16="","",DATEDIF(C16,TODAY(),"Y")) -> 27 | E16: 6 Numara | F16: 6 Numara / Merkez Orta Saha / 10 Numara | Sağ ayak | 1,80 m | G16: WIDZEW ŁÓDŹ | H16: 46934 | K16: https://www.transfermarkt.com.tr/lindon-selahi/profil/spieler/340172
A17: MATE TUBOLY | B17: MACARİSTAN | C17: 38245 | D17: =IF(C17="","",DATEDIF(C17,TODAY(),"Y")) -> 22 | E17: 6 Numara | F17: 6 Numara / Merkez Orta Saha | Sağ ayak | 1,85 m | G17: DAC DUNAJSKA STREDA | H17: 46934 | K17: https://www.transfermarkt.co.uk/mate-tuboly/profil/spieler/874947
D18: =IF(C18="","",DATEDIF(C18,TODAY(),"Y")) | E18: 6 Numara
D19: =IF(C19="","",DATEDIF(C19,TODAY(),"Y")) | E19: 6 Numara
D20: =IF(C20="","",DATEDIF(C20,TODAY(),"Y")) | E20: 6 Numara
D21: =IF(C21="","",DATEDIF(C21,TODAY(),"Y")) | E21: 6 Numara
D22: =IF(C22="","",DATEDIF(C22,TODAY(),"Y")) | E22: 6 Numara
D23: =IF(C23="","",DATEDIF(C23,TODAY(),"Y")) | E23: 6 Numara
D24: =IF(C24="","",DATEDIF(C24,TODAY(),"Y")) | E24: 6 Numara
D25: =IF(C25="","",DATEDIF(C25,TODAY(),"Y")) | E25: 6 Numara
D26: =IF(C26="","",DATEDIF(C26,TODAY(),"Y")) | E26: 6 Numara
D27: =IF(C27="","",DATEDIF(C27,TODAY(),"Y")) | E27: 6 Numara
D28: =IF(C28="","",DATEDIF(C28,TODAY(),"Y")) | E28: 6 Numara
D29: =IF(C29="","",DATEDIF(C29,TODAY(),"Y")) | E29: 6 Numara
... D103: =IF(C103="","",DATEDIF(C103,TODAY(),"Y")) | E103: 6 Numara

Sheet 8 Numaralar
A1: 8 NUMARALAR
A3: Adı Soyadı | B3: Uyruk | C3: Doğum Tarihi | D3: Yaş | E3: Mevki | F3: Profil | G3: Kulübü | H3: Sözleşme Bitiş Tarihi | I3: Durum | J3: Oyuncu Raporu | K3: Oyuncu Profili | L3: Teknik | M3: Fiziksel | N3: Taktik | O3: Mental | P3: Potansiyel | Q3: Lig Uyumu | R3: Maliyet/Fayda | S3: Scout Skoru | T3: Karar | U3: Son İzlenme
A4: JOAN JORDAN | B4: İSPANYA | C4: 34521 | D4: =IF(C4="","",DATEDIF(C4,TODAY(),"Y")) -> 32 | E4: 8 Numara | G4: ESTRELA | H4: 46934 | I4: Kırmızı | T4: Ele
A5: STEPHEN EUSTAQUO | B5: KANADA | C5: 35411 | D5: =IF(C5="","",DATEDIF(C5,TODAY(),"Y")) -> 29 | E5: 8 Numara | G5: SWANSEA | H5: 46934 | I5: Yeşil | T5: A Liste
A6: URAN BISLIMI | B6: İSVİÇRE | C6: 36428 | D6: =IF(C6="","",DATEDIF(C6,TODAY(),"Y")) -> 27 | E6: 8 Numara | G6: LUGANO | H6: 46558 | I6: Yeşil | T6: A Liste
A7: ALPHA TOURE | B7: SENEGAL | C7: 38742 | D7: =IF(C7="","",DATEDIF(C7,TODAY(),"Y")) -> 20 | E7: 8 Numara | G7: METZ | H7: 46934 | I7: Sarı | T7: B Liste
A8: JEAN LUCAS DE SOUZA | B8: BREZİLYA | C8: 35968 | D8: =IF(C8="","",DATEDIF(C8,TODAY(),"Y")) -> 28 | E8: 8 Numara | G8: BAHIA | H8: 47118 | I8: Yeşil | K8: https://www.transfermarkt.com.tr/jean-lucas/profil/spieler/578872 | T8: A Liste
A9: MONCHU | B9: İSPANYA | C9: 36416 | D9: =IF(C9="","",DATEDIF(C9,TODAY(),"Y")) -> 27 | E9: 8 Numara | G9: FC JUAREZ | H9: 46387 | I9: Yeşil | K9: https://www.transfermarkt.com.tr/monchu/profil/spieler/282727 | T9: A Liste
A10: MATIAS GALARZA | B10: PARAGUAY | C10: 37298 | D10: =IF(C10="","",DATEDIF(C10,TODAY(),"Y")) -> 24 | E10: 8 Numara | G10: RIVER PLATE | H10: 47118 | I10: Sarı | K10: https://www.transfermarkt.com.tr/matias-galarza/profil/spieler/661269 | T10: B Liste
A11: YARI VERSHAEREN | B11: BELÇİKA | C11: 37084 | D11: =IF(C11="","",DATEDIF(C11,TODAY(),"Y")) -> 25 | E11: 8 Numara | F11: OFANSİF ORTA SAHA TEMPOLU | G11: SAMPDORIA | H11: 47299 | I11: Yeşil | K11: https://www.transfermarkt.com.tr/yari-verschaeren/profil/spieler/502302 | T11: Takip
A12: SANDI LOVRIC | B12: SLOVENYA | C12: 35882 | D12: =IF(C12="","",DATEDIF(C12,TODAY(),"Y")) -> 28 | E12: 8 Numara | G12: UDINESE | H12: 46568 | I12: Sarı | K12: https://www.transfermarkt.com.tr/sandi-lovric/profil/spieler/268429 | T12: B Liste
A13: ALAN DE SOUZA | B13: BREZİLYA | C13: 36593 | D13: =IF(C13="","",DATEDIF(C13,TODAY(),"Y")) -> 26 | E13: 8 Numara | G13: VITORIA | H13: 46934 | I13: Yeşil | K13: https://www.transfermarkt.com.tr/alan/profil/spieler/428786 | T13: B Liste
A14: GLEN KAMARA | B14: FİNLANDİYA | C14: 34990 | D14: =IF(C14="","",DATEDIF(C14,TODAY(),"Y")) -> 30 | E14: 8 Numara | G14: QPR | H14: 46568 | I14: Kırmızı | K14: https://www.transfermarkt.com.tr/glen-kamara/profil/spieler/242632 | T14: Ele
A15: JOVAN SLJIVIC | B15: SIRBİSTAN | C15: 38609 | D15: =IF(C15="","",DATEDIF(C15,TODAY(),"Y")) -> 21 | E15: 8 Numara | G15: OFK BEOGRAD | H15: 46568 | I15: Sarı | K15: https://www.transfermarkt.com.tr/jovan-sljivic/profil/spieler/673436 | T15: Takip
A16: NOAH CADİO | B16: GUADELOUPE | C16: 36094 | D16: =IF(C16="","",DATEDIF(C16,TODAY(),"Y")) -> 27 | E16: 8 Numara | G16: LORIENT | H16: 47299 | I16: Sarı | K16: https://www.transfermarkt.com.tr/noah-cadiou/profil/spieler/691958 | T16: Tekrar İzle
A17: IVAN ILIC | B17: SIRBİSTAN | C17: 36967 | D17: =IF(C17="","",DATEDIF(C17,TODAY(),"Y")) -> 25 | E17: 8 Numara | G17: LECCE | H17: 46568 | I17: Yeşil | K17: https://www.transfermarkt.com.tr/ivan-ilic/profil/spieler/470794 | T17: A Liste
A18: EBENEZER AKSİNSANMİRO | B18: NİJERYA | C18: 38316 | D18: =IF(C18="","",DATEDIF(C18,TODAY(),"Y")) -> 21 | E18: 8 Numara | G18: MONZA | H18: 46568 | I18: Yeşil | K18: https://www.transfermarkt.com.tr/ebenezer-akinsanmiro/profil/spieler/969192 | T18: A Liste
A19: ABDELLAH BAALLAL | B19: FAS | C19: 38298 | D19: =IF(C19="","",DATEDIF(C19,TODAY(),"Y")) -> 21 | E19: 8 Numara | F19: Merkez Orta Saha / 10 Numara / Sağ Kanat | Sağ ayak | 1,88 m | G19: CLERMONT FOOT 63 | H19: 46568 | K19: https://www.transfermarkt.com.tr/abdellah-baallal/profil/spieler/1028125
A20: JEAN LUCAS | B20: BREZİLYA | C20: 35968 | D20: =IF(C20="","",DATEDIF(C20,TODAY(),"Y")) -> 28 | E20: 8 Numara | F20: Merkez Orta Saha / 6 Numara / 10 Numara | Sağ ayak | 1,81 m | G20: EC BAHIA | H20: 47118 | K20: https://www.transfermarkt.com.tr/jean-lucas/profil/spieler/578872
A21: ADAM GNEZDA CERIN | B21: SLOVENYA | C21: 36357 | D21: =IF(C21="","",DATEDIF(C21,TODAY(),"Y")) -> 27 | E21: 8 Numara | F21: Merkez Orta Saha | 1,80 m | G21: PANATHINAIKOS | H21: 46934 | K21: https://www.transfermarkt.com.tr/adam-gnezda-cerin/profil/spieler/401394
A22: MADY CAMARA | B22: GİNE | C22: 35489 | D22: =IF(C22="","",DATEDIF(C22,TODAY(),"Y")) -> 29 | E22: 8 Numara | F22: Merkez Orta Saha / 6 Numara / 10 Numara | Sağ ayak | 1,82 m | G22: PAOK | H22: 46568 | K22: https://www.transfermarkt.com.tr/mady-camara/profil/spieler/481173
A23: CATALIN CIRJAN | B23: ROMANYA | C23: 37591 | D23: =IF(C23="","",DATEDIF(C23,TODAY(),"Y")) -> 23 | E23: 8 Numara | F23: Merkez Orta Saha / 10 Numara / Sağ Orta Saha | Sağ ayak | 1,74 m | G23: DINAMO BÜKREŞ | H23: 47299 | K23: https://www.transfermarkt.com/catalin-cirjan/profil/spieler/575219
A24: MARTIN PAYERO | B24: ARJANTİN / İTALYA | C24: 36049 | D24: =IF(C24="","",DATEDIF(C24,TODAY(),"Y")) -> 28 | E24: 8 Numara | F24: Merkez Orta Saha / 10 Numara | Sağ ayak | 1,82 m | G24: WATFORD FC | H24: - | K24: https://www.transfermarkt.com.tr/martin-payero/profil/spieler/555820
A25: JIN-GYU KIM | B25: GÜNEY KORE | C25: 35485 | D25: =IF(C25="","",DATEDIF(C25,TODAY(),"Y")) -> 29 | E25: 8 Numara | F25: Merkez Orta Saha / 10 Numara / 6 Numara | Sağ ayak | 1,77 m | G25: JEONBUK HYUNDAI | H25: 46387 | K25: https://www.transfermarkt.com.tr/jin-gyu-kim/profil/spieler/365377
A26: PABLO MARTINEZ | B26: İSPANYA | C26: 35848 | D26: =IF(C26="","",DATEDIF(C26,TODAY(),"Y")) -> 28 | E26: 8 Numara | F26: Merkez Orta Saha / 10 Numara | Sağ ayak | 1,82 m | G26: KULÜPSÜZ | H26: - | K26: https://www.transfermarkt.com.tr/pablo-martinez/profil/spieler/568835
A27: NOAH CADIOU | B27: GUADELOUPE / FRANSA | C27: 36094 | D27: =IF(C27="","",DATEDIF(C27,TODAY(),"Y")) -> 27 | E27: 8 Numara | F27: Merkez Orta Saha / 6 Numara / 10 Numara | Sağ ayak | 1,91 m | G27: FC LORIENT | H27: 47299 | K27: https://www.transfermarkt.com.tr/noah-cadiou/profil/spieler/691958
A28: EBENEZER AKINSANMIRO | B28: NİJERYA | C28: 38316 | D28: =IF(C28="","",DATEDIF(C28,TODAY(),"Y")) -> 21 | E28: 8 Numara | F28: Merkez Orta Saha / 10 Numara / Sağ Orta Saha | Sağ ayak | 1,84 m | G28: INTER MILAN | H28: - | K28: https://www.transfermarkt.de/ebenezer-akinsanmiro/profil/spieler/969192
A29: WARREN BONDO | B29: FRANSA / DR KONGO | C29: 37879 | D29: =IF(C29="","",DATEDIF(C29,TODAY(),"Y")) -> 23 | E29: 8 Numara | F29: Merkez Orta Saha / 6 Numara | Sağ ayak | 1,77 m | G29: AC MILAN | H29: 47299 | K29: Transfermarkt Profili
A30: ISAAC SOLET | B30: ORTA AFRİKA CUMHURİYETİ / FRANSA | C30: 37058 | D30: =IF(C30="","",DATEDIF(C30,TODAY(),"Y")) -> 25 | E30: 8 Numara | F30: Merkez Orta Saha / 6 Numara / Stoper | Sağ ayak | 1,84 m | G30: CSKA SOFIA | H30: 47118 | K30: Transfermarkt Profili
A31: JOÃO CRUZ | B31: BREZİLYA | C31: 38849 | D31: =IF(C31="","",DATEDIF(C31,TODAY(),"Y")) -> 20 | E31: 8 Numara | F31: Merkez Orta Saha / 10 Numara / İkinci Forvet | Sağ ayak | 1,72 m | G31: ATHLETICO PARANAENSE | H31: 46812 | K31: Transfermarkt Profili
A32: DAVY GUI | B32: FİLDİŞİ SAHİLİ / FRANSA | C32: 38883 | D32: =IF(C32="","",DATEDIF(C32,TODAY(),"Y")) -> 20 | E32: 8 Numara | F32: Merkez Orta Saha / 6 Numara | Sağ ayak | 1,85 m | G32: FC ALVERCA | H32: 46934 | K32: https://www.transfermarkt.com.tr/davy-gui/profil/spieler/1321322
A33: MATHIAS DELORGE | B33: BELÇİKA | C33: 38199 | D33: =IF(C33="","",DATEDIF(C33,TODAY(),"Y")) -> 22 | E33: 8 Numara | F33: Merkez Orta Saha / 6 Numara | Sol ayak | 1,89 m | G33: KAA GENT | H33: 46934 | K33: https://www.transfermarkt.de/mathias-delorge/profil/spieler/723487
A34: KOBA KOINDREDI | B34: FRANSA | C34: 37191 | D34: =IF(C34="","",DATEDIF(C34,TODAY(),"Y")) -> 24 | E34: 8 Numara | F34: Merkez Orta Saha / 6 Numara | Sol ayak | 1,86 m | G34: SPORTING CP | H34: 46934 | K34: https://www.transfermarkt.co.uk/koba-koindredi/profil/spieler/569375
A35: MAHAMADOU DIAWARA | B35: FRANSA / MALİ | C35: 38400 | D35: =IF(C35="","",DATEDIF(C35,TODAY(),"Y")) -> 21 | E35: 8 Numara | F35: Merkez Orta Saha | Sol ayak | 1,87 m | G35: OLYMPIQUE LYON | H35: 46934 | K35: https://www.transfermarkt.com.tr/mahamadou-diawara/profil/spieler/1053147
A36: DU QUEIROZ | B36: BREZİLYA | C36: 36532 | D36: =IF(C36="","",DATEDIF(C36,TODAY(),"Y")) -> 26 | E36: 8 Numara | F36: Merkez Orta Saha / 6 Numara / Sağ Bek | Sağ ayak | 1,71 m | G36: ZENIT ST. PETERSBURG | H36: 46934 | K36: https://www.transfermarkt.com/du-queiroz/profil/spieler/906774
A37: JOSH BROWNHILL | B37: İNGİLTERE | C37: 35052 | D37: =IF(C37="","",DATEDIF(C37,TODAY(),"Y")) -> 30 | E37: 8 Numara | F37: Merkez Orta Saha / 6 Numara / 10 Numara | Sağ ayak | 1,79 m | G37: AL-SHABAB FC | H37: 46568 | K37: https://www.transfermarkt.com.tr/josh-brownhill/profil/spieler/293569
A38: EMRE AYTUN | B38: TÜRKİYE | D38: =IF(C38="","",DATEDIF(C38,TODAY(),"Y")) | E38: 8 Numara | F38: Merkez Orta Saha | H38: - | K38: https://www.transfermarkt.com/emre-aytun/profil/spieler/459686
D39: =IF(C39="","",DATEDIF(C39,TODAY(),"Y")) | E39: 8 Numara
D40: =IF(C40="","",DATEDIF(C40,TODAY(),"Y")) | E40: 8 Numara
D41: =IF(C41="","",DATEDIF(C41,TODAY(),"Y")) | E41: 8 Numara
D42: =IF(C42="","",DATEDIF(C42,TODAY(),"Y")) | E42: 8 Numara
D43: =IF(C43="","",DATEDIF(C43,TODAY(),"Y")) | E43: 8 Numara
D44: =IF(C44="","",DATEDIF(C44,TODAY(),"Y")) | E44: 8 Numara
D45: =IF(C45="","",DATEDIF(C45,TODAY(),"Y")) | E45: 8 Numara
D46: =IF(C46="","",DATEDIF(C46,TODAY(),"Y")) | E46: 8 Numara
D47: =IF(C47="","",DATEDIF(C47,TODAY(),"Y")) | E47: 8 Numara
D48: =IF(C48="","",DATEDIF(C48,TODAY(),"Y")) | E48: 8 Numara
D49: =IF(C49="","",DATEDIF(C49,TODAY(),"Y")) | E49: 8 Numara
D50: =IF(C50="","",DATEDIF(C50,TODAY(),"Y")) | E50: 8 Numara
... D103: =IF(C103="","",DATEDIF(C103,TODAY(),"Y")) | E103: 8 Numara

Sheet 10 Numaralar
A1: 10 NUMARALAR
A3: Adı Soyadı | B3: Uyruk | C3: Doğum Tarihi | D3: Yaş | E3: Mevki | F3: Profil | G3: Kulübü | H3: Sözleşme Bitiş Tarihi | I3: Durum | J3: Oyuncu Raporu | K3: Oyuncu Profili | L3: Teknik | M3: Fiziksel | N3: Taktik | O3: Mental | P3: Potansiyel | Q3: Lig Uyumu | R3: Maliyet/Fayda | S3: Scout Skoru | T3: Karar | U3: Son İzlenme
A4: ALPHADJO CISSE | B4: İTALYA | C4: 38982 | D4: =IF(C4="","",DATEDIF(C4,TODAY(),"Y")) -> 20 | E4: 10 Numara | G4: MİLAN | H4: 47664 | I4: Sarı | T4: Takip
A5: MELK COSTA DE OLIVEIRA | B5: BREZİLYA | C5: 38926 | D5: =IF(C5="","",DATEDIF(C5,TODAY(),"Y")) -> 20 | E5: 10 Numara | G5: CEARA | H5: 47118 | I5: Kırmızı | T5: Tekrar İzle
A6: LORENZO PELLEGRINI | B6: İTALYA | C6: 35235 | D6: =IF(C6="","",DATEDIF(C6,TODAY(),"Y")) -> 30 | E6: 10 Numara | G6: ROMA | H6: 46568 | I6: Yeşil | T6: A Liste
A7: NOE LEBRETON | B7: FRANSA | C7: 38099 | D7: =IF(C7="","",DATEDIF(C7,TODAY(),"Y")) -> 22 | E7: 10 Numara | G7: NEC NIJMEGEN | H7: 47299 | I7: Yeşil | T7: A Liste
A8: ISI PALAZON | B8: İSPANYA | C8: 34695 | D8: =IF(C8="","",DATEDIF(C8,TODAY(),"Y")) -> 31 | E8: 10 Numara | G8: RAYO VALLECANO | H8: 46934 | I8: Yeşil | K8: https://www.transfermarkt.com.tr/isi-palazon/profil/spieler/362086 | T8: A Liste
A9: ABU-BEKİR ÖMER EL-ZEIN | B9: TÜRKİYE | C9: 37670 | D9: =IF(C9="","",DATEDIF(C9,TODAY(),"Y")) -> 23 | E9: 10 Numara | G9: FREE | H9: - | I9: Kırmızı | K9: https://www.transfermarkt.com.tr/abu-bekir-omer-el-zein/profil/spieler/574195 | T9: Ele
A10: GIORGI CHAKVETADZE | B10: GÜRCİSTAN | C10: 36036 | D10: =IF(C10="","",DATEDIF(C10,TODAY(),"Y")) -> 28 | E10: 10 Numara | G10: UDINESE | H10: 47664 | I10: Yeşil | K10: https://www.transfermarkt.com.tr/giorgi-chakvetadze/profil/spieler/412616 | T10: A Liste
A11: FABRICIO YAN | B11: BREZİLYA | C11: 38027 | D11: =IF(C11="","",DATEDIF(C11,TODAY(),"Y")) -> 22 | E11: 10 Numara | G11: VERES | H11: 47118 | I11: Kırmızı | K11: https://www.transfermarkt.com.tr/fabricio-yan/profil/spieler/1082597 | T11: Ele
A12: NABİL FEKİR | B12: FRANSA | C12: 34168 | D12: =IF(C12="","",DATEDIF(C12,TODAY(),"Y")) -> 33 | E12: 10 Numara | G12: ABHA | H12: 46568 | I12: Kırmızı | K12: https://www.transfermarkt.com.tr/nabil-fekir/profil/spieler/203496 | T12: Ele
A13: MİLAN VUKOTİC | B13: KARADAĞ | C13: 37534 | D13: =IF(C13="","",DATEDIF(C13,TODAY(),"Y")) -> 24 | E13: 10 Numara | G13: PARTİZAN | H13: 47299 | I13: Yeşil | K13: https://www.transfermarkt.com.tr/milan-vukotic/profil/spieler/624353 | T13: Takip
A14: YANİS MASSOLİN | B14: FRANSA | C14: 37519 | D14: =IF(C14="","",DATEDIF(C14,TODAY(),"Y")) -> 24 | E14: 10 Numara | G14: CAGLIARI | H14: 46568 | I14: Yeşil | K14: https://www.transfermarkt.com.tr/yanis-massolin/profil/spieler/915849 | T14: A Liste
A15: ALAN | B15: BREZİLYA | C15: 36593 | D15: =IF(C15="","",DATEDIF(C15,TODAY(),"Y")) -> 26 | E15: 10 Numara | F15: 10 Numara / Merkez Orta Saha | Sağ ayak | 1,65 m | G15: KULÜPSÜZ | H15: - | K15: Transfermarkt Profili
A16: YARI VERSCHAEREN | B16: BELÇİKA | C16: 37084 | D16: =IF(C16="","",DATEDIF(C16,TODAY(),"Y")) -> 25 | E16: 10 Numara | F16: 10 Numara / Merkez Orta Saha / Kanat | Sağ ayak | 1,72 m | G16: UC SAMPDORIA | H16: 47299 | K16: Transfermarkt Profili
A17: GUSTAVO SCARPA | B17: BREZİLYA / İTALYA | C17: 34339 | D17: =IF(C17="","",DATEDIF(C17,TODAY(),"Y")) -> 32 | E17: 10 Numara | F17: 10 Numara / Sağ Orta Saha / Sol Orta Saha | Sol ayak | 1,77 m | G17: ATLÉTICO-MG | H17: 46752 | K17: https://www.transfermarkt.com.br/gustavo-scarpa/profil/spieler/330085
A18: KAMORY DOUMBIA | B18: MALİ | C18: 37670 | D18: =IF(C18="","",DATEDIF(C18,TODAY(),"Y")) -> 23 | E18: 10 Numara | F18: 10 Numara / Merkez Orta Saha | 1,70 m | G18: STADE BRESTOIS | H18: 47299 | K18: https://www.transfermarkt.com.tr/kamory-doumbia/profil/spieler/671594
A19: LUCIANO CABRAL | B19: ŞİLİ / ARJANTİN | C19: 34815 | D19: =IF(C19="","",DATEDIF(C19,TODAY(),"Y")) -> 31 | E19: 10 Numara | F19: 10 Numara / Merkez Orta Saha | G19: INDEPENDIENTE | H19: - | K19: https://www.transfermarkt.com.tr/luciano-cabral/profil/spieler/322610
A20: ZIDAN SERTDEMIR | B20: DANİMARKA / TÜRKİYE | C20: 38387 | D20: =IF(C20="","",DATEDIF(C20,TODAY(),"Y")) -> 21 | E20: 10 Numara | F20: 10 Numara / Sağ Orta Saha / Merkez Orta Saha | Sol ayak | 1,86 m | G20: PREUSSEN MÜNSTER | H20: - | K20: Transfermarkt Profili
A21: LUCAS RODRÍGUEZ | B21: ARJANTİN | C21: 35547 | D21: =IF(C21="","",DATEDIF(C21,TODAY(),"Y")) -> 29 | E21: 10 Numara | F21: 10 Numara / Sol Kanat / Sağ Kanat | Sağ ayak | 1,65 m | G21: KULÜPSÜZ | H21: - | K21: Transfermarkt Profili
A22: FABIAN BZDYL | B22: POLONYA | C22: 39418 | D22: =IF(C22="","",DATEDIF(C22,TODAY(),"Y")) -> 18 | E22: 10 Numara | F22: 10 Numara / Merkez Orta Saha / 6 Numara | Sağ ayak | 1,80 m | G22: MSK ŽILINA | H22: 46934 | K22: https://www.transfermarkt.com.tr/fabian-bzdyl/profil/spieler/1143311
A23: JEAN CARLOS | D23: =IF(C23="","",DATEDIF(C23,TODAY(),"Y")) | E23: 10 Numara | H23: - | K23: https://www.transfermarkt.com.br/jean-carlos/profil/spieler/1092857
A24: UROS MILADINOVIC | D24: =IF(C24="","",DATEDIF(C24,TODAY(),"Y")) | E24: 10 Numara | H24: - | K24: https://www.transfermarkt.com.tr/uros-miladinovic/profil/spieler/851543
A25: MIGUELITO | D25: =IF(C25="","",DATEDIF(C25,TODAY(),"Y")) | E25: 10 Numara | H25: - | K25: https://www.transfermarkt.co.uk/miguelito/profil/spieler/1063811
A26: KENDRY PAEZ | B26: EKVADOR | C26: 39206 | D26: =IF(C26="","",DATEDIF(C26,TODAY(),"Y")) -> 19 | E26: 10 Numara | F26: 10 Numara | Sol ayak | 1,78 m | G26: RIVER PLATE (Chelsea'den kiralık) | H26: 46568 | K26: https://www.transfermarkt.com.ar/kendry-paez/profil/spieler/1052439
D27: =IF(C27="","",DATEDIF(C27,TODAY(),"Y")) | E27: 10 Numara
D28: =IF(C28="","",DATEDIF(C28,TODAY(),"Y")) | E28: 10 Numara
D29: =IF(C29="","",DATEDIF(C29,TODAY(),"Y")) | E29: 10 Numara
D30: =IF(C30="","",DATEDIF(C30,TODAY(),"Y")) | E30: 10 Numara
D31: =IF(C31="","",DATEDIF(C31,TODAY(),"Y")) | E31: 10 Numara
D32: =IF(C32="","",DATEDIF(C32,TODAY(),"Y")) | E32: 10 Numara
D33: =IF(C33="","",DATEDIF(C33,TODAY(),"Y")) | E33: 10 Numara
D34: =IF(C34="","",DATEDIF(C34,TODAY(),"Y")) | E34: 10 Numara
D35: =IF(C35="","",DATEDIF(C35,TODAY(),"Y")) | E35: 10 Numara
D36: =IF(C36="","",DATEDIF(C36,TODAY(),"Y")) | E36: 10 Numara
D37: =IF(C37="","",DATEDIF(C37,TODAY(),"Y")) | E37: 10 Numara
D38: =IF(C38="","",DATEDIF(C38,TODAY(),"Y")) | E38: 10 Numara
... D103: =IF(C103="","",DATEDIF(C103,TODAY(),"Y")) | E103: 10 Numara

Sheet Kanatlar
A1: KANATLAR
A3: Adı Soyadı | B3: Uyruk | C3: Doğum Tarihi | D3: Yaş | E3: Mevki | F3: Profil | G3: Kulübü | H3: Sözleşme Bitiş Tarihi | I3: Durum | J3: Oyuncu Raporu | K3: Oyuncu Profili | L3: Teknik | M3: Fiziksel | N3: Taktik | O3: Mental | P3: Potansiyel | Q3: Lig Uyumu | R3: Maliyet/Fayda | S3: Scout Skoru | T3: Karar | U3: Son İzlenme
A4: AHIDERA EJUKE | B4: NİJERYA | C4: 35797 | D4: =IF(C4="","",DATEDIF(C4,TODAY(),"Y")) -> 28 | E4: Kanat | G4: SEVILLA | H4: 46568 | I4: Yeşil | T4: A Liste
A5: ALEHANDRO MARTINEZ | B5: ARJANTİN | C5: 35161 | D5: =IF(C5="","",DATEDIF(C5,TODAY(),"Y")) -> 30 | E5: Kanat | G5: NACIONAL | H5: 46387 | I5: Kırmızı | T5: Ele
A6: EMRE ERDOĞAN | B6: TÜRKİYE | C6: 39137 | D6: =IF(C6="","",DATEDIF(C6,TODAY(),"Y")) -> 19 | E6: Kanat | G6: 1860 MUNIH | H6: 46568 | I6: Sarı | T6: Takip
A7: GONCALO SOUSA | B7: PORTEKİZ | C7: 38898 | D7: =IF(C7="","",DATEDIF(C7,TODAY(),"Y")) -> 20 | E7: Kanat | G7: KOCAELİSPOR/PORTO | H7: 46568 | I7: Sarı | T7: Tekrar İzle
A8: ARBER HOXHA | B8: ARNAVUTLUK | C8: 36074 | D8: =IF(C8="","",DATEDIF(C8,TODAY(),"Y")) -> 28 | E8: Kanat | G8: DINAMO ZAGREB | H8: 47299 | I8: Kırmızı | T8: Ele
A9: GUSTAVO HENRICK DA SILVA | B9: BREZİLYA | C9: 35680 | D9: =IF(C9="","",DATEDIF(C9,TODAY(),"Y")) -> 29 | E9: Kanat | G9: MIRASSOL | H9: 46752 | I9: Kırmızı | K9: https://www.transfermarkt.com.tr/gustavo-silva/profil/spieler/636314 | T9: Ele
A10: SAM SILVERE | B10: AVUSTURYA | C10: 36824 | D10: =IF(C10="","",DATEDIF(C10,TODAY(),"Y")) -> 25 | E10: Kanat | G10: MK DONS | H10: 46568 | I10: Kırmızı | K10: https://www.transfermarkt.com.tr/sam-silvera/profil/spieler/680531 | T10: Ele
A11: LURİ TAVARES | B11: YEŞİL BURUN | C11: 36958 | D11: =IF(C11="","",DATEDIF(C11,TODAY(),"Y")) -> 25 | E11: Kanat | G11: NK VARAZDIN | H11: 46904 | I11: Sarı | K11: https://www.transfermarkt.com.tr/iuri-tavares/profil/spieler/549016 | T11: Takip
A12: MARİN PETKOV | B12: BULGARİSTAN | C12: 37895 | D12: =IF(C12="","",DATEDIF(C12,TODAY(),"Y")) -> 23 | E12: Kanat | G12: AL-TAAWOUN | H12: 46934 | I12: Sarı | K12: https://www.transfermarkt.com.tr/marin-petkov/profil/spieler/675946 | T12: Takip
A13: OLEKSANDR NAZARENKO | B13: UKRAYNA | C13: 36557 | D13: =IF(C13="","",DATEDIF(C13,TODAY(),"Y")) -> 26 | E13: Kanat | G13: POLİSSYA | H13: 46934 | I13: Kırmızı | K13: https://www.transfermarkt.com.tr/oleksandr-nazarenko/profil/spieler/495920 | T13: Ele
A14: THIERNO BALLO | B14: AVUSTURYA | C14: 37258 | D14: =IF(C14="","",DATEDIF(C14,TODAY(),"Y")) -> 24 | E14: Kanat | G14: ST.ETTIEN | H14: 47664 | I14: Sarı | K14: https://www.transfermarkt.com.tr/thierno-ballo/profil/spieler/406608 | T14: Takip
A15: STEFAN BITCA | B15: MOLDOVA | C15: 38622 | D15: =IF(C15="","",DATEDIF(C15,TODAY(),"Y")) -> 21 | E15: Kanat | G15: FC SHERIFF | H15: 46934 | I15: Kırmızı | K15: https://www.transfermarkt.com.tr/stefan-bitca/profil/spieler/1034636 | T15: Ele
A16: THAPELO MASEKO | B16: GÜNEY AFRİKA | C16: 37936 | D16: =IF(C16="","",DATEDIF(C16,TODAY(),"Y")) -> 22 | E16: Kanat | G16: KOPENHAG | H16: 47664 | I16: Yeşil | K16: https://www.transfermarkt.com.tr/thapelo-maseko/profil/spieler/983330 | T16: B Liste
A17: MIKAEL FELIPE VIANA | B17: BREZİLYA | C17: 36308 | D17: =IF(C17="","",DATEDIF(C17,TODAY(),"Y")) -> 27 | E17: Kanat | G17: CLUBE DE REGATAS | H17: 46721 | I17: Sarı | K17: https://www.transfermarkt.com.tr/mikael/profil/spieler/642689 | T17: Tekrar İzle
A18: JOVANE CABRAL | B18: YEŞİL BURUN | C18: 35960 | D18: =IF(C18="","",DATEDIF(C18,TODAY(),"Y")) -> 28 | E18: Kanat | G18: GREMIO | H18: 46752 | I18: Sarı | K18: https://www.transfermarkt.com.tr/jovane-cabral/profil/spieler/448466 | T18: Tekrar İzle
A19: OSWIN APPOLLİS | B19: GÜNEY AFRİKA | C19: 37128 | D19: =IF(C19="","",DATEDIF(C19,TODAY(),"Y")) -> 25 | E19: Kanat | G19: PİRATES | H19: 46568 | I19: Sarı | K19: https://www.transfermarkt.com.tr/oswin-appollis/profil/spieler/673381 | T19: Tekrar İzle
A20: BENJAMIN BOAKYE | B20: ALMANYA | C20: 38418 | D20: =IF(C20="","",DATEDIF(C20,TODAY(),"Y")) -> 21 | E20: Kanat | G20: BIELEFELD | H20: 46568 | I20: Kırmızı | K20: https://www.transfermarkt.com.tr/benjamin-boakye/profil/spieler/800988 | T20: Ele
A21: OLEKSIY GUTSULYAK | B21: UKRAYNA | C21: 35789 | D21: =IF(C21="","",DATEDIF(C21,TODAY(),"Y")) -> 28 | E21: Kanat | H21: FREE | I21: Kırmızı | K21: https://www.transfermarkt.com.tr/oleksiy-gutsulyak/profil/spieler/296366 | T21: Ele
A22: JONATHAN IKONE | B22: FRANSA | C22: 35856 | D22: =IF(C22="","",DATEDIF(C22,TODAY(),"Y")) -> 28 | E22: Kanat | G22: PARIS FC | H22: 46568 | I22: Sarı | K22: https://www.transfermarkt.com.tr/jonathan-ikone/profil/spieler/324690#google_vignette | T22: Takip
A23: THIAGO CRUZ FERNANDEZ | B23: ARJANTİN | C23: 38080 | D23: =IF(C23="","",DATEDIF(C23,TODAY(),"Y")) -> 22 | E23: Kanat | G23: LEVANTE | H23: 46568 | I23: Yeşil | K23: https://www.transfermarkt.com.tr/thiago-fernandez/profil/spieler/1127730 | T23: B Liste
A24: MOHAMMAD MOHEBİ | B24: İRAN | C24: 36149 | D24: =IF(C24="","",DATEDIF(C24,TODAY(),"Y")) -> 27 | E24: Kanat | G24: HNK RIJEKA | H24: 46934 | I24: Sarı | K24: https://www.transfermarkt.com.tr/mohammad-mohebi/profil/spieler/603149 | T24: Tekrar İzle
A25: MARIN PETKOV | B25: BULGARİSTAN | C25: 37896 | D25: =IF(C25="","",DATEDIF(C25,TODAY(),"Y")) -> 23 | E25: Kanat | F25: Sağ Kanat / 10 Numara / Sol Kanat | Sol ayak | 1,79 m | G25: AL-TAAWOUN FC | H25: 46934 | K25: https://www.transfermarkt.com.tr/marin-petkov/profil/spieler/675946
A26: IURI TAVARES | B26: YEŞİL BURUN ADALARI / PORTEKİZ | C26: 36958 | D26: =IF(C26="","",DATEDIF(C26,TODAY(),"Y")) -> 25 | E26: Kanat | F26: Sol Kanat / Santrafor | Sağ ayak | 1,91 m | G26: NK VARAŽDIN | H26: 46904 | K26: https://www.transfermarkt.com.tr/iuri-tavares/profil/spieler/549016
A27: GUSTAVO SILVA | B27: BREZİLYA | C27: 35680 | D27: =IF(C27="","",DATEDIF(C27,TODAY(),"Y")) -> 29 | E27: Kanat | F27: Sağ Kanat / Sol Kanat / Forvet Arkası | Sağ ayak | 1,68 m | G27: KULÜPSÜZ | H27: - | K27: https://www.transfermarkt.com.br/gustavo-silva/profil/spieler/636314
A28: THIAGO FERNANDEZ | B28: ARJANTİN | C28: 38080 | D28: =IF(C28="","",DATEDIF(C28,TODAY(),"Y")) -> 22 | E28: Kanat | F28: Sol Kanat / Sağ Kanat / 10 Numara | Sağ ayak | 1,75 m | G28: LEVANTE UD (Villarreal'den kiralık) | H28: 48029 | K28: Transfermarkt Profili
A29: NICOLAS PAYS | B29: FRANSA | C29: 37809 | D29: =IF(C29="","",DATEDIF(C29,TODAY(),"Y")) -> 23 | E29: Kanat | F29: Sağ Kanat / 10 Numara | Sol ayak | 1,77 m | G29: MONTPELLIER HSC | H29: 46934 | K29: Transfermarkt Profili
A30: AMINE HARIT | B30: FAS / FRANSA | C30: 35599 | D30: =IF(C30="","",DATEDIF(C30,TODAY(),"Y")) -> 29 | E30: Kanat | F30: Sol Kanat / 10 Numara / Sağ Kanat | Sağ ayak | 1,80 m | G30: OLYMPIQUE MARSEILLE | H30: 46568 | K30: https://www.transfermarkt.com.tr/amine-harit/profil/spieler/372711
A31: DIEGO LAINEZ | B31: MEKSİKA / İSPANYA | C31: 36686 | D31: =IF(C31="","",DATEDIF(C31,TODAY(),"Y")) -> 26 | E31: Kanat | F31: Sağ Kanat / Sol Kanat / 10 Numara | Sol ayak | 1,67 m | G31: TIGRES UANL | H31: 46568 | K31: https://www.transfermarkt.com.tr/diego-lainez/profil/spieler/371174
A32: YOUNES TAHA | B32: FAS / HOLLANDA | C32: 37587 | D32: =IF(C32="","",DATEDIF(C32,TODAY(),"Y")) -> 23 | E32: Kanat | F32: Sağ Kanat | 1,76 m | G32: FC TWENTE | H32: 46568 | K32: https://www.transfermarkt.de/younes-taha/profil/spieler/866328
A33: OUSSAMA IDRISSI | B33: FAS / HOLLANDA | C33: 35121 | D33: =IF(C33="","",DATEDIF(C33,TODAY(),"Y")) -> 30 | E33: Kanat | F33: Sol Kanat | 1,79 m | G33: CF PACHUCA | H33: 46934 | K33: https://www.transfermarkt.nl/oussama-idrissi/profil/spieler/241391
A34: YEFERSON SOTELDO | B34: VENEZUELA | C34: 35611 | D34: =IF(C34="","",DATEDIF(C34,TODAY(),"Y")) -> 29 | E34: Kanat | F34: Sol Kanat / Sağ Kanat / Forvet Arkası | Sağ ayak | 1,60 m | G34: FLUMINENSE | H34: 47118 | K34: https://www.transfermarkt.com.br/yeferson-soteldo/profil/spieler/312294
A35: WILLIAN | B35: BREZİLYA | C35: 32364 | D35: =IF(C35="","",DATEDIF(C35,TODAY(),"Y")) -> 38 | E35: Kanat | F35: Sol Kanat / Sağ Kanat / 10 Numara | Sağ ayak | 1,75 m | G35: GRÊMIO | H35: 46387 | K35: https://www.transfermarkt.com.br/willian/profil/spieler/52769
A36: VITINHO | B36: BREZİLYA | C36: 34251 | D36: =IF(C36="","",DATEDIF(C36,TODAY(),"Y")) -> 32 | E36: Kanat | F36: Sol Kanat / 10 Numara / Santrafor | Sağ ayak | 1,80 m | G36: CORINTHIANS | H36: 46387 | K36: https://www.transfermarkt.com.br/vitinho/profil/spieler/213605
A37: RAYN KIZITO | B37: UGANDA | C37: 38353 | D37: =IF(C37="","",DATEDIF(C37,TODAY(),"Y")) -> 21 | E37: Kanat | F37: Kanat | G37: - | H37: - | K37: https://www.transfermarkt.com/rayn-kizito/profil/spieler/1325325
A38: RONALD | B38: BREZİLYA | C38: 37056 | D38: =IF(C38="","",DATEDIF(C38,TODAY(),"Y")) -> 25 | E38: Kanat | F38: Sağ Kanat / Sol Kanat | Sağ ayak | 1,77 m | G38: SWANSEA CITY | H38: 46568 | K38: https://www.transfermarkt.com/ronald/profil/spieler/862554
A39: STIPE BIUK | B39: HIRVATİSTAN | C39: 37616 | D39: =IF(C39="","",DATEDIF(C39,TODAY(),"Y")) -> 23 | E39: Kanat | F39: Sol Kanat / Sağ Kanat | Sağ ayak | 1,84 m | G39: REAL VALLADOLID | H39: 47299 | K39: https://www.transfermarkt.com.tr/stipe-biuk/profil/spieler/587520
A40: MUSA BARROW | B40: GAMBİYA | C40: 36113 | D40: =IF(C40="","",DATEDIF(C40,TODAY(),"Y")) -> 27 | E40: Kanat | F40: Sol Kanat / Santrafor / Forvet Arkası | Sağ ayak | 1,84 m | G40: KULÜPSÜZ | H40: - | K40: https://www.transfermarkt.de/musa-barrow/profil/spieler/486624
A41: JESPER KARLSSON | B41: İSVEÇ | C41: 36001 | D41: =IF(C41="","",DATEDIF(C41,TODAY(),"Y")) -> 28 | E41: Kanat | F41: Sol Kanat / Sağ Kanat | Sağ ayak | 1,79 m | G41: BOLOGNA FC | H41: 46934 | K41: https://www.transfermarkt.it/jesper-karlsson/profil/spieler/367992
A42: OUSSEYNOU NIANG | B42: SENEGAL | C42: 37176 | D42: =IF(C42="","",DATEDIF(C42,TODAY(),"Y")) -> 24 | E42: Kanat | F42: Sol Orta Saha / Kanat | Sağ ayak | 1,68 m | G42: ZULTE WAREGEM | H42: - | K42: https://www.transfermarkt.com.tr/ousseynou-niang/profil/spieler/509463
A43: YOUSSOUPHA SANYANG | B43: GAMBİYA | C43: 38595 | D43: =IF(C43="","",DATEDIF(C43,TODAY(),"Y")) -> 21 | E43: Kanat | F43: Sol Kanat | Sol ayak | 1,75 m | G43: SLAVIA PRAG | H43: 47664 | K43: https://www.transfermarkt.com.tr/youssoupha-sanyang/profil/spieler/1238634
A44: TOMAS CHANCALAY | B44: ARJANTİN | C44: 36161 | D44: =IF(C44="","",DATEDIF(C44,TODAY(),"Y")) -> 27 | E44: Kanat | F44: Sol Kanat / Sağ Kanat | Sağ ayak | 1,79 m | G44: MINNESOTA UNITED | H44: 46934 | K44: https://www.transfermarkt.com.tr/tomas-chancalay/profil/spieler/533565
A45: BONGOKUHLE HLONGWANE | B45: GÜNEY AFRİKA | C45: 36697 | D45: =IF(C45="","",DATEDIF(C45,TODAY(),"Y")) -> 26 | E45: Kanat | F45: Sağ Kanat | 1,82 m | G45: MINNESOTA UNITED | H45: 46752 | K45: https://www.transfermarkt.com.tr/bongokuhle-hlongwane/profil/spieler/669202
A46: BERTRAND TRAORE | B46: BURKİNA FASO | C46: 34948 | D46: =IF(C46="","",DATEDIF(C46,TODAY(),"Y")) -> 31 | E46: Kanat | F46: Sağ Kanat / Santrafor / Sol Kanat | Sol ayak | 1,81 m | G46: KULÜPSÜZ | H46: - | K46: https://www.transfermarkt.com.tr/bertrand-traore/profil/spieler/131996
A47: IBRAHIM SADIQ | B47: GANA | C47: 36653 | D47: =IF(C47="","",DATEDIF(C47,TODAY(),"Y")) -> 26 | E47: Kanat | F47: Sağ Kanat / Sol Kanat / Santrafor | Sağ ayak | 1,67 m | G47: AZ ALKMAAR | H47: 46934 | K47: https://www.transfermarkt.com/ibrahim-sadiq/profil/spieler/543501
A48: ISMAEL GHARBI | B48: TUNUS / İSPANYA | C48: 38087 | D48: =IF(C48="","",DATEDIF(C48,TODAY(),"Y")) -> 22 | E48: Kanat | F48: Sol Kanat / 10 Numara / Sağ Kanat | Sağ ayak | 1,80 m | G48: SC BRAGA | H48: 47299 | K48: https://www.transfermarkt.com/ismael-gharbi/profil/spieler/810096
A49: JESÚS MEDINA | B49: PARAGUAY | C49: 35550 | D49: =IF(C49="","",DATEDIF(C49,TODAY(),"Y")) -> 29 | E49: Kanat | F49: Sağ Kanat / Sol Kanat / 10 Numara | Sol ayak | 1,78 m | G49: ATLÉTICO DE SAN LUIS | H49: - | K49: Transfermarkt Profili
A50: YANN KARAMOH | B50: FRANSA / FİLDİŞİ SAHİLİ | C50: 35984 | D50: =IF(C50="","",DATEDIF(C50,TODAY(),"Y")) -> 28 | E50: Kanat | F50: Sol Kanat / Sağ Kanat / Santrafor | Sağ ayak | 1,84 m | G50: KULÜPSÜZ | H50: - | K50: Transfermarkt Profili
A51: LECHI SADULAEV | B51: RUSYA | C51: 36533 | D51: =IF(C51="","",DATEDIF(C51,TODAY(),"Y")) -> 26 | E51: Kanat | F51: Sol Kanat / Sağ Kanat / 10 Numara | Sol ayak | 1,79 m | G51: AKHMAT GROZNY | H51: 46934 | K51: Transfermarkt Profili
A52: MARCOS PAULO | B52: PORTEKİZ / BREZİLYA | C52: 36923 | D52: =IF(C52="","",DATEDIF(C52,TODAY(),"Y")) -> 25 | E52: Kanat | F52: Sol Kanat / Sağ Kanat / Santrafor | Sağ ayak | 1,86 m | G52: JUVENTUDE | H52: 46387 | K52: Transfermarkt Profili
A53: EHIJE UKAKI | B53: NİJERYA | C53: 38262 | D53: =IF(C53="","",DATEDIF(C53,TODAY(),"Y")) -> 22 | E53: Kanat | F53: Sağ Kanat / Sağ Bek / Sol Kanat | Sağ ayak | 1,75 m | G53: SHEFFIELD UNITED | H53: 46934 | K53: Transfermarkt Profili
A54: WELLITON | B54: BREZİLYA | C54: 36721 | D54: =IF(C54="","",DATEDIF(C54,TODAY(),"Y")) -> 26 | E54: Kanat | F54: Sağ Kanat / Sol Kanat / İkinci Forvet | Sağ ayak | 1,80 m | G54: FORTALEZA | H54: 46356 | K54: Transfermarkt Profili
A55: ADRIANO | B55: BREZİLYA | C55: 37302 | D55: =IF(C55="","",DATEDIF(C55,TODAY(),"Y")) -> 24 | E55: Kanat | F55: Sol Orta Saha / Sağ Orta Saha / 10 Numara | Sağ ayak | 1,75 m | G55: RAKÓW CZĘSTOCHOWA | H55: 46934 | K55: Transfermarkt Profili
A56: FAROUCK ADEKAMI | D56: =IF(C56="","",DATEDIF(C56,TODAY(),"Y")) | E56: Kanat | H56: - | K56: https://www.transfermarkt.com/farouck-adekami/profil/spieler/1293796
A57: ADNANE ABID | B57: BELÇİKA / FAS | C57: 37856 | D57: =IF(C57="","",DATEDIF(C57,TODAY(),"Y")) -> 23 | E57: Kanat | F57: Sağ Kanat / Sol Kanat / 10 Numara | Sağ ayak | 1,67 m | G57: STANDARD LIÈGE | H57: 47299 | K57: https://www.transfermarkt.fr/adnane-abid/profil/spieler/583899
A58: MYRON VAN BREDERODE | B58: HOLLANDA | C58: 37808 | D58: =IF(C58="","",DATEDIF(C58,TODAY(),"Y")) -> 23 | E58: Kanat | F58: Sol Kanat / 10 Numara | Sağ ayak | 1,74 m | G58: KV MECHELEN | H58: 47299 | K58: https://www.transfermarkt.com.tr/myron-van-brederode/profil/spieler/650712
A59: CEDRIC NUOZZI | B59: BELÇİKA | C59: 38747 | D59: =IF(C59="","",DATEDIF(C59,TODAY(),"Y")) -> 20 | E59: Kanat | F59: Sol Kanat / Sağ Kanat | Sağ ayak | 1,77 m | G59: FC ALVERCA | H59: 46934 | K59: https://www.transfermarkt.com.tr/cedric-nuozzi/profil/spieler/859923
A60: CHIQUINHO | B60: PORTEKİZ / YEŞİL BURUN ADALARI | C60: 36561 | D60: =IF(C60="","",DATEDIF(C60,TODAY(),"Y")) -> 26 | E60: Kanat | F60: Sol Kanat / Sağ Kanat | Sağ ayak | 1,79 m | G60: FC ALVERCA | H60: 46934 | K60: https://www.transfermarkt.com.tr/chiquinho/profil/spieler/695454
A61: SULEMAN SANI | B61: NİJERYA | C61: 38961 | D61: =IF(C61="","",DATEDIF(C61,TODAY(),"Y")) -> 20 | E61: Kanat | F61: Sol Kanat / Sağ Kanat | Sağ ayak | 1,75 m | G61: RB LEIPZIG | H61: 48029 | K61: https://www.transfermarkt.com/suleman-sani/profil/spieler/1235583
A62: ZAKARIA ABOUKHLAL | B62: FAS / HOLLANDA | C62: 36574 | D62: =IF(C62="","",DATEDIF(C62,TODAY(),"Y")) -> 26 | E62: Kanat | F62: Sağ Kanat / Sol Kanat / İkinci Forvet | Çift ayak | 1,79 m | G62: TORINO FC | H62: 47299 | K62: https://www.transfermarkt.com.tr/zakaria-aboukhlal/leistungsdatendetails/spieler/393238
A63: FABRICE TAMBA | B63: SENEGAL | C63: 38010 | D63: =IF(C63="","",DATEDIF(C63,TODAY(),"Y")) -> 22 | E63: Kanat | F63: Sağ Kanat / Sol Kanat / Santrafor | Sağ ayak | 1,75 m | G63: SHKENDIJA TETOVO | H63: 46934 | K63: https://www.transfermarkt.com.tr/fabrice-tamba/profil/spieler/1008877
A64: LUCA OYEN | B64: BELÇİKA | C64: 37694 | D64: =IF(C64="","",DATEDIF(C64,TODAY(),"Y")) -> 23 | E64: Kanat | F64: Sol Kanat | G64: SC HEERENVEEN | H64: 47299 | K64: https://www.transfermarkt.com.tr/luca-oyen/profil/spieler/551085
A65: NICOLAS VALLEJO | D65: =IF(C65="","",DATEDIF(C65,TODAY(),"Y")) | E65: Kanat | H65: - | K65: https://www.transfermarkt.com.ar/nicolas-vallejo/profil/spieler/1040204
A66: NEMANJA TRIFUNOVIC | B66: SIRBİSTAN | C66: 38167 | D66: =IF(C66="","",DATEDIF(C66,TODAY(),"Y")) -> 22 | E66: Kanat | F66: Sol Kanat / Sağ Kanat | Sağ ayak | 1,80 m | G66: PARTIZAN | H66: 46934 | K66: https://www.transfermarkt.com/nemanja-trifunovic/profil/spieler/848660
A67: ADRIAN BLAKE | B67: İNGİLTERE / JAMAİKA | C67: 38548 | D67: =IF(C67="","",DATEDIF(C67,TODAY(),"Y")) -> 21 | E67: Kanat | F67: Sol Kanat / Sağ Kanat | Sağ ayak | 1,82 m | G67: FC UTRECHT | H67: 46568 | K67: https://www.transfermarkt.com.tr/adrian-blake/profil/spieler/875581
A68: VITINHO MOTA | D68: =IF(C68="","",DATEDIF(C68,TODAY(),"Y")) | E68: Kanat | H68: - | K68: https://www.transfermarkt.com.br/vitinho-mota/profil/spieler/1090856
A69: WARREN MADRIGAL | B69: KOSTA RİKA | C69: 38192 | D69: =IF(C69="","",DATEDIF(C69,TODAY(),"Y")) -> 22 | E69: Kanat | F69: Sol Kanat / Sağ Kanat / Santrafor | Sağ ayak | 1,85 m | G69: NASHVILLE SC | H69: 47299 | K69: https://www.transfermarkt.com.tr/warren-madrigal/profil/spieler/799682
A70: JOB OCHIENG | B70: KENYA | C70: 37638 | D70: =IF(C70="","",DATEDIF(C70,TODAY(),"Y")) -> 23 | E70: Kanat | F70: Sağ Kanat / Sol Kanat | Sağ ayak | 1,85 m | G70: REAL SOCIEDAD B | H70: 46934 | K70: https://www.transfermarkt.com.tr/job-ochieng/profil/spieler/1105810
A71: NINO MARCELLI | D71: =IF(C71="","",DATEDIF(C71,TODAY(),"Y")) | E71: Kanat | H71: - | K71: https://www.transfermarkt.com.tr/nino-marcelli/profil/spieler/726661
A72: GUILHERME BIRO | B72: BREZİLYA | C72: 38097 | D72: =IF(C72="","",DATEDIF(C72,TODAY(),"Y")) -> 22 | E72: Kanat | F72: Sağ Kanat / Sol Kanat / 10 Numara | Sol ayak | 1,71 m | G72: SHARJAH FC | H72: 47299 | K72: https://www.transfermarkt.com.tr/guilherme-biro/profil/spieler/743590
A73: LUKA ROMERO | B73: ARJANTİN / İSPANYA | C73: 38309 | D73: =IF(C73="","",DATEDIF(C73,TODAY(),"Y")) -> 21 | E73: Kanat | F73: Sağ Kanat / 10 Numara | Sol ayak | 1,69 m | G73: CRUZ AZUL | H73: 47664 | K73: https://www.transfermarkt.com.tr/luka-romero/profil/spieler/769063
A74: MAURO COUTO | D74: =IF(C74="","",DATEDIF(C74,TODAY(),"Y")) | E74: Kanat | H74: - | K74: https://www.transfermarkt.com.tr/mauro-couto/profil/spieler/1056907
A75: OSCAR KABWIT | D75: =IF(C75="","",DATEDIF(C75,TODAY(),"Y")) | E75: Kanat | H75: - | K75: https://www.transfermarkt.com.tr/oscar-kabwit/leistungsdatendetails/spieler/1087164
A76: ANTHONY VALENCIA | B76: EKVADOR | C76: 37823 | D76: =IF(C76="","",DATEDIF(C76,TODAY(),"Y")) -> 23 | E76: Kanat | F76: Sağ Kanat | Sol ayak | 1,73 m | G76: ROYAL ANTWERP | H76: 46203 | K76: https://www.transfermarkt.de/anthony-valencia/profil/spieler/974374
A77: UMEH EMMANUEL | D77: =IF(C77="","",DATEDIF(C77,TODAY(),"Y")) | E77: Kanat | H77: - | K77: https://www.transfermarkt.com/umeh-emmanuel/profil/spieler/1068245
A78: MARQUINHOS | B78: BREZİLYA | C78: 37718 | D78: =IF(C78="","",DATEDIF(C78,TODAY(),"Y")) -> 23 | E78: Kanat | F78: Sağ Kanat / Sol Kanat | Sol ayak | 1,75 m | G78: CRUZEIRO | H78: 47118 | K78: https://www.transfermarkt.com.br/marquinhos/profil/spieler/668268
A79: RENE | D79: =IF(C79="","",DATEDIF(C79,TODAY(),"Y")) | E79: Kanat | H79: - | K79: https://www.transfermarkt.com.br/rene/profil/spieler/1093951
A80: LOIC ESSOMBA | D80: =IF(C80="","",DATEDIF(C80,TODAY(),"Y")) | E80: Kanat | H80: - | K80: https://www.transfermarkt.com.tr/loic-essomba/profil/spieler/1040825
A81: MAXIMILIANO GUTIERREZ | D81: =IF(C81="","",DATEDIF(C81,TODAY(),"Y")) | E81: Kanat | H81: - | K81: https://www.transfermarkt.es/maximiliano-gutierrez/profil/spieler/965323
A82: JORDHY THOMPSON | D82: =IF(C82="","",DATEDIF(C82,TODAY(),"Y")) | E82: Kanat | H82: - | K82: https://www.transfermarkt.com/jordhy-thompson/profil/spieler/889462
A83: LUCA ORELLANO | D83: =IF(C83="","",DATEDIF(C83,TODAY(),"Y")) | E83: Kanat | H83: - | K83: https://www.transfermarkt.co.uk/luca-orellano/profil/spieler/636784
A84: DANIO DJASSI | D84: =IF(C84="","",DATEDIF(C84,TODAY(),"Y")) | E84: Kanat | H84: - | K84: https://www.transfermarkt.com.tr/danio-djassi/profil/spieler/1294213
A85: LEONARDO BOVIO | D85: =IF(C85="","",DATEDIF(C85,TODAY(),"Y")) | E85: Kanat | H85: - | K85: https://www.transfermarkt.com/leonardo-bovio/profil/spieler/1058350
A86: SAMUEL AKERE | D86: =IF(C86="","",DATEDIF(C86,TODAY(),"Y")) | E86: Kanat | H86: - | K86: https://www.transfermarkt.com.tr/samuel-akere/profil/spieler/1012052
A87: JORGE MEIRELES | B87: PORTEKİZ | C87: 38081 | D87: =IF(C87="","",DATEDIF(C87,TODAY(),"Y")) -> 22 | E87: Kanat | F87: Sol Kanat / Santrafor / Sağ Kanat | Sağ ayak | 1,80 m | G87: ESTRELA AMADORA | H87: 46934 | K87: https://www.transfermarkt.com.tr/jorge-meireles/profil/spieler/742454
A88: HERBA GUIRASSY | D88: =IF(C88="","",DATEDIF(C88,TODAY(),"Y")) | E88: Kanat | H88: - | K88: https://www.transfermarkt.us/herba-guirassy/profil/spieler/1119453
A89: LAZAR RANDJELOVIC | D89: =IF(C89="","",DATEDIF(C89,TODAY(),"Y")) | E89: Kanat | H89: - | K89: https://www.transfermarkt.com.tr/lazar-randjelovic/profil/spieler/512394
A90: YANNICK CARRASCO | B90: BELÇİKA | C90: 34216 | D90: =IF(C90="","",DATEDIF(C90,TODAY(),"Y")) -> 33 | E90: Kanat | F90: Sol Kanat / Sağ Kanat | H90: - | K90: https://www.transfermarkt.de/yannick-carrasco/profil/spieler/140776
A91: KREPIN DIATTA | B91: SENEGAL | C91: 36216 | D91: =IF(C91="","",DATEDIF(C91,TODAY(),"Y")) -> 27 | E91: Kanat | F91: Sağ Orta Saha / Sağ Kanat / Sağ Bek | Sağ ayak | 1,73 m | G91: KULÜPSÜZ | H91: - | K91: https://www.transfermarkt.com.tr/krepin-diatta/profil/spieler/490426
A92: JAMINTON CAMPAZ | B92: KOLOMBİYA | C92: 36670 | D92: =IF(C92="","",DATEDIF(C92,TODAY(),"Y")) -> 26 | E92: Kanat | F92: Sol Kanat / 10 Numara / Sağ Kanat | Sol ayak | 1,66 m | G92: ROSARIO CENTRAL | H92: 46387 | K92: https://www.transfermarkt.us/jaminton-campaz/profil/spieler/491553
A93: RAMIRO ARCIGA | B93: MEKSİKA | D93: =IF(C93="","",DATEDIF(C93,TODAY(),"Y")) | E93: Kanat | F93: Kanat | H93: - | K93: https://www.transfermarkt.com.tr/ramiro-arciga/profil/spieler/1087349
A94: DANTE SEALY | B94: TRİNİDAD VE TOBAGO | C94: 37728 | D94: =IF(C94="","",DATEDIF(C94,TODAY(),"Y")) -> 23 | E94: Kanat | F94: Sağ Kanat | 1,78 m | G94: COLORADO RAPIDS | H94: 46387 | K94: https://www.transfermarkt.com.tr/dante-sealy/profil/spieler/568179
A95: MOMOH KAMARA | D95: =IF(C95="","",DATEDIF(C95,TODAY(),"Y")) | E95: Kanat | F95: Kanat | H95: - | K95: https://www.transfermarkt.com.tr/momoh-kamara/profil/spieler/1129935
A96: NUNO MOREIRA | B96: PORTEKİZ | D96: =IF(C96="","",DATEDIF(C96,TODAY(),"Y")) | E96: Kanat | F96: Kanat | H96: - | K96: https://www.transfermarkt.com.tr/nuno-moreira/profil/spieler/461937
A97: MARCO PASALIC | B97: HIRVATİSTAN / ALMANYA | C97: 36783 | D97: =IF(C97="","",DATEDIF(C97,TODAY(),"Y")) -> 26 | E97: Kanat | F97: Sağ Kanat / Sol Kanat / Sağ Orta Saha | Sol ayak | 1,77 m | G97: ORLANDO CITY | H97: 46752 | K97: https://www.transfermarkt.com/marco-pasalic/profil/spieler/395928
A98: SANKARA KARAMOKO | D98: =IF(C98="","",DATEDIF(C98,TODAY(),"Y")) | E98: Kanat | F98: Kanat | H98: - | K98: https://www.transfermarkt.co.uk/sankara-karamoko/profil/spieler/1067902
A99: LORENZO BILIBOC | D99: =IF(C99="","",DATEDIF(C99,TODAY(),"Y")) | E99: Kanat | F99: Kanat | H99: - | K99: https://www.transfermarkt.com/lorenzo-biliboc/profil/spieler/993687
A100: SILVA KANI | B100: İSRAİL | D100: =IF(C100="","",DATEDIF(C100,TODAY(),"Y")) | E100: Kanat | F100: Kanat | H100: - | K100: https://www.transfermarkt.com.tr/silva-kani/profil/spieler/783327
D101: =IF(C101="","",DATEDIF(C101,TODAY(),"Y")) | E101: Kanat
...

Sheet Forvetler
A1: FORVETLER
A3: Adı Soyadı | B3: Uyruk | C3: Doğum Tarihi | D3: Yaş | E3: Mevki | F3: Profil | G3: Kulübü | H3: Sözleşme Bitiş Tarihi | I3: Durum | J3: Oyuncu Raporu | K3: Oyuncu Profili | L3: Teknik | M3: Fiziksel | N3: Taktik | O3: Mental | P3: Potansiyel | Q3: Lig Uyumu | R3: Maliyet/Fayda | S3: Scout Skoru | T3: Karar | U3: Son İzlenme
A4: FILIP AKDEMIR | B4: TÜRKİYE | C4: 38367 | D4: =IF(C4="","",DATEDIF(C4,TODAY(),"Y")) -> 21 | E4: Forvet | G4: LUNDS BK | H4: 46356 | I4: Sarı | T4: Takip
A5: KELECHI IHEANACHO | B5: NİJERYA | C5: 35341 | D5: =IF(C5="","",DATEDIF(C5,TODAY(),"Y")) -> 30 | E5: Forvet | G5: BURSASPOR | H5: 47299 | I5: Kırmızı | T5: Ele
A6: BISMARK EDJEODJI | B6: GANA | C6: 39196 | D6: =IF(C6="","",DATEDIF(C6,TODAY(),"Y")) -> 19 | E6: Forvet | G6: VEJLE | H6: 47664 | I6: Sarı | T6: Tekrar İzle
A7: TAWANDA MASWANHISE | B7: ZİMBABVE | C7: 37580 | D7: =IF(C7="","",DATEDIF(C7,TODAY(),"Y")) -> 23 | E7: Forvet | G7: MOTHERWELL | H7: 46538 | I7: Yeşil | T7: A Liste
A8: GUI NEGAO | B8: BREZİLYA | C8: 39119 | D8: =IF(C8="","",DATEDIF(C8,TODAY(),"Y")) -> 19 | E8: Forvet | G8: CORİNTHİANS | H8: 47664 | I8: Sarı | T8: Takip
A9: ABDOUL KARIM TRAORE | B9: GİNE | C9: 39094 | D9: =IF(C9="","",DATEDIF(C9,TODAY(),"Y")) -> 19 | E9: Forvet | G9: OH LEUVEN | H9: 46934 | I9: Yeşil | T9: A Liste
A10: MOCTAR DIOP | B10: SENEGAL | C10: 38358 | D10: =IF(C10="","",DATEDIF(C10,TODAY(),"Y")) -> 21 | E10: Forvet | G10: GENT II | H10: 47299 | I10: Kırmızı | T10: Tekrar İzle
A11: BİL NSONGO | B11: KAMERUN | C11: 38251 | D11: =IF(C11="","",DATEDIF(C11,TODAY(),"Y")) -> 22 | E11: Forvet | G11: DEPORTİVO | H11: 47664 | I11: Yeşil | K11: https://www.transfermarkt.com.tr/bil-nsongo/profil/spieler/1299392#google_vignette | T11: A Liste
A12: IKER BRAVO | B12: İSPANYA | C12: 38365 | D12: =IF(C12="","",DATEDIF(C12,TODAY(),"Y")) -> 21 | E12: Forvet | G12: WATFORD | H12: 46568 | I12: Sarı | K12: https://www.transfermarkt.com.tr/iker-bravo/profil/spieler/741292/from/newsansicht | T12: Tekrar İzle
A13: FARIS MOUMBAGNA | B13: KAMERUN | C13: 36708 | D13: =IF(C13="","",DATEDIF(C13,TODAY(),"Y")) -> 26 | E13: Forvet | G13: MARSİLYA | H13: 46934 | I13: Yeşil | K13: https://www.transfermarkt.com.tr/faris-moumbagna/profil/spieler/599663 | T13: B Liste
A14: VLADISLAV BLANUTA | B14: ROMANYA | C14: 37268 | D14: =IF(C14="","",DATEDIF(C14,TODAY(),"Y")) -> 24 | E14: Forvet | G14: LECHIA GDANSK | H14: 48029 | I14: Kırmızı | K14: https://www.transfermarkt.com.tr/vladislav-blanuta/profil/spieler/706166 | T14: Ele
A15: BRAYAN ALEXANDER GIL | B15: EL SALVADOR | C15: 37070 | D15: =IF(C15="","",DATEDIF(C15,TODAY(),"Y")) -> 25 | E15: Forvet | G15: BALTIKA | H15: 47269 | I15: Sarı | K15: https://www.transfermarkt.com.tr/brayan-gil/profil/spieler/736202 | T15: Tekrar İzle
A16: GIFT ORBAN | B16: NİJERYA | C16: 37454 | D16: =IF(C16="","",DATEDIF(C16,TODAY(),"Y")) -> 24 | E16: Forvet | G16: AMED | H16: 46568 | I16: Kırmızı | K16: https://www.transfermarkt.com.tr/gift-orban/profil/spieler/1018259 | T16: Ele
A17: RAFA MIR | B17: İSPANYA | C17: 35599 | D17: =IF(C17="","",DATEDIF(C17,TODAY(),"Y")) -> 29 | E17: Forvet | G17: ARIS | H17: 46568 | I17: Yeşil | K17: https://www.transfermarkt.com.tr/rafa-mir/profil/spieler/361254 | T17: B Liste
A18: ANGEL RODADO | B18: İSPANYA | C18: 35496 | D18: =IF(C18="","",DATEDIF(C18,TODAY(),"Y")) -> 29 | E18: Forvet | G18: WISLA KRAKOW | H18: 47664 | I18: Yeşil | K18: https://www.transfermarkt.com.tr/angel-rodado/profil/spieler/440332 | T18: B Liste
A19: SAMUEL ADENIRAN | B19: ABD | C19: 36068 | D19: =IF(C19="","",DATEDIF(C19,TODAY(),"Y")) -> 28 | E19: Forvet | F19: PİVOT,HAREKETLİ,SIRTI DÖNÜK İYİ | G19: LASK | H19: 46894 | I19: Sarı | K19: https://www.transfermarkt.com.tr/samuel-adeniran/profil/spieler/643088 | T19: Tekrar İzle
A20: CHRISTIAN BENTEKE | B20: BELÇİKA | C20: 33210 | D20: =IF(C20="","",DATEDIF(C20,TODAY(),"Y")) -> 35 | E20: Forvet | G20: AL WAHDA | H20: 46568 | I20: Kırmızı | K20: https://www.transfermarkt.com.tr/christian-benteke/profil/spieler/50201 | T20: Ele
A21: CHUKWUBUIKEM IKWUEMESI | B21: NİJERYA | C21: 37108 | D21: =IF(C21="","",DATEDIF(C21,TODAY(),"Y")) -> 25 | E21: Forvet | G21: OH LEUVEN | H21: 46934 | I21: Sarı | K21: https://www.transfermarkt.com.tr/chukwubuikem-ikwuemesi/profil/spieler/929494 | T21: Takip
A22: ROMAN YAREMCHUK | B22: UKRAYNA | C22: 35030 | D22: =IF(C22="","",DATEDIF(C22,TODAY(),"Y")) -> 30 | E22: Forvet | G22: OLYMPIAKOS | H22: 46934 | I22: Sarı | K22: https://www.transfermarkt.com.tr/roman-yaremchuk/profil/spieler/221958 | T22: Tekrar İzle
A23: BIL NSONGO | B23: KAMERUN | C23: 38251 | D23: =IF(C23="","",DATEDIF(C23,TODAY(),"Y")) -> 22 | E23: Forvet | F23: Santrafor | 1,82 m | G23: DEPORTIVO A CORUÑA | H23: 47664 | K23: https://www.transfermarkt.com.tr/bil-nsongo/profil/spieler/1299392
A24: RONY | B24: BREZİLYA | C24: 34830 | D24: =IF(C24="","",DATEDIF(C24,TODAY(),"Y")) -> 31 | E24: Forvet | F24: Santrafor / Sol Kanat / Sağ Kanat | Sağ ayak | 1,67 m | G24: SANTOS FC | H24: 47483 | K24: https://www.transfermarkt.com.br/rony/profil/spieler/371009
A25: LUIS SEMEDO | B25: PORTEKİZ / YEŞİL BURUN ADALARI | C25: 37844 | D25: =IF(C25="","",DATEDIF(C25,TODAY(),"Y")) -> 23 | E25: Forvet | F25: Santrafor | 1,92 m | G25: SUNDERLAND AFC | H25: 46934 | K25: https://www.transfermarkt.de/luis-semedo/profil/spieler/840687
A26: ANTHONY MARTIAL | B26: FRANSA / GUADELOUPE | C26: 35038 | D26: =IF(C26="","",DATEDIF(C26,TODAY(),"Y")) -> 30 | E26: Forvet | F26: Santrafor / Sol Kanat / Sağ Kanat | Sağ ayak | 1,84 m | G26: KULÜPSÜZ | H26: - | K26: https://www.transfermarkt.fr/anthony-martial/profil/spieler/182877
A27: LEVI GARCIA | B27: TRİNİDAD VE TOBAGO | C27: 35754 | D27: =IF(C27="","",DATEDIF(C27,TODAY(),"Y")) -> 28 | E27: Forvet | F27: Santrafor / Sağ Kanat / Sol Kanat | Sol ayak | 1,82 m | G27: SPARTAK MOSKOVA | H27: - | K27: https://www.transfermarkt.nl/levi-garcia/profil/spieler/354587
A28: DAVID DATRO FOFANA | B28: FİLDİŞİ SAHİLİ | C28: 37612 | D28: =IF(C28="","",DATEDIF(C28,TODAY(),"Y")) -> 23 | E28: Forvet | F28: Santrafor / Sağ Kanat / Sol Kanat | Sağ ayak | 1,82 m | G28: CHELSEA FC | H28: 47299 | K28: Transfermarkt Profili
A29: YOSHAN VALOIS | B29: KOLOMBİYA | C29: 38264 | D29: =IF(C29="","",DATEDIF(C29,TODAY(),"Y")) -> 22 | E29: Forvet | F29: Santrafor / İkinci Forvet | Sağ ayak | 1,87 m | G29: CA LANÚS | H29: 47483 | K29: https://www.transfermarkt.com.tr/yoshan-valois/leistungsdatendetails/spieler/1258292
A30: STIVEN SHPENDI | B30: ARNAVUTLUK / İTALYA | C30: 37760 | D30: =IF(C30="","",DATEDIF(C30,TODAY(),"Y")) -> 23 | E30: Forvet | F30: Santrafor / Sağ Kanat / Sol Kanat | Sağ ayak | 1,81 m | G30: EMPOLI FC | H30: 47299 | K30: https://www.transfermarkt.com.tr/stiven-shpendi/leistungsdatendetails/spieler/931567
A31: MAX DEAN | B31: İNGİLTERE | C31: 38038 | D31: =IF(C31="","",DATEDIF(C31,TODAY(),"Y")) -> 22 | E31: Forvet | F31: Santrafor / Sağ Kanat / Sol Kanat | Sağ ayak | 1,78 m | G31: KAA GENT | H31: 46934 | K31: https://www.transfermarkt.de/max-dean/profil/spieler/805889
A32: MEISSA DIOP | D32: =IF(C32="","",DATEDIF(C32,TODAY(),"Y")) | E32: Forvet | H32: - | K32: https://www.transfermarkt.com/meissa-diop/profil/spieler/880102
A33: ABUBAKAR ABDULLAHI | D33: =IF(C33="","",DATEDIF(C33,TODAY(),"Y")) | E33: Forvet | H33: - | K33: https://www.transfermarkt.us/abubakar-abdullahi/profil/spieler/1133955
A34: HALIL OZDEMIR | D34: =IF(C34="","",DATEDIF(C34,TODAY(),"Y")) | E34: Forvet | H34: - | K34: https://www.transfermarkt.com.tr/halil-ozdemir/profil/spieler/988711
A35: JEREMY AREVALO | B35: EKVADOR / İSPANYA | C35: 38430 | D35: =IF(C35="","",DATEDIF(C35,TODAY(),"Y")) -> 21 | E35: Forvet | F35: Santrafor / 10 Numara / Merkez Orta Saha | Sol ayak | 1,82 m | G35: VFB STUTTGART | H35: 48029 | K35: https://www.transfermarkt.com.tr/jeremy-arevalo/profil/spieler/971663
A36: TAWFIK BENTAYEB | D36: =IF(C36="","",DATEDIF(C36,TODAY(),"Y")) | E36: Forvet | H36: - | K36: https://www.transfermarkt.com.tr/tawfik-bentayeb/profil/spieler/667995
A37: ZSOMBOR GRUBER | B37: MACARİSTAN | C37: 38237 | D37: =IF(C37="","",DATEDIF(C37,TODAY(),"Y")) -> 22 | E37: Forvet | F37: Santrafor | 1,80 m | G37: FERENCVÁROS | H37: 46934 | K37: https://www.transfermarkt.com/zsombor-gruber/profil/spieler/648895
A38: MUHAMET HAJDARI | D38: =IF(C38="","",DATEDIF(C38,TODAY(),"Y")) | E38: Forvet | H38: - | K38: https://www.transfermarkt.at/muhamet-hajdari/profil/spieler/1055036
A39: MOHAMED EL AMINE RAMDAOUI | D39: =IF(C39="","",DATEDIF(C39,TODAY(),"Y")) | E39: Forvet | H39: - | K39: https://www.transfermarkt.com.tr/mohamed-el-amine-ramdaoui/profil/spieler/1133118
A40: ROBIN MIRISOLA | B40: ALMANYA | D40: =IF(C40="","",DATEDIF(C40,TODAY(),"Y")) | E40: Forvet | F40: Santrafor | H40: - | K40: https://www.transfermarkt.de/robin-mirisola/profil/spieler/952439
A41: WALLACE YAN | B41: BREZİLYA | D41: =IF(C41="","",DATEDIF(C41,TODAY(),"Y")) | E41: Forvet | F41: Santrafor / Kanat | H41: - | K41: https://www.transfermarkt.com.br/wallace-yan/profil/spieler/1082602
D42: =IF(C42="","",DATEDIF(C42,TODAY(),"Y")) | E42: Forvet
D43: =IF(C43="","",DATEDIF(C43,TODAY(),"Y")) | E43: Forvet
D44: =IF(C44="","",DATEDIF(C44,TODAY(),"Y")) | E44: Forvet
D45: =IF(C45="","",DATEDIF(C45,TODAY(),"Y")) | E45: Forvet
D46: =IF(C46="","",DATEDIF(C46,TODAY(),"Y")) | E46: Forvet
D47: =IF(C47="","",DATEDIF(C47,TODAY(),"Y")) | E47: Forvet
D48: =IF(C48="","",DATEDIF(C48,TODAY(),"Y")) | E48: Forvet
D49: =IF(C49="","",DATEDIF(C49,TODAY(),"Y")) | E49: Forvet
D50: =IF(C50="","",DATEDIF(C50,TODAY(),"Y")) | E50: Forvet
D51: =IF(C51="","",DATEDIF(C51,TODAY(),"Y")) | E51: Forvet
D52: =IF(C52="","",DATEDIF(C52,TODAY(),"Y")) | E52: Forvet
D53: =IF(C53="","",DATEDIF(C53,TODAY(),"Y")) | E53: Forvet
... D103: =IF(C103="","",DATEDIF(C103,TODAY(),"Y")) | E103: Forvet

Sheet Takip Edilen Türk Futbolcular
A1: TAKIP EDILEN TÜRK FUTBOLCULAR
A3: Adı Soyadı | B3: Uyruk | C3: Doğum Tarihi | D3: Yaş | E3: Mevki | F3: Kulübü | G3: Sözleşme Bitiş Tarihi | H3: Durum | I3: Oyuncu Raporu | J3: Oyuncu Profili | K3: Teknik | L3: Fiziksel | M3: Taktik | N3: Mental | O3: Potansiyel | P3: Lig Uyumu | Q3: Maliyet/Fayda | R3: Scout Skoru | S3: Karar | T3: Son İzlenme
D4: =IF(C4="","",DATEDIF(C4,TODAY(),"Y")) | R4: =IF(COUNTA(K4:Q4)=0,"",ROUND(AVERAGE(K4:Q4)*10,0))
D5: =IF(C5="","",DATEDIF(C5,TODAY(),"Y")) | E5: Forvet | R5: =IF(COUNTA(K5:Q5)=0,"",ROUND(AVERAGE(K5:Q5)*10,0))
D6: =IF(C6="","",DATEDIF(C6,TODAY(),"Y")) | E6: Forvet | R6: =IF(COUNTA(K6:Q6)=0,"",ROUND(AVERAGE(K6:Q6)*10,0))
D7: =IF(C7="","",DATEDIF(C7,TODAY(),"Y")) | E7: Forvet | R7: =IF(COUNTA(K7:Q7)=0,"",ROUND(AVERAGE(K7:Q7)*10,0))
D8: =IF(C8="","",DATEDIF(C8,TODAY(),"Y")) | E8: Forvet | R8: =IF(COUNTA(K8:Q8)=0,"",ROUND(AVERAGE(K8:Q8)*10,0))
D9: =IF(C9="","",DATEDIF(C9,TODAY(),"Y")) | E9: Forvet | R9: =IF(COUNTA(K9:Q9)=0,"",ROUND(AVERAGE(K9:Q9)*10,0))
D10: =IF(C10="","",DATEDIF(C10,TODAY(),"Y")) | E10: Forvet | R10: =IF(COUNTA(K10:Q10)=0,"",ROUND(AVERAGE(K10:Q10)*10,0))
D11: =IF(C11="","",DATEDIF(C11,TODAY(),"Y")) | E11: Forvet | R11: =IF(COUNTA(K11:Q11)=0,"",ROUND(AVERAGE(K11:Q11)*10,0))
D12: =IF(C12="","",DATEDIF(C12,TODAY(),"Y")) | E12: Forvet | R12: =IF(COUNTA(K12:Q12)=0,"",ROUND(AVERAGE(K12:Q12)*10,0))
D13: =IF(C13="","",DATEDIF(C13,TODAY(),"Y")) | E13: Forvet | R13: =IF(COUNTA(K13:Q13)=0,"",ROUND(AVERAGE(K13:Q13)*10,0))
D14: =IF(C14="","",DATEDIF(C14,TODAY(),"Y")) | E14: Forvet | R14: =IF(COUNTA(K14:Q14)=0,"",ROUND(AVERAGE(K14:Q14)*10,0))
D15: =IF(C15="","",DATEDIF(C15,TODAY(),"Y")) | E15: Forvet | R15: =IF(COUNTA(K15:Q15)=0,"",ROUND(AVERAGE(K15:Q15)*10,0))
D16: =IF(C16="","",DATEDIF(C16,TODAY(),"Y")) | E16: Forvet | R16: =IF(COUNTA(K16:Q16)=0,"",ROUND(AVERAGE(K16:Q16)*10,0))
... D103: =IF(C103="","",DATEDIF(C103,TODAY(),"Y")) | E103: Forvet | R103: =IF(COUNTA(K103:Q103)=0,"",ROUND(AVERAGE(K103:Q103)*10,0))

Sheet Veri Merkezi
A1: Adı Soyadı | B1: Uyruk | C1: Doğum Tarihi | D1: Yaş | E1: Mevki | F1: Kulübü | G1: Sözleşme Bitiş Tarihi | H1: Durum | I1: Oyuncu Raporu | J1: Oyuncu Profili | K1: Teknik | L1: Fiziksel | M1: Taktik | N1: Mental | O1: Potansiyel | P1: Lig Uyumu | Q1: Maliyet/Fayda | R1: Scout Skoru | S1: Karar | T1: Son İzlenme | U1: Kaynak Sayfa | V1: Kaynak Satır | W1: Sözleşme Sırası | X1: Kontenjan Sırası
A2: =IF(Kaleciler!A4="","",Kaleciler!A4) | B2: =IF(Kaleciler!B4="","",Kaleciler!B4) | C2: =IF(Kaleciler!C4="","",Kaleciler!C4) | D2: =IF(Kaleciler!D4="","",Kaleciler!D4) | E2: =IF(Kaleciler!E4="","",Kaleciler!E4) -> Kaleci | F2: =IF(Kaleciler!G4="","",Kaleciler!G4) | G2: =IF(Kaleciler!H4="","",Kaleciler!H4) | H2: =IF(Kaleciler!I4="","",Kaleciler!I4) | I2: =IF(Kaleciler!A4="","",Kaleciler!J4) | J2: =IF(Kaleciler!A4="","",Kaleciler!K4) | K2: =IF(Kaleciler!L4="","",Kaleciler!L4) | L2: =IF(Kaleciler!M4="","",Kaleciler!M4) | M2: =IF(Kaleciler!N4="","",Kaleciler!N4) | N2: =IF(Kaleciler!O4="","",Kaleciler!O4) | O2: =IF(Kaleciler!P4="","",Kaleciler!P4) | P2: =IF(Kaleciler!Q4="","",Kaleciler!Q4) | Q2: =IF(Kaleciler!R4="","",Kaleciler!R4) | R2: =IF(Kaleciler!S4="","",Kaleciler!S4) | ... T2: =IF(Kaleciler!U4="","",Kaleciler!U4) | U2: Kaleciler | V2: 4 | W2: =IF(AND($A2<>"",ISNUMBER($G2),$G2>=TODAY(),$G2<=EDATE(TODAY(),12)),COUNTIFS($G$2:$G$1001,">="&TODAY(),$G$2:$G$1001,"<"&$G2,$A$2:$A$1001,"<>")+COUNTIFS($G$2:$G2,$G2,$A$2:$A2,"<>"),"") | X2: =IF(AND($A2<>"",ISNUMBER($C2),$C2>=DATE(2003,1,1)),COUNTIFS($C$2:$C2,">="&DATE(2003,1,1),$A$2:$A2,"<>"),"")
