Workbook

Sheet Dashboard
A1: TÜRKİYE LİGLERİ FUTBOLCU TAKİP SİSTEMİ | CONTROL CENTER
A4: TOPLAM OYUNCU | D4: ORTALAMA YAŞ | G4: A LİSTE | J4: B LİSTE | M4: YENİDEN İZLE | P4: SÖZLEŞMESİ BİTENLER
A5: =COUNTIF(Kaleciler!B4:B103,"?*")+COUNTIF(Stoperler!B4:B103,"?*")+COUNTIF('Sağ Bekler'!B4:B103,"?*")+COUNTIF('Sol Bekler'!B4:B103,"?*")+COUNTIF('Orta Saha'!B4:B103,"?*")+COUNTIF(Kanatlar!B4:B103,"?*")+COUNTIF(Forvetler!B4:B103,"?*") -> 53 | D5: =IFERROR((SUMIFS(Kaleciler!D4:D103,Kaleciler!B4:B103,"?*")+SUMIFS(Stoperler!D4:D103,Stoperler!B4:B103,"?*")+SUMIFS('Sağ Bekler'!D4:D103,'Sağ Bekler'!B4:B103,"?*")+SUMIFS('Sol Bekler'!D4:D103,'Sol Bekler'!B4:B103,"?*")+SUMIFS('Orta Saha'!D4:D103,'Orta Saha'!B4:B103,"?*")+SUMIFS(Kanatlar!D4:D103,Kanatlar!B4:B103,"?*")+SUMIFS(Forvetler!D4:D103,Forvetler!B4:B103,"?*"))/(COUNTIFS(Kaleciler!B4:B103,"?*",Kaleciler!D4:D103,">=0")+COUNTIFS(Stoperler!B4:B103,"?*",Stoperler!D4:D103,">=0")+COUNTIFS('Sağ Bekler'!B4:B103,"?*",'Sağ Bekler'!D4:D103,">=0")+COUNTIFS('Sol Bekler'!B4:B103,"?*",'Sol Bekler'!D4:D103,">=0")+COUNTIFS('Orta Saha'!B4:B103,"?*",'Orta Saha'!D4:D103,">=0")+COUNTIFS(Kanatlar!B4:B103,"?*",Kanatlar!D4:D103,">=0")+COUNTIFS(Forvetler!B4:B103,"?*",Forvetler!D4:D103,">=0")),0) -> 19.245283 | G5: =COUNTIFS(Kaleciler!B4:B103,"?*",Kaleciler!Q4:Q103,"A Liste")+COUNTIFS(Stoperler!B4:B103,"?*",Stoperler!Q4:Q103,"A Liste")+COUNTIFS('Sağ Bekler'!B4:B103,"?*",'Sağ Bekler'!Q4:Q103,"A Liste")+COUNTIFS('Sol Bekler'!B4:B103,"?*",'Sol Bekler'!Q4:Q103,"A Liste")+COUNTIFS('Orta Saha'!B4:B103,"?*",'Orta Saha'!Q4:Q103,"A Liste")+COUNTIFS(Kanatlar!B4:B103,"?*",Kanatlar!Q4:Q103,"A Liste")+COUNTIFS(Forvetler!B4:B103,"?*",Forvetler!Q4:Q103,"A Liste") -> 10 | J5: =COUNTIFS(Kaleciler!B4:B103,"?*",Kaleciler!Q4:Q103,"B Liste")+COUNTIFS(Stoperler!B4:B103,"?*",Stoperler!Q4:Q103,"B Liste")+COUNTIFS('Sağ Bekler'!B4:B103,"?*",'Sağ Bekler'!Q4:Q103,"B Liste")+COUNTIFS('Sol Bekler'!B4:B103,"?*",'Sol Bekler'!Q4:Q103,"B Liste")+COUNTIFS('Orta Saha'!B4:B103,"?*",'Orta Saha'!Q4:Q103,"B Liste")+COUNTIFS(Kanatlar!B4:B103,"?*",Kanatlar!Q4:Q103,"B Liste")+COUNTIFS(Forvetler!B4:B103,"?*",Forvetler!Q4:Q103,"B Liste") -> 13 | M5: =COUNTIFS(Kaleciler!B4:B103,"?*",Kaleciler!Q4:Q103,"Yeniden İzle")+COUNTIFS(Stoperler!B4:B103,"?*",Stoperler!Q4:Q103,"Yeniden İzle")+COUNTIFS('Sağ Bekler'!B4:B103,"?*",'Sağ Bekler'!Q4:Q103,"Yeniden İzle")+COUNTIFS('Sol Bekler'!B4:B103,"?*",'Sol Bekler'!Q4:Q103,"Yeniden İzle")+COUNTIFS('Orta Saha'!B4:B103,"?*",'Orta Saha'!Q4:Q103,"Yeniden İzle")+COUNTIFS(Kanatlar!B4:B103,"?*",Kanatlar!Q4:Q103,"Yeniden İzle")+COUNTIFS(Forvetler!B4:B103,"?*",Forvetler!Q4:Q103,"Yeniden İzle") -> 30 | P5: =COUNTIFS(Kaleciler!$B$4:$B$103,"?*",Kaleciler!$I$4:$I$103,">0",Kaleciler!$I$4:$I$103,"<="&TODAY()+365)+COUNTIFS(Stoperler!$B$4:$B$103,"?*",Stoperler!$I$4:$I$103,">0",Stoperler!$I$4:$I$103,"<="&TODAY()+365)+COUNTIFS('Sağ Bekler'!$B$4:$B$103,"?*",'Sağ Bekler'!$I$4:$I$103,">0",'Sağ Bekler'!$I$4:$I$103,"<="&TODAY()+365)+COUNTIFS('Sol Bekler'!$B$4:$B$103,"?*",'Sol Bekler'!$I$4:$I$103,">0",'Sol Bekler'!$I$4:$I$103,"<="&TODAY()+365)+COUNTIFS('Orta Saha'!$B$4:$B$103,"?*",'Orta Saha'!$I$4:$I$103,">0",'Orta Saha'!$I$4:$I$103,"<="&TODAY()+365)+COUNTIFS(Kanatlar!$B$4:$B$103,"?*",Kanatlar!$I$4:$I$103,">0",Kanatlar!$I$4:$I$103,"<="&TODAY()+365)+COUNTIFS(Forvetler!$B$4:$B$103,"?*",Forvetler!$I$4:$I$103,">0",Forvetler!$I$4:$I$103,"<="&TODAY()+365) -> 15
A7: MEVKİ DAĞILIMI | H7: YAŞ DAĞILIMI
A15: Kaleciler | B15: =COUNTIF(Kaleciler!B4:B103,"?*") -> 1 | H15: ≤17 | I15: =COUNTIFS(Kaleciler!$B$4:$B$103,"?*",Kaleciler!$D$4:$D$103,"<=17")+COUNTIFS(Stoperler!$B$4:$B$103,"?*",Stoperler!$D$4:$D$103,"<=17")+COUNTIFS('Sağ Bekler'!$B$4:$B$103,"?*",'Sağ Bekler'!$D$4:$D$103,"<=17")+COUNTIFS('Sol Bekler'!$B$4:$B$103,"?*",'Sol Bekler'!$D$4:$D$103,"<=17")+COUNTIFS('Orta Saha'!$B$4:$B$103,"?*",'Orta Saha'!$D$4:$D$103,"<=17")+COUNTIFS(Kanatlar!$B$4:$B$103,"?*",Kanatlar!$D$4:$D$103,"<=17")+COUNTIFS(Forvetler!$B$4:$B$103,"?*",Forvetler!$D$4:$D$103,"<=17") -> 5 | Q15: 1.LİG
A16: Stoperler | B16: =COUNTIF(Stoperler!B4:B103,"?*") -> 6 | H16: 18 | I16: =COUNTIFS(Kaleciler!$B$4:$B$103,"?*",Kaleciler!$D$4:$D$103,"=18")+COUNTIFS(Stoperler!$B$4:$B$103,"?*",Stoperler!$D$4:$D$103,"=18")+COUNTIFS('Sağ Bekler'!$B$4:$B$103,"?*",'Sağ Bekler'!$D$4:$D$103,"=18")+COUNTIFS('Sol Bekler'!$B$4:$B$103,"?*",'Sol Bekler'!$D$4:$D$103,"=18")+COUNTIFS('Orta Saha'!$B$4:$B$103,"?*",'Orta Saha'!$D$4:$D$103,"=18")+COUNTIFS(Kanatlar!$B$4:$B$103,"?*",Kanatlar!$D$4:$D$103,"=18")+COUNTIFS(Forvetler!$B$4:$B$103,"?*",Forvetler!$D$4:$D$103,"=18") -> 8
A17: Sağ Bekler | B17: =COUNTIF('Sağ Bekler'!B4:B103,"?*") -> 0 | H17: 19 | I17: =COUNTIFS(Kaleciler!$B$4:$B$103,"?*",Kaleciler!$D$4:$D$103,"=19")+COUNTIFS(Stoperler!$B$4:$B$103,"?*",Stoperler!$D$4:$D$103,"=19")+COUNTIFS('Sağ Bekler'!$B$4:$B$103,"?*",'Sağ Bekler'!$D$4:$D$103,"=19")+COUNTIFS('Sol Bekler'!$B$4:$B$103,"?*",'Sol Bekler'!$D$4:$D$103,"=19")+COUNTIFS('Orta Saha'!$B$4:$B$103,"?*",'Orta Saha'!$D$4:$D$103,"=19")+COUNTIFS(Kanatlar!$B$4:$B$103,"?*",Kanatlar!$D$4:$D$103,"=19")+COUNTIFS(Forvetler!$B$4:$B$103,"?*",Forvetler!$D$4:$D$103,"=19") -> 20
A18: Sol Bekler | B18: =COUNTIF('Sol Bekler'!B4:B103,"?*") -> 3 | H18: 20 | I18: =COUNTIFS(Kaleciler!$B$4:$B$103,"?*",Kaleciler!$D$4:$D$103,"=20")+COUNTIFS(Stoperler!$B$4:$B$103,"?*",Stoperler!$D$4:$D$103,"=20")+COUNTIFS('Sağ Bekler'!$B$4:$B$103,"?*",'Sağ Bekler'!$D$4:$D$103,"=20")+COUNTIFS('Sol Bekler'!$B$4:$B$103,"?*",'Sol Bekler'!$D$4:$D$103,"=20")+COUNTIFS('Orta Saha'!$B$4:$B$103,"?*",'Orta Saha'!$D$4:$D$103,"=20")+COUNTIFS(Kanatlar!$B$4:$B$103,"?*",Kanatlar!$D$4:$D$103,"=20")+COUNTIFS(Forvetler!$B$4:$B$103,"?*",Forvetler!$D$4:$D$103,"=20") -> 15
A19: Orta Saha | B19: =COUNTIF('Orta Saha'!B4:B103,"?*") -> 20 | H19: 21 | I19: =COUNTIFS(Kaleciler!$B$4:$B$103,"?*",Kaleciler!$D$4:$D$103,"=21")+COUNTIFS(Stoperler!$B$4:$B$103,"?*",Stoperler!$D$4:$D$103,"=21")+COUNTIFS('Sağ Bekler'!$B$4:$B$103,"?*",'Sağ Bekler'!$D$4:$D$103,"=21")+COUNTIFS('Sol Bekler'!$B$4:$B$103,"?*",'Sol Bekler'!$D$4:$D$103,"=21")+COUNTIFS('Orta Saha'!$B$4:$B$103,"?*",'Orta Saha'!$D$4:$D$103,"=21")+COUNTIFS(Kanatlar!$B$4:$B$103,"?*",Kanatlar!$D$4:$D$103,"=21")+COUNTIFS(Forvetler!$B$4:$B$103,"?*",Forvetler!$D$4:$D$103,"=21") -> 3
A20: Kanatlar | B20: =COUNTIF(Kanatlar!B4:B103,"?*") -> 16 | H20: 22+ | I20: =COUNTIFS(Kaleciler!$B$4:$B$103,"?*",Kaleciler!$D$4:$D$103,">=22")+COUNTIFS(Stoperler!$B$4:$B$103,"?*",Stoperler!$D$4:$D$103,">=22")+COUNTIFS('Sağ Bekler'!$B$4:$B$103,"?*",'Sağ Bekler'!$D$4:$D$103,">=22")+COUNTIFS('Sol Bekler'!$B$4:$B$103,"?*",'Sol Bekler'!$D$4:$D$103,">=22")+COUNTIFS('Orta Saha'!$B$4:$B$103,"?*",'Orta Saha'!$D$4:$D$103,">=22")+COUNTIFS(Kanatlar!$B$4:$B$103,"?*",Kanatlar!$D$4:$D$103,">=22")+COUNTIFS(Forvetler!$B$4:$B$103,"?*",Forvetler!$D$4:$D$103,">=22") -> 2
A21: Forvetler | B21: =COUNTIF(Forvetler!B4:B103,"?*") -> 7
A24: Karar akışı: A Liste / B Liste / Yeniden İzle. Oyuncu girdikçe Dashboard otomatik güncellenir.
A26: LİG DAĞILIMI | SAYISAL
A28: Süper Lig | B28: =COUNTIFS(Kaleciler!B4:B103,"?*",Kaleciler!H4:H103,"Süper Lig")+COUNTIFS(Stoperler!B4:B103,"?*",Stoperler!H4:H103,"Süper Lig")+COUNTIFS('Sağ Bekler'!B4:B103,"?*",'Sağ Bekler'!H4:H103,"Süper Lig")+COUNTIFS('Sol Bekler'!B4:B103,"?*",'Sol Bekler'!H4:H103,"Süper Lig")+COUNTIFS('Orta Saha'!B4:B103,"?*",'Orta Saha'!H4:H103,"Süper Lig")+COUNTIFS(Kanatlar!B4:B103,"?*",Kanatlar!H4:H103,"Süper Lig")+COUNTIFS(Forvetler!B4:B103,"?*",Forvetler!H4:H103,"Süper Lig") -> 0 | U28: Sözleşmesi Bitenler | V28: =COUNTIFS(Kaleciler!$B$4:$B$103,"?*",Kaleciler!$I$4:$I$103,">0",Kaleciler!$I$4:$I$103,"<="&TODAY()+365)+COUNTIFS(Stoperler!$B$4:$B$103,"?*",Stoperler!$I$4:$I$103,">0",Stoperler!$I$4:$I$103,"<="&TODAY()+365)+COUNTIFS('Sağ Bekler'!$B$4:$B$103,"?*",'Sağ Bekler'!$I$4:$I$103,">0",'Sağ Bekler'!$I$4:$I$103,"<="&TODAY()+365)+COUNTIFS('Sol Bekler'!$B$4:$B$103,"?*",'Sol Bekler'!$I$4:$I$103,">0",'Sol Bekler'!$I$4:$I$103,"<="&TODAY()+365)+COUNTIFS('Orta Saha'!$B$4:$B$103,"?*",'Orta Saha'!$I$4:$I$103,">0",'Orta Saha'!$I$4:$I$103,"<="&TODAY()+365)+COUNTIFS(Kanatlar!$B$4:$B$103,"?*",Kanatlar!$I$4:$I$103,">0",Kanatlar!$I$4:$I$103,"<="&TODAY()+365)+COUNTIFS(Forvetler!$B$4:$B$103,"?*",Forvetler!$I$4:$I$103,">0",Forvetler!$I$4:$I$103,"<="&TODAY()+365) -> 15
A29: 1.Lig | B29: =COUNTIFS(Kaleciler!B4:B103,"?*",Kaleciler!H4:H103,"1.Lig")+COUNTIFS(Stoperler!B4:B103,"?*",Stoperler!H4:H103,"1.Lig")+COUNTIFS('Sağ Bekler'!B4:B103,"?*",'Sağ Bekler'!H4:H103,"1.Lig")+COUNTIFS('Sol Bekler'!B4:B103,"?*",'Sol Bekler'!H4:H103,"1.Lig")+COUNTIFS('Orta Saha'!B4:B103,"?*",'Orta Saha'!H4:H103,"1.Lig")+COUNTIFS(Kanatlar!B4:B103,"?*",Kanatlar!H4:H103,"1.Lig")+COUNTIFS(Forvetler!B4:B103,"?*",Forvetler!H4:H103,"1.Lig") -> 32 | U29: Devam Edenler | V29: =COUNTIFS(Kaleciler!$B$4:$B$103,"?*",Kaleciler!$I$4:$I$103,">"&TODAY()+365)+COUNTIFS(Stoperler!$B$4:$B$103,"?*",Stoperler!$I$4:$I$103,">"&TODAY()+365)+COUNTIFS('Sağ Bekler'!$B$4:$B$103,"?*",'Sağ Bekler'!$I$4:$I$103,">"&TODAY()+365)+COUNTIFS('Sol Bekler'!$B$4:$B$103,"?*",'Sol Bekler'!$I$4:$I$103,">"&TODAY()+365)+COUNTIFS('Orta Saha'!$B$4:$B$103,"?*",'Orta Saha'!$I$4:$I$103,">"&TODAY()+365)+COUNTIFS(Kanatlar!$B$4:$B$103,"?*",Kanatlar!$I$4:$I$103,">"&TODAY()+365)+COUNTIFS(Forvetler!$B$4:$B$103,"?*",Forvetler!$I$4:$I$103,">"&TODAY()+365) -> 32
A30: 2.Lig | B30: =COUNTIFS(Kaleciler!B4:B103,"?*",Kaleciler!H4:H103,"2.Lig")+COUNTIFS(Stoperler!B4:B103,"?*",Stoperler!H4:H103,"2.Lig")+COUNTIFS('Sağ Bekler'!B4:B103,"?*",'Sağ Bekler'!H4:H103,"2.Lig")+COUNTIFS('Sol Bekler'!B4:B103,"?*",'Sol Bekler'!H4:H103,"2.Lig")+COUNTIFS('Orta Saha'!B4:B103,"?*",'Orta Saha'!H4:H103,"2.Lig")+COUNTIFS(Kanatlar!B4:B103,"?*",Kanatlar!H4:H103,"2.Lig")+COUNTIFS(Forvetler!B4:B103,"?*",Forvetler!H4:H103,"2.Lig") -> 14
A31: 3.Lig | B31: =COUNTIFS(Kaleciler!B4:B103,"?*",Kaleciler!H4:H103,"3.Lig")+COUNTIFS(Stoperler!B4:B103,"?*",Stoperler!H4:H103,"3.Lig")+COUNTIFS('Sağ Bekler'!B4:B103,"?*",'Sağ Bekler'!H4:H103,"3.Lig")+COUNTIFS('Sol Bekler'!B4:B103,"?*",'Sol Bekler'!H4:H103,"3.Lig")+COUNTIFS('Orta Saha'!B4:B103,"?*",'Orta Saha'!H4:H103,"3.Lig")+COUNTIFS(Kanatlar!B4:B103,"?*",Kanatlar!H4:H103,"3.Lig")+COUNTIFS(Forvetler!B4:B103,"?*",Forvetler!H4:H103,"3.Lig") -> 7

Sheet A Liste
A1: A LİSTE | TÜRKİYE LİGLERİ
A3: Sıra No | B3: Adı Soyadı | C3: Doğum Tarihi | D3: Yaş | E3: Mevki | F3: Ayak | G3: Kulübü | H3: Lig | I3: Sözleşme Bitiş Tarihi | J3: Maç Tarihi | K3: Dakika | L3: Teknik | M3: Fiziksel | N3: Taktik | O3: Mental | P3: Potansiyel | Q3: Karar | R3: Son İzlenme | S3: İzlenme Sayısı | T3: Scout Notu
A4: =IF($X4="","",CHOOSE($X4,IF(ISBLANK(INDEX(Kaleciler!A:A,$Y4)),"",INDEX(Kaleciler!A:A,$Y4)),IF(ISBLANK(INDEX(Stoperler!A:A,$Y4)),"",INDEX(Stoperler!A:A,$Y4)),IF(ISBLANK(INDEX('Sağ Bekler'!A:A,$Y4)),"",INDEX('Sağ Bekler'!A:A,$Y4)),IF(ISBLANK(INDEX('Sol Bekler'!A:A,$Y4)),"",INDEX('Sol Bekler'!A:A,$Y4)),IF(ISBLANK(INDEX('Orta Saha'!A:A,$Y4)),"",INDEX('Orta Saha'!A:A,$Y4)),IF(ISBLANK(INDEX(Kanatlar!A:A,$Y4)),"",INDEX(Kanatlar!A:A,$Y4)),IF(ISBLANK(INDEX(Forvetler!A:A,$Y4)),"",INDEX(Forvetler!A:A,$Y4)))) -> 2 | B4: =IF($X4="","",CHOOSE($X4,IF(ISBLANK(INDEX(Kaleciler!B:B,$Y4)),"",INDEX(Kaleciler!B:B,$Y4)),IF(ISBLANK(INDEX(Stoperler!B:B,$Y4)),"",INDEX(Stoperler!B:B,$Y4)),IF(ISBLANK(INDEX('Sağ Bekler'!B:B,$Y4)),"",INDEX('Sağ Bekler'!B:B,$Y4)),IF(ISBLANK(INDEX('Sol Bekler'!B:B,$Y4)),"",INDEX('Sol Bekler'!B:B,$Y4)),IF(ISBLANK(INDEX('Orta Saha'!B:B,$Y4)),"",INDEX('Orta Saha'!B:B,$Y4)),IF(ISBLANK(INDEX(Kanatlar!B:B,$Y4)),"",INDEX(Kanatlar!B:B,$Y4)),IF(ISBLANK(INDEX(Forvetler!B:B,$Y4)),"",INDEX(Forvetler!B:B,$Y4)))) -> ADA İBİK | C4: =IF($X4="","",CHOOSE($X4,IF(ISBLANK(INDEX(Kaleciler!C:C,$Y4)),"",INDEX(Kaleciler!C:C,$Y4)),IF(ISBLANK(INDEX(Stoperler!C:C,$Y4)),"",INDEX(Stoperler!C:C,$Y4)),IF(ISBLANK(INDEX('Sağ Bekler'!C:C,$Y4)),"",INDEX('Sağ Bekler'!C:C,$Y4)),IF(ISBLANK(INDEX('Sol Bekler'!C:C,$Y4)),"",INDEX('Sol Bekler'!C:C,$Y4)),IF(ISBLANK(INDEX('Orta Saha'!C:C,$Y4)),"",INDEX('Orta Saha'!C:C,$Y4)),IF(ISBLANK(INDEX(Kanatlar!C:C,$Y4)),"",INDEX(Kanatlar!C:C,$Y4)),IF(ISBLANK(INDEX(Forvetler!C:C,$Y4)),"",INDEX(Forvetler!C:C,$Y4)))) -> 39755 | D4: =IF($X4="","",CHOOSE($X4,IF(ISBLANK(INDEX(Kaleciler!D:D,$Y4)),"",INDEX(Kaleciler!D:D,$Y4)),IF(ISBLANK(INDEX(Stoperler!D:D,$Y4)),"",INDEX(Stoperler!D:D,$Y4)),IF(ISBLANK(INDEX('Sağ Bekler'!D:D,$Y4)),"",INDEX('Sağ Bekler'!D:D,$Y4)),IF(ISBLANK(INDEX('Sol Bekler'!D:D,$Y4)),"",INDEX('Sol Bekler'!D:D,$Y4)),IF(ISBLANK(INDEX('Orta Saha'!D:D,$Y4)),"",INDEX('Orta Saha'!D:D,$Y4)),IF(ISBLANK(INDEX(Kanatlar!D:D,$Y4)),"",INDEX(Kanatlar!D:D,$Y4)),IF(ISBLANK(INDEX(Forvetler!D:D,$Y4)),"",INDEX(Forvetler!D:D,$Y4)))) -> 17 | E4: =IF($X4="","",CHOOSE($X4,IF(ISBLANK(INDEX(Kaleciler!E:E,$Y4)),"",INDEX(Kaleciler!E:E,$Y4)),IF(ISBLANK(INDEX(Stoperler!E:E,$Y4)),"",INDEX(Stoperler!E:E,$Y4)),IF(ISBLANK(INDEX('Sağ Bekler'!E:E,$Y4)),"",INDEX('Sağ Bekler'!E:E,$Y4)),IF(ISBLANK(INDEX('Sol Bekler'!E:E,$Y4)),"",INDEX('Sol Bekler'!E:E,$Y4)),IF(ISBLANK(INDEX('Orta Saha'!E:E,$Y4)),"",INDEX('Orta Saha'!E:E,$Y4)),IF(ISBLANK(INDEX(Kanatlar!E:E,$Y4)),"",INDEX(Kanatlar!E:E,$Y4)),IF(ISBLANK(INDEX(Forvetler!E:E,$Y4)),"",INDEX(Forvetler!E:E,$Y4)))) -> Stoper | F4: =IF($X4="","",CHOOSE($X4,IF(ISBLANK(INDEX(Kaleciler!F:F,$Y4)),"",INDEX(Kaleciler!F:F,$Y4)),IF(ISBLANK(INDEX(Stoperler!F:F,$Y4)),"",INDEX(Stoperler!F:F,$Y4)),IF(ISBLANK(INDEX('Sağ Bekler'!F:F,$Y4)),"",INDEX('Sağ Bekler'!F:F,$Y4)),IF(ISBLANK(INDEX('Sol Bekler'!F:F,$Y4)),"",INDEX('Sol Bekler'!F:F,$Y4)),IF(ISBLANK(INDEX('Orta Saha'!F:F,$Y4)),"",INDEX('Orta Saha'!F:F,$Y4)),IF(ISBLANK(INDEX(Kanatlar!F:F,$Y4)),"",INDEX(Kanatlar!F:F,$Y4)),IF(ISBLANK(INDEX(Forvetler!F:F,$Y4)),"",INDEX(Forvetler!F:F,$Y4)))) -> Sol | G4: =IF($X4="","",CHOOSE($X4,IF(ISBLANK(INDEX(Kaleciler!G:G,$Y4)),"",INDEX(Kaleciler!G:G,$Y4)),IF(ISBLANK(INDEX(Stoperler!G:G,$Y4)),"",INDEX(Stoperler!G:G,$Y4)),IF(ISBLANK(INDEX('Sağ Bekler'!G:G,$Y4)),"",INDEX('Sağ Bekler'!G:G,$Y4)),IF(ISBLANK(INDEX('Sol Bekler'!G:G,$Y4)),"",INDEX('Sol Bekler'!G:G,$Y4)),IF(ISBLANK(INDEX('Orta Saha'!G:G,$Y4)),"",INDEX('Orta Saha'!G:G,$Y4)),IF(ISBLANK(INDEX(Kanatlar!G:G,$Y4)),"",INDEX(Kanatlar!G:G,$Y4)),IF(ISBLANK(INDEX(Forvetler!G:G,$Y4)),"",INDEX(Forvetler!G:G,$Y4)))) -> MANİSA FK | H4: =IF($X4="","",CHOOSE($X4,IF(ISBLANK(INDEX(Kaleciler!H:H,$Y4)),"",INDEX(Kaleciler!H:H,$Y4)),IF(ISBLANK(INDEX(Stoperler!H:H,$Y4)),"",INDEX(Stoperler!H:H,$Y4)),IF(ISBLANK(INDEX('Sağ Bekler'!H:H,$Y4)),"",INDEX('Sağ Bekler'!H:H,$Y4)),IF(ISBLANK(INDEX('Sol Bekler'!H:H,$Y4)),"",INDEX('Sol Bekler'!H:H,$Y4)),IF(ISBLANK(INDEX('Orta Saha'!H:H,$Y4)),"",INDEX('Orta Saha'!H:H,$Y4)),IF(ISBLANK(INDEX(Kanatlar!H:H,$Y4)),"",INDEX(Kanatlar!H:H,$Y4)),IF(ISBLANK(INDEX(Forvetler!H:H,$Y4)),"",INDEX(Forvetler!H:H,$Y4)))) -> 1.Lig | I4: =IF($X4="","",CHOOSE($X4,IF(ISBLANK(INDEX(Kaleciler!I:I,$Y4)),"",INDEX(Kaleciler!I:I,$Y4)),IF(ISBLANK(INDEX(Stoperler!I:I,$Y4)),"",INDEX(Stoperler!I:I,$Y4)),IF(ISBLANK(INDEX('Sağ Bekler'!I:I,$Y4)),"",INDEX('Sağ Bekler'!I:I,$Y4)),IF(ISBLANK(INDEX('Sol Bekler'!I:I,$Y4)),"",INDEX('Sol Bekler'!I:I,$Y4)),IF(ISBLANK(INDEX('Orta Saha'!I:I,$Y4)),"",INDEX('Orta Saha'!I:I,$Y4)),IF(ISBLANK(INDEX(Kanatlar!I:I,$Y4)),"",INDEX(Kanatlar!I:I,$Y4)),IF(ISBLANK(INDEX(Forvetler!I:I,$Y4)),"",INDEX(Forvetler!I:I,$Y4)))) -> 46934 | J4: =IF($X4="","",CHOOSE($X4,IF(ISBLANK(INDEX(Kaleciler!J:J,$Y4)),"",INDEX(Kaleciler!J:J,$Y4)),IF(ISBLANK(INDEX(Stoperler!J:J,$Y4)),"",INDEX(Stoperler!J:J,$Y4)),IF(ISBLANK(INDEX('Sağ Bekler'!J:J,$Y4)),"",INDEX('Sağ Bekler'!J:J,$Y4)),IF(ISBLANK(INDEX('Sol Bekler'!J:J,$Y4)),"",INDEX('Sol Bekler'!J:J,$Y4)),IF(ISBLANK(INDEX('Orta Saha'!J:J,$Y4)),"",INDEX('Orta Saha'!J:J,$Y4)),IF(ISBLANK(INDEX(Kanatlar!J:J,$Y4)),"",INDEX(Kanatlar!J:J,$Y4)),IF(ISBLANK(INDEX(Forvetler!J:J,$Y4)),"",INDEX(Forvetler!J:J,$Y4)))) | K4: =IF($X4="","",CHOOSE($X4,IF(ISBLANK(INDEX(Kaleciler!K:K,$Y4)),"",INDEX(Kaleciler!K:K,$Y4)),IF(ISBLANK(INDEX(Stoperler!K:K,$Y4)),"",INDEX(Stoperler!K:K,$Y4)),IF(ISBLANK(INDEX('Sağ Bekler'!K:K,$Y4)),"",INDEX('Sağ Bekler'!K:K,$Y4)),IF(ISBLANK(INDEX('Sol Bekler'!K:K,$Y4)),"",INDEX('Sol Bekler'!K:K,$Y4)),IF(ISBLANK(INDEX('Orta Saha'!K:K,$Y4)),"",INDEX('Orta Saha'!K:K,$Y4)),IF(ISBLANK(INDEX(Kanatlar!K:K,$Y4)),"",INDEX(Kanatlar!K:K,$Y4)),IF(ISBLANK(INDEX(Forvetler!K:K,$Y4)),"",INDEX(Forvetler!K:K,$Y4)))) | L4: =IF($X4="","",CHOOSE($X4,IF(ISBLANK(INDEX(Kaleciler!L:L,$Y4)),"",INDEX(Kaleciler!L:L,$Y4)),IF(ISBLANK(INDEX(Stoperler!L:L,$Y4)),"",INDEX(Stoperler!L:L,$Y4)),IF(ISBLANK(INDEX('Sağ Bekler'!L:L,$Y4)),"",INDEX('Sağ Bekler'!L:L,$Y4)),IF(ISBLANK(INDEX('Sol Bekler'!L:L,$Y4)),"",INDEX('Sol Bekler'!L:L,$Y4)),IF(ISBLANK(INDEX('Orta Saha'!L:L,$Y4)),"",INDEX('Orta Saha'!L:L,$Y4)),IF(ISBLANK(INDEX(Kanatlar!L:L,$Y4)),"",INDEX(Kanatlar!L:L,$Y4)),IF(ISBLANK(INDEX(Forvetler!L:L,$Y4)),"",INDEX(Forvetler!L:L,$Y4)))) | M4: =IF($X4="","",CHOOSE($X4,IF(ISBLANK(INDEX(Kaleciler!M:M,$Y4)),"",INDEX(Kaleciler!M:M,$Y4)),IF(ISBLANK(INDEX(Stoperler!M:M,$Y4)),"",INDEX(Stoperler!M:M,$Y4)),IF(ISBLANK(INDEX('Sağ Bekler'!M:M,$Y4)),"",INDEX('Sağ Bekler'!M:M,$Y4)),IF(ISBLANK(INDEX('Sol Bekler'!M:M,$Y4)),"",INDEX('Sol Bekler'!M:M,$Y4)),IF(ISBLANK(INDEX('Orta Saha'!M:M,$Y4)),"",INDEX('Orta Saha'!M:M,$Y4)),IF(ISBLANK(INDEX(Kanatlar!M:M,$Y4)),"",INDEX(Kanatlar!M:M,$Y4)),IF(ISBLANK(INDEX(Forvetler!M:M,$Y4)),"",INDEX(Forvetler!M:M,$Y4)))) | N4: =IF($X4="","",CHOOSE($X4,IF(ISBLANK(INDEX(Kaleciler!N:N,$Y4)),"",INDEX(Kaleciler!N:N,$Y4)),IF(ISBLANK(INDEX(Stoperler!N:N,$Y4)),"",INDEX(Stoperler!N:N,$Y4)),IF(ISBLANK(INDEX('Sağ Bekler'!N:N,$Y4)),"",INDEX('Sağ Bekler'!N:N,$Y4)),IF(ISBLANK(INDEX('Sol Bekler'!N:N,$Y4)),"",INDEX('Sol Bekler'!N:N,$Y4)),IF(ISBLANK(INDEX('Orta Saha'!N:N,$Y4)),"",INDEX('Orta Saha'!N:N,$Y4)),IF(ISBLANK(INDEX(Kanatlar!N:N,$Y4)),"",INDEX(Kanatlar!N:N,$Y4)),IF(ISBLANK(INDEX(Forvetler!N:N,$Y4)),"",INDEX(Forvetler!N:N,$Y4)))) | O4: =IF($X4="","",CHOOSE($X4,IF(ISBLANK(INDEX(Kaleciler!O:O,$Y4)),"",INDEX(Kaleciler!O:O,$Y4)),IF(ISBLANK(INDEX(Stoperler!O:O,$Y4)),"",INDEX(Stoperler!O:O,$Y4)),IF(ISBLANK(INDEX('Sağ Bekler'!O:O,$Y4)),"",INDEX('Sağ Bekler'!O:O,$Y4)),IF(ISBLANK(INDEX('Sol Bekler'!O:O,$Y4)),"",INDEX('Sol Bekler'!O:O,$Y4)),IF(ISBLANK(INDEX('Orta Saha'!O:O,$Y4)),"",INDEX('Orta Saha'!O:O,$Y4)),IF(ISBLANK(INDEX(Kanatlar!O:O,$Y4)),"",INDEX(Kanatlar!O:O,$Y4)),IF(ISBLANK(INDEX(Forvetler!O:O,$Y4)),"",INDEX(Forvetler!O:O,$Y4)))) | P4: =IF($X4="","",CHOOSE($X4,IF(ISBLANK(INDEX(Kaleciler!P:P,$Y4)),"",INDEX(Kaleciler!P:P,$Y4)),IF(ISBLANK(INDEX(Stoperler!P:P,$Y4)),"",INDEX(Stoperler!P:P,$Y4)),IF(ISBLANK(INDEX('Sağ Bekler'!P:P,$Y4)),"",INDEX('Sağ Bekler'!P:P,$Y4)),IF(ISBLANK(INDEX('Sol Bekler'!P:P,$Y4)),"",INDEX('Sol Bekler'!P:P,$Y4)),IF(ISBLANK(INDEX('Orta Saha'!P:P,$Y4)),"",INDEX('Orta Saha'!P:P,$Y4)),IF(ISBLANK(INDEX(Kanatlar!P:P,$Y4)),"",INDEX(Kanatlar!P:P,$Y4)),IF(ISBLANK(INDEX(Forvetler!P:P,$Y4)),"",INDEX(Forvetler!P:P,$Y4)))) | Q4: =IF($X4="","",CHOOSE($X4,IF(ISBLANK(INDEX(Kaleciler!Q:Q,$Y4)),"",INDEX(Kaleciler!Q:Q,$Y4)),IF(ISBLANK(INDEX(Stoperler!Q:Q,$Y4)),"",INDEX(Stoperler!Q:Q,$Y4)),IF(ISBLANK(INDEX('Sağ Bekler'!Q:Q,$Y4)),"",INDEX('Sağ Bekler'!Q:Q,$Y4)),IF(ISBLANK(INDEX('Sol Bekler'!Q:Q,$Y4)),"",INDEX('Sol Bekler'!Q:Q,$Y4)),IF(ISBLANK(INDEX('Orta Saha'!Q:Q,$Y4)),"",INDEX('Orta Saha'!Q:Q,$Y4)),IF(ISBLANK(INDEX(Kanatlar!Q:Q,$Y4)),"",INDEX(Kanatlar!Q:Q,$Y4)),IF(ISBLANK(INDEX(Forvetler!Q:Q,$Y4)),"",INDEX(Forvetler!Q:Q,$Y4)))) -> A Liste | R4: =IF($X4="","",CHOOSE($X4,IF(ISBLANK(INDEX(Kaleciler!R:R,$Y4)),"",INDEX(Kaleciler!R:R,$Y4)),IF(ISBLANK(INDEX(Stoperler!R:R,$Y4)),"",INDEX(Stoperler!R:R,$Y4)),IF(ISBLANK(INDEX('Sağ Bekler'!R:R,$Y4)),"",INDEX('Sağ Bekler'!R:R,$Y4)),IF(ISBLANK(INDEX('Sol Bekler'!R:R,$Y4)),"",INDEX('Sol Bekler'!R:R,$Y4)),IF(ISBLANK(INDEX('Orta Saha'!R:R,$Y4)),"",INDEX('Orta Saha'!R:R,$Y4)),IF(ISBLANK(INDEX(Kanatlar!R:R,$Y4)),"",INDEX(Kanatlar!R:R,$Y4)),IF(ISBLANK(INDEX(Forvetler!R:R,$Y4)),"",INDEX(Forvetler!R:R,$Y4)))) | S4: =IF($X4="","",CHOOSE($X4,IF(ISBLANK(INDEX(Kaleciler!S:S,$Y4)),"",INDEX(Kaleciler!S:S,$Y4)),IF(ISBLANK(INDEX(Stoperler!S:S,$Y4)),"",INDEX(Stoperler!S:S,$Y4)),IF(ISBLANK(INDEX('Sağ Bekler'!S:S,$Y4)),"",INDEX('Sağ Bekler'!S:S,$Y4)),IF(ISBLANK(INDEX('Sol Bekler'!S:S,$Y4)),"",INDEX('Sol Bekler'!S:S,$Y4)),IF(ISBLANK(INDEX('Orta Saha'!S:S,$Y4)),"",INDEX('Orta Saha'!S:S,$Y4)),IF(ISBLANK(INDEX(Kanatlar!S:S,$Y4)),"",INDEX(Kanatlar!S:S,$Y4)),IF(ISBLANK(INDEX(Forvetler!S:S,$Y4)),"",INDEX(Forvetler!S:S,$Y4)))) | T4: =IF($X4="","",CHOOSE($X4,IF(ISBLANK(INDEX(Kaleciler!T:T,$Y4)),"",INDEX(Kaleciler!T:T,$Y4)),IF(ISBLANK(INDEX(Stoperler!T:T,$Y4)),"",INDEX(Stoperler!T:T,$Y4)),IF(ISBLANK(INDEX('Sağ Bekler'!T:T,$Y4)),"",INDEX('Sağ Bekler'!T:T,$Y4)),IF(ISBLANK(INDEX('Sol Bekler'!T:T,$Y4)),"",INDEX('Sol Bekler'!T:T,$Y4)),IF(ISBLANK(INDEX('Orta Saha'!T:T,$Y4)),"",INDEX('Orta Saha'!T:T,$Y4)),IF(ISBLANK(INDEX(Kanatlar!T:T,$Y4)),"",INDEX(Kanatlar!T:T,$Y4)),IF(ISBLANK(INDEX(Forvetler!T:T,$Y4)),"",INDEX(Forvetler!T:T,$Y4)))) | U4: 1 | V4: 4 | W4: =IF(Kaleciler!$Q$4="A Liste",COUNT($W$3:W3)+1,"") | X4: =IFERROR(INDEX($U$4:$U$703,MATCH(ROWS($X$4:X4),$W$4:$W$703,0)),"") -> 2 | Y4: =IFERROR(INDEX($V$4:$V$703,MATCH(ROWS($Y$4:Y4),$W$4:$W$703,0)),"") -> 5
A5: =IF($X5="","",CHOOSE($X5,IF(ISBLANK(INDEX(Kaleciler!A:A,$Y5)),"",INDEX(Kaleciler!A:A,$Y5)),IF(ISBLANK(INDEX(Stoperler!A:A,$Y5)),"",INDEX(Stoperler!A:A,$Y5)),IF(ISBLANK(INDEX('Sağ Bekler'!A:A,$Y5)),"",INDEX('Sağ Bekler'!A:A,$Y5)),IF(ISBLANK(INDEX('Sol Bekler'!A:A,$Y5)),"",INDEX('Sol Bekler'!A:A,$Y5)),IF(ISBLANK(INDEX('Orta Saha'!A:A,$Y5)),"",INDEX('Orta Saha'!A:A,$Y5)),IF(ISBLANK(INDEX(Kanatlar!A:A,$Y5)),"",INDEX(Kanatlar!A:A,$Y5)),IF(ISBLANK(INDEX(Forvetler!A:A,$Y5)),"",INDEX(Forvetler!A:A,$Y5)))) -> 5 | B5: =IF($X5="","",CHOOSE($X5,IF(ISBLANK(INDEX(Kaleciler!B:B,$Y5)),"",INDEX(Kaleciler!B:B,$Y5)),IF(ISBLANK(INDEX(Stoperler!B:B,$Y5)),"",INDEX(Stoperler!B:B,$Y5)),IF(ISBLANK(INDEX('Sağ Bekler'!B:B,$Y5)),"",INDEX('Sağ Bekler'!B:B,$Y5)),IF(ISBLANK(INDEX('Sol Bekler'!B:B,$Y5)),"",INDEX('Sol Bekler'!B:B,$Y5)),IF(ISBLANK(INDEX('Orta Saha'!B:B,$Y5)),"",INDEX('Orta Saha'!B:B,$Y5)),IF(ISBLANK(INDEX(Kanatlar!B:B,$Y5)),"",INDEX(Kanatlar!B:B,$Y5)),IF(ISBLANK(INDEX(Forvetler!B:B,$Y5)),"",INDEX(Forvetler!B:B,$Y5)))) -> DEVRAN BOZARDIÇ | C5: =IF($X5="","",CHOOSE($X5,IF(ISBLANK(INDEX(Kaleciler!C:C,$Y5)),"",INDEX(Kaleciler!C:C,$Y5)),IF(ISBLANK(INDEX(Stoperler!C:C,$Y5)),"",INDEX(Stoperler!C:C,$Y5)),IF(ISBLANK(INDEX('Sağ Bekler'!C:C,$Y5)),"",INDEX('Sağ Bekler'!C:C,$Y5)),IF(ISBLANK(INDEX('Sol Bekler'!C:C,$Y5)),"",INDEX('Sol Bekler'!C:C,$Y5)),IF(ISBLANK(INDEX('Orta Saha'!C:C,$Y5)),"",INDEX('Orta Saha'!C:C,$Y5)),IF(ISBLANK(INDEX(Kanatlar!C:C,$Y5)),"",INDEX(Kanatlar!C:C,$Y5)),IF(ISBLANK(INDEX(Forvetler!C:C,$Y5)),"",INDEX(Forvetler!C:C,$Y5)))) -> 38748 | D5: =IF($X5="","",CHOOSE($X5,IF(ISBLANK(INDEX(Kaleciler!D:D,$Y5)),"",INDEX(Kaleciler!D:D,$Y5)),IF(ISBLANK(INDEX(Stoperler!D:D,$Y5)),"",INDEX(Stoperler!D:D,$Y5)),IF(ISBLANK(INDEX('Sağ Bekler'!D:D,$Y5)),"",INDEX('Sağ Bekler'!D:D,$Y5)),IF(ISBLANK(INDEX('Sol Bekler'!D:D,$Y5)),"",INDEX('Sol Bekler'!D:D,$Y5)),IF(ISBLANK(INDEX('Orta Saha'!D:D,$Y5)),"",INDEX('Orta Saha'!D:D,$Y5)),IF(ISBLANK(INDEX(Kanatlar!D:D,$Y5)),"",INDEX(Kanatlar!D:D,$Y5)),IF(ISBLANK(INDEX(Forvetler!D:D,$Y5)),"",INDEX(Forvetler!D:D,$Y5)))) -> 20 | E5: =IF($X5="","",CHOOSE($X5,IF(ISBLANK(INDEX(Kaleciler!E:E,$Y5)),"",INDEX(Kaleciler!E:E,$Y5)),IF(ISBLANK(INDEX(Stoperler!E:E,$Y5)),"",INDEX(Stoperler!E:E,$Y5)),IF(ISBLANK(INDEX('Sağ Bekler'!E:E,$Y5)),"",INDEX('Sağ Bekler'!E:E,$Y5)),IF(ISBLANK(INDEX('Sol Bekler'!E:E,$Y5)),"",INDEX('Sol Bekler'!E:E,$Y5)),IF(ISBLANK(INDEX('Orta Saha'!E:E,$Y5)),"",INDEX('Orta Saha'!E:E,$Y5)),IF(ISBLANK(INDEX(Kanatlar!E:E,$Y5)),"",INDEX(Kanatlar!E:E,$Y5)),IF(ISBLANK(INDEX(Forvetler!E:E,$Y5)),"",INDEX(Forvetler!E:E,$Y5)))) -> Stoper | F5: =IF($X5="","",CHOOSE($X5,IF(ISBLANK(INDEX(Kaleciler!F:F,$Y5)),"",INDEX(Kaleciler!F:F,$Y5)),IF(ISBLANK(INDEX(Stoperler!F:F,$Y5)),"",INDEX(Stoperler!F:F,$Y5)),IF(ISBLANK(INDEX('Sağ Bekler'!F:F,$Y5)),"",INDEX('Sağ Bekler'!F:F,$Y5)),IF(ISBLANK(INDEX('Sol Bekler'!F:F,$Y5)),"",INDEX('Sol Bekler'!F:F,$Y5)),IF(ISBLANK(INDEX('Orta Saha'!F:F,$Y5)),"",INDEX('Orta Saha'!F:F,$Y5)),IF(ISBLANK(INDEX(Kanatlar!F:F,$Y5)),"",INDEX(Kanatlar!F:F,$Y5)),IF(ISBLANK(INDEX(Forvetler!F:F,$Y5)),"",INDEX(Forvetler!F:F,$Y5)))) -> Sol | G5: =IF($X5="","",CHOOSE($X5,IF(ISBLANK(INDEX(Kaleciler!G:G,$Y5)),"",INDEX(Kaleciler!G:G,$Y5)),IF(ISBLANK(INDEX(Stoperler!G:G,$Y5)),"",INDEX(Stoperler!G:G,$Y5)),IF(ISBLANK(INDEX('Sağ Bekler'!G:G,$Y5)),"",INDEX('Sağ Bekler'!G:G,$Y5)),IF(ISBLANK(INDEX('Sol Bekler'!G:G,$Y5)),"",INDEX('Sol Bekler'!G:G,$Y5)),IF(ISBLANK(INDEX('Orta Saha'!G:G,$Y5)),"",INDEX('Orta Saha'!G:G,$Y5)),IF(ISBLANK(INDEX(Kanatlar!G:G,$Y5)),"",INDEX(Kanatlar!G:G,$Y5)),IF(ISBLANK(INDEX(Forvetler!G:G,$Y5)),"",INDEX(Forvetler!G:G,$Y5)))) -> BATMAN PETROLSPOR | H5: =IF($X5="","",CHOOSE($X5,IF(ISBLANK(INDEX(Kaleciler!H:H,$Y5)),"",INDEX(Kaleciler!H:H,$Y5)),IF(ISBLANK(INDEX(Stoperler!H:H,$Y5)),"",INDEX(Stoperler!H:H,$Y5)),IF(ISBLANK(INDEX('Sağ Bekler'!H:H,$Y5)),"",INDEX('Sağ Bekler'!H:H,$Y5)),IF(ISBLANK(INDEX('Sol Bekler'!H:H,$Y5)),"",INDEX('Sol Bekler'!H:H,$Y5)),IF(ISBLANK(INDEX('Orta Saha'!H:H,$Y5)),"",INDEX('Orta Saha'!H:H,$Y5)),IF(ISBLANK(INDEX(Kanatlar!H:H,$Y5)),"",INDEX(Kanatlar!H:H,$Y5)),IF(ISBLANK(INDEX(Forvetler!H:H,$Y5)),"",INDEX(Forvetler!H:H,$Y5)))) -> 1.Lig | I5: =IF($X5="","",CHOOSE($X5,IF(ISBLANK(INDEX(Kaleciler!I:I,$Y5)),"",INDEX(Kaleciler!I:I,$Y5)),IF(ISBLANK(INDEX(Stoperler!I:I,$Y5)),"",INDEX(Stoperler!I:I,$Y5)),IF(ISBLANK(INDEX('Sağ Bekler'!I:I,$Y5)),"",INDEX('Sağ Bekler'!I:I,$Y5)),IF(ISBLANK(INDEX('Sol Bekler'!I:I,$Y5)),"",INDEX('Sol Bekler'!I:I,$Y5)),IF(ISBLANK(INDEX('Orta Saha'!I:I,$Y5)),"",INDEX('Orta Saha'!I:I,$Y5)),IF(ISBLANK(INDEX(Kanatlar!I:I,$Y5)),"",INDEX(Kanatlar!I:I,$Y5)),IF(ISBLANK(INDEX(Forvetler!I:I,$Y5)),"",INDEX(Forvetler!I:I,$Y5)))) -> 46934 | J5: =IF($X5="","",CHOOSE($X5,IF(ISBLANK(INDEX(Kaleciler!J:J,$Y5)),"",INDEX(Kaleciler!J:J,$Y5)),IF(ISBLANK(INDEX(Stoperler!J:J,$Y5)),"",INDEX(Stoperler!J:J,$Y5)),IF(ISBLANK(INDEX('Sağ Bekler'!J:J,$Y5)),"",INDEX('Sağ Bekler'!J:J,$Y5)),IF(ISBLANK(INDEX('Sol Bekler'!J:J,$Y5)),"",INDEX('Sol Bekler'!J:J,$Y5)),IF(ISBLANK(INDEX('Orta Saha'!J:J,$Y5)),"",INDEX('Orta Saha'!J:J,$Y5)),IF(ISBLANK(INDEX(Kanatlar!J:J,$Y5)),"",INDEX(Kanatlar!J:J,$Y5)),IF(ISBLANK(INDEX(Forvetler!J:J,$Y5)),"",INDEX(Forvetler!J:J,$Y5)))) | K5: =IF($X5="","",CHOOSE($X5,IF(ISBLANK(INDEX(Kaleciler!K:K,$Y5)),"",INDEX(Kaleciler!K:K,$Y5)),IF(ISBLANK(INDEX(Stoperler!K:K,$Y5)),"",INDEX(Stoperler!K:K,$Y5)),IF(ISBLANK(INDEX('Sağ Bekler'!K:K,$Y5)),"",INDEX('Sağ Bekler'!K:K,$Y5)),IF(ISBLANK(INDEX('Sol Bekler'!K:K,$Y5)),"",INDEX('Sol Bekler'!K:K,$Y5)),IF(ISBLANK(INDEX('Orta Saha'!K:K,$Y5)),"",INDEX('Orta Saha'!K:K,$Y5)),IF(ISBLANK(INDEX(Kanatlar!K:K,$Y5)),"",INDEX(Kanatlar!K:K,$Y5)),IF(ISBLANK(INDEX(Forvetler!K:K,$Y5)),"",INDEX(Forvetler!K:K,$Y5)))) | L5: =IF($X5="","",CHOOSE($X5,IF(ISBLANK(INDEX(Kaleciler!L:L,$Y5)),"",INDEX(Kaleciler!L:L,$Y5)),IF(ISBLANK(INDEX(Stoperler!L:L,$Y5)),"",INDEX(Stoperler!L:L,$Y5)),IF(ISBLANK(INDEX('Sağ Bekler'!L:L,$Y5)),"",INDEX('Sağ Bekler'!L:L,$Y5)),IF(ISBLANK(INDEX('Sol Bekler'!L:L,$Y5)),"",INDEX('Sol Bekler'!L:L,$Y5)),IF(ISBLANK(INDEX('Orta Saha'!L:L,$Y5)),"",INDEX('Orta Saha'!L:L,$Y5)),IF(ISBLANK(INDEX(Kanatlar!L:L,$Y5)),"",INDEX(Kanatlar!L:L,$Y5)),IF(ISBLANK(INDEX(Forvetler!L:L,$Y5)),"",INDEX(Forvetler!L:L,$Y5)))) | M5: =IF($X5="","",CHOOSE($X5,IF(ISBLANK(INDEX(Kaleciler!M:M,$Y5)),"",INDEX(Kaleciler!M:M,$Y5)),IF(ISBLANK(INDEX(Stoperler!M:M,$Y5)),"",INDEX(Stoperler!M:M,$Y5)),IF(ISBLANK(INDEX('Sağ Bekler'!M:M,$Y5)),"",INDEX('Sağ Bekler'!M:M,$Y5)),IF(ISBLANK(INDEX('Sol Bekler'!M:M,$Y5)),"",INDEX('Sol Bekler'!M:M,$Y5)),IF(ISBLANK(INDEX('Orta Saha'!M:M,$Y5)),"",INDEX('Orta Saha'!M:M,$Y5)),IF(ISBLANK(INDEX(Kanatlar!M:M,$Y5)),"",INDEX(Kanatlar!M:M,$Y5)),IF(ISBLANK(INDEX(Forvetler!M:M,$Y5)),"",INDEX(Forvetler!M:M,$Y5)))) | N5: =IF($X5="","",CHOOSE($X5,IF(ISBLANK(INDEX(Kaleciler!N:N,$Y5)),"",INDEX(Kaleciler!N:N,$Y5)),IF(ISBLANK(INDEX(Stoperler!N:N,$Y5)),"",INDEX(Stoperler!N:N,$Y5)),IF(ISBLANK(INDEX('Sağ Bekler'!N:N,$Y5)),"",INDEX('Sağ Bekler'!N:N,$Y5)),IF(ISBLANK(INDEX('Sol Bekler'!N:N,$Y5)),"",INDEX('Sol Bekler'!N:N,$Y5)),IF(ISBLANK(INDEX('Orta Saha'!N:N,$Y5)),"",INDEX('Orta Saha'!N:N,$Y5)),IF(ISBLANK(INDEX(Kanatlar!N:N,$Y5)),"",INDEX(Kanatlar!N:N,$Y5)),IF(ISBLANK(INDEX(Forvetler!N:N,$Y5)),"",INDEX(Forvetler!N:N,$Y5)))) | O5: =IF($X5="","",CHOOSE($X5,IF(ISBLANK(INDEX(Kaleciler!O:O,$Y5)),"",INDEX(Kaleciler!O:O,$Y5)),IF(ISBLANK(INDEX(Stoperler!O:O,$Y5)),"",INDEX(Stoperler!O:O,$Y5)),IF(ISBLANK(INDEX('Sağ Bekler'!O:O,$Y5)),"",INDEX('Sağ Bekler'!O:O,$Y5)),IF(ISBLANK(INDEX('Sol Bekler'!O:O,$Y5)),"",INDEX('Sol Bekler'!O:O,$Y5)),IF(ISBLANK(INDEX('Orta Saha'!O:O,$Y5)),"",INDEX('Orta Saha'!O:O,$Y5)),IF(ISBLANK(INDEX(Kanatlar!O:O,$Y5)),"",INDEX(Kanatlar!O:O,$Y5)),IF(ISBLANK(INDEX(Forvetler!O:O,$Y5)),"",INDEX(Forvetler!O:O,$Y5)))) | P5: =IF($X5="","",CHOOSE($X5,IF(ISBLANK(INDEX(Kaleciler!P:P,$Y5)),"",INDEX(Kaleciler!P:P,$Y5)),IF(ISBLANK(INDEX(Stoperler!P:P,$Y5)),"",INDEX(Stoperler!P:P,$Y5)),IF(ISBLANK(INDEX('Sağ Bekler'!P:P,$Y5)),"",INDEX('Sağ Bekler'!P:P,$Y5)),IF(ISBLANK(INDEX('Sol Bekler'!P:P,$Y5)),"",INDEX('Sol Bekler'!P:P,$Y5)),IF(ISBLANK(INDEX('Orta Saha'!P:P,$Y5)),"",INDEX('Orta Saha'!P:P,$Y5)),IF(ISBLANK(INDEX(Kanatlar!P:P,$Y5)),"",INDEX(Kanatlar!P:P,$Y5)),IF(ISBLANK(INDEX(Forvetler!P:P,$Y5)),"",INDEX(Forvetler!P:P,$Y5)))) | Q5: =IF($X5="","",CHOOSE($X5,IF(ISBLANK(INDEX(Kaleciler!Q:Q,$Y5)),"",INDEX(Kaleciler!Q:Q,$Y5)),IF(ISBLANK(INDEX(Stoperler!Q:Q,$Y5)),"",INDEX(Stoperler!Q:Q,$Y5)),IF(ISBLANK(INDEX('Sağ Bekler'!Q:Q,$Y5)),"",INDEX('Sağ Bekler'!Q:Q,$Y5)),IF(ISBLANK(INDEX('Sol Bekler'!Q:Q,$Y5)),"",INDEX('Sol Bekler'!Q:Q,$Y5)),IF(ISBLANK(INDEX('Orta Saha'!Q:Q,$Y5)),"",INDEX('Orta Saha'!Q:Q,$Y5)),IF(ISBLANK(INDEX(Kanatlar!Q:Q,$Y5)),"",INDEX(Kanatlar!Q:Q,$Y5)),IF(ISBLANK(INDEX(Forvetler!Q:Q,$Y5)),"",INDEX(Forvetler!Q:Q,$Y5)))) -> A Liste | R5: =IF($X5="","",CHOOSE($X5,IF(ISBLANK(INDEX(Kaleciler!R:R,$Y5)),"",INDEX(Kaleciler!R:R,$Y5)),IF(ISBLANK(INDEX(Stoperler!R:R,$Y5)),"",INDEX(Stoperler!R:R,$Y5)),IF(ISBLANK(INDEX('Sağ Bekler'!R:R,$Y5)),"",INDEX('Sağ Bekler'!R:R,$Y5)),IF(ISBLANK(INDEX('Sol Bekler'!R:R,$Y5)),"",INDEX('Sol Bekler'!R:R,$Y5)),IF(ISBLANK(INDEX('Orta Saha'!R:R,$Y5)),"",INDEX('Orta Saha'!R:R,$Y5)),IF(ISBLANK(INDEX(Kanatlar!R:R,$Y5)),"",INDEX(Kanatlar!R:R,$Y5)),IF(ISBLANK(INDEX(Forvetler!R:R,$Y5)),"",INDEX(Forvetler!R:R,$Y5)))) | S5: =IF($X5="","",CHOOSE($X5,IF(ISBLANK(INDEX(Kaleciler!S:S,$Y5)),"",INDEX(Kaleciler!S:S,$Y5)),IF(ISBLANK(INDEX(Stoperler!S:S,$Y5)),"",INDEX(Stoperler!S:S,$Y5)),IF(ISBLANK(INDEX('Sağ Bekler'!S:S,$Y5)),"",INDEX('Sağ Bekler'!S:S,$Y5)),IF(ISBLANK(INDEX('Sol Bekler'!S:S,$Y5)),"",INDEX('Sol Bekler'!S:S,$Y5)),IF(ISBLANK(INDEX('Orta Saha'!S:S,$Y5)),"",INDEX('Orta Saha'!S:S,$Y5)),IF(ISBLANK(INDEX(Kanatlar!S:S,$Y5)),"",INDEX(Kanatlar!S:S,$Y5)),IF(ISBLANK(INDEX(Forvetler!S:S,$Y5)),"",INDEX(Forvetler!S:S,$Y5)))) | T5: =IF($X5="","",CHOOSE($X5,IF(ISBLANK(INDEX(Kaleciler!T:T,$Y5)),"",INDEX(Kaleciler!T:T,$Y5)),IF(ISBLANK(INDEX(Stoperler!T:T,$Y5)),"",INDEX(Stoperler!T:T,$Y5)),IF(ISBLANK(INDEX('Sağ Bekler'!T:T,$Y5)),"",INDEX('Sağ Bekler'!T:T,$Y5)),IF(ISBLANK(INDEX('Sol Bekler'!T:T,$Y5)),"",INDEX('Sol Bekler'!T:T,$Y5)),IF(ISBLANK(INDEX('Orta Saha'!T:T,$Y5)),"",INDEX('Orta Saha'!T:T,$Y5)),IF(ISBLANK(INDEX(Kanatlar!T:T,$Y5)),"",INDEX(Kanatlar!T:T,$Y5)),IF(ISBLANK(INDEX(Forvetler!T:T,$Y5)),"",INDEX(Forvetler!T:T,$Y5)))) | U5: 1 | V5: 5 | W5: =IF(Kaleciler!$Q$5="A Liste",COUNT($W$3:W4)+1,"") | X5: =IFERROR(INDEX($U$4:$U$703,MATCH(ROWS($X$4:X5),$W$4:$W$703,0)),"") -> 2 | Y5: =IFERROR(INDEX($V$4:$V$703,MATCH(ROWS($Y$4:Y5),$W$4:$W$703,0)),"") -> 8
A6: =IF($X6="","",CHOOSE($X6,IF(ISBLANK(INDEX(Kaleciler!A:A,$Y6)),"",INDEX(Kaleciler!A:A,$Y6)),IF(ISBLANK(INDEX(Stoperler!A:A,$Y6)),"",INDEX(Stoperler!A:A,$Y6)),IF(ISBLANK(INDEX('Sağ Bekler'!A:A,$Y6)),"",INDEX('Sağ Bekler'!A:A,$Y6)),IF(ISBLANK(INDEX('Sol Bekler'!A:A,$Y6)),"",INDEX('Sol Bekler'!A:A,$Y6)),IF(ISBLANK(INDEX('Orta Saha'!A:A,$Y6)),"",INDEX('Orta Saha'!A:A,$Y6)),IF(ISBLANK(INDEX(Kanatlar!A:A,$Y6)),"",INDEX(Kanatlar!A:A,$Y6)),IF(ISBLANK(INDEX(Forvetler!A:A,$Y6)),"",INDEX(Forvetler!A:A,$Y6)))) -> 3 | B6: =IF($X6="","",CHOOSE($X6,IF(ISBLANK(INDEX(Kaleciler!B:B,$Y6)),"",INDEX(Kaleciler!B:B,$Y6)),IF(ISBLANK(INDEX(Stoperler!B:B,$Y6)),"",INDEX(Stoperler!B:B,$Y6)),IF(ISBLANK(INDEX('Sağ Bekler'!B:B,$Y6)),"",INDEX('Sağ Bekler'!B:B,$Y6)),IF(ISBLANK(INDEX('Sol Bekler'!B:B,$Y6)),"",INDEX('Sol Bekler'!B:B,$Y6)),IF(ISBLANK(INDEX('Orta Saha'!B:B,$Y6)),"",INDEX('Orta Saha'!B:B,$Y6)),IF(ISBLANK(INDEX(Kanatlar!B:B,$Y6)),"",INDEX(Kanatlar!B:B,$Y6)),IF(ISBLANK(INDEX(Forvetler!B:B,$Y6)),"",INDEX(Forvetler!B:B,$Y6)))) -> LEON ÇALIŞKAN | C6: =IF($X6="","",CHOOSE($X6,IF(ISBLANK(INDEX(Kaleciler!C:C,$Y6)),"",INDEX(Kaleciler!C:C,$Y6)),IF(ISBLANK(INDEX(Stoperler!C:C,$Y6)),"",INDEX(Stoperler!C:C,$Y6)),IF(ISBLANK(INDEX('Sağ Bekler'!C:C,$Y6)),"",INDEX('Sağ Bekler'!C:C,$Y6)),IF(ISBLANK(INDEX('Sol Bekler'!C:C,$Y6)),"",INDEX('Sol Bekler'!C:C,$Y6)),IF(ISBLANK(INDEX('Orta Saha'!C:C,$Y6)),"",INDEX('Orta Saha'!C:C,$Y6)),IF(ISBLANK(INDEX(Kanatlar!C:C,$Y6)),"",INDEX(Kanatlar!C:C,$Y6)),IF(ISBLANK(INDEX(Forvetler!C:C,$Y6)),"",INDEX(Forvetler!C:C,$Y6)))) -> 38975 | D6: =IF($X6="","",CHOOSE($X6,IF(ISBLANK(INDEX(Kaleciler!D:D,$Y6)),"",INDEX(Kaleciler!D:D,$Y6)),IF(ISBLANK(INDEX(Stoperler!D:D,$Y6)),"",INDEX(Stoperler!D:D,$Y6)),IF(ISBLANK(INDEX('Sağ Bekler'!D:D,$Y6)),"",INDEX('Sağ Bekler'!D:D,$Y6)),IF(ISBLANK(INDEX('Sol Bekler'!D:D,$Y6)),"",INDEX('Sol Bekler'!D:D,$Y6)),IF(ISBLANK(INDEX('Orta Saha'!D:D,$Y6)),"",INDEX('Orta Saha'!D:D,$Y6)),IF(ISBLANK(INDEX(Kanatlar!D:D,$Y6)),"",INDEX(Kanatlar!D:D,$Y6)),IF(ISBLANK(INDEX(Forvetler!D:D,$Y6)),"",INDEX(Forvetler!D:D,$Y6)))) -> 20 | E6: =IF($X6="","",CHOOSE($X6,IF(ISBLANK(INDEX(Kaleciler!E:E,$Y6)),"",INDEX(Kaleciler!E:E,$Y6)),IF(ISBLANK(INDEX(Stoperler!E:E,$Y6)),"",INDEX(Stoperler!E:E,$Y6)),IF(ISBLANK(INDEX('Sağ Bekler'!E:E,$Y6)),"",INDEX('Sağ Bekler'!E:E,$Y6)),IF(ISBLANK(INDEX('Sol Bekler'!E:E,$Y6)),"",INDEX('Sol Bekler'!E:E,$Y6)),IF(ISBLANK(INDEX('Orta Saha'!E:E,$Y6)),"",INDEX('Orta Saha'!E:E,$Y6)),IF(ISBLANK(INDEX(Kanatlar!E:E,$Y6)),"",INDEX(Kanatlar!E:E,$Y6)),IF(ISBLANK(INDEX(Forvetler!E:E,$Y6)),"",INDEX(Forvetler!E:E,$Y6)))) -> Orta Saha | F6: =IF($X6="","",CHOOSE($X6,IF(ISBLANK(INDEX(Kaleciler!F:F,$Y6)),"",INDEX(Kaleciler!F:F,$Y6)),IF(ISBLANK(INDEX(Stoperler!F:F,$Y6)),"",INDEX(Stoperler!F:F,$Y6)),IF(ISBLANK(INDEX('Sağ Bekler'!F:F,$Y6)),"",INDEX('Sağ Bekler'!F:F,$Y6)),IF(ISBLANK(INDEX('Sol Bekler'!F:F,$Y6)),"",INDEX('Sol Bekler'!F:F,$Y6)),IF(ISBLANK(INDEX('Orta Saha'!F:F,$Y6)),"",INDEX('Orta Saha'!F:F,$Y6)),IF(ISBLANK(INDEX(Kanatlar!F:F,$Y6)),"",INDEX(Kanatlar!F:F,$Y6)),IF(ISBLANK(INDEX(Forvetler!F:F,$Y6)),"",INDEX(Forvetler!F:F,$Y6)))) -> Sol | G6: =IF($X6="","",CHOOSE($X6,IF(ISBLANK(INDEX(Kaleciler!G:G,$Y6)),"",INDEX(Kaleciler!G:G,$Y6)),IF(ISBLANK(INDEX(Stoperler!G:G,$Y6)),"",INDEX(Stoperler!G:G,$Y6)),IF(ISBLANK(INDEX('Sağ Bekler'!G:G,$Y6)),"",INDEX('Sağ Bekler'!G:G,$Y6)),IF(ISBLANK(INDEX('Sol Bekler'!G:G,$Y6)),"",INDEX('Sol Bekler'!G:G,$Y6)),IF(ISBLANK(INDEX('Orta Saha'!G:G,$Y6)),"",INDEX('Orta Saha'!G:G,$Y6)),IF(ISBLANK(INDEX(Kanatlar!G:G,$Y6)),"",INDEX(Kanatlar!G:G,$Y6)),IF(ISBLANK(INDEX(Forvetler!G:G,$Y6)),"",INDEX(Forvetler!G:G,$Y6)))) -> IĞDIR FK | H6: =IF($X6="","",CHOOSE($X6,IF(ISBLANK(INDEX(Kaleciler!H:H,$Y6)),"",INDEX(Kaleciler!H:H,$Y6)),IF(ISBLANK(INDEX(Stoperler!H:H,$Y6)),"",INDEX(Stoperler!H:H,$Y6)),IF(ISBLANK(INDEX('Sağ Bekler'!H:H,$Y6)),"",INDEX('Sağ Bekler'!H:H,$Y6)),IF(ISBLANK(INDEX('Sol Bekler'!H:H,$Y6)),"",INDEX('Sol Bekler'!H:H,$Y6)),IF(ISBLANK(INDEX('Orta Saha'!H:H,$Y6)),"",INDEX('Orta Saha'!H:H,$Y6)),IF(ISBLANK(INDEX(Kanatlar!H:H,$Y6)),"",INDEX(Kanatlar!H:H,$Y6)),IF(ISBLANK(INDEX(Forvetler!H:H,$Y6)),"",INDEX(Forvetler!H:H,$Y6)))) -> 1.Lig | I6: =IF($X6="","",CHOOSE($X6,IF(ISBLANK(INDEX(Kaleciler!I:I,$Y6)),"",INDEX(Kaleciler!I:I,$Y6)),IF(ISBLANK(INDEX(Stoperler!I:I,$Y6)),"",INDEX(Stoperler!I:I,$Y6)),IF(ISBLANK(INDEX('Sağ Bekler'!I:I,$Y6)),"",INDEX('Sağ Bekler'!I:I,$Y6)),IF(ISBLANK(INDEX('Sol Bekler'!I:I,$Y6)),"",INDEX('Sol Bekler'!I:I,$Y6)),IF(ISBLANK(INDEX('Orta Saha'!I:I,$Y6)),"",INDEX('Orta Saha'!I:I,$Y6)),IF(ISBLANK(INDEX(Kanatlar!I:I,$Y6)),"",INDEX(Kanatlar!I:I,$Y6)),IF(ISBLANK(INDEX(Forvetler!I:I,$Y6)),"",INDEX(Forvetler!I:I,$Y6)))) | J6: =IF($X6="","",CHOOSE($X6,IF(ISBLANK(INDEX(Kaleciler!J:J,$Y6)),"",INDEX(Kaleciler!J:J,$Y6)),IF(ISBLANK(INDEX(Stoperler!J:J,$Y6)),"",INDEX(Stoperler!J:J,$Y6)),IF(ISBLANK(INDEX('Sağ Bekler'!J:J,$Y6)),"",INDEX('Sağ Bekler'!J:J,$Y6)),IF(ISBLANK(INDEX('Sol Bekler'!J:J,$Y6)),"",INDEX('Sol Bekler'!J:J,$Y6)),IF(ISBLANK(INDEX('Orta Saha'!J:J,$Y6)),"",INDEX('Orta Saha'!J:J,$Y6)),IF(ISBLANK(INDEX(Kanatlar!J:J,$Y6)),"",INDEX(Kanatlar!J:J,$Y6)),IF(ISBLANK(INDEX(Forvetler!J:J,$Y6)),"",INDEX(Forvetler!J:J,$Y6)))) | K6: =IF($X6="","",CHOOSE($X6,IF(ISBLANK(INDEX(Kaleciler!K:K,$Y6)),"",INDEX(Kaleciler!K:K,$Y6)),IF(ISBLANK(INDEX(Stoperler!K:K,$Y6)),"",INDEX(Stoperler!K:K,$Y6)),IF(ISBLANK(INDEX('Sağ Bekler'!K:K,$Y6)),"",INDEX('Sağ Bekler'!K:K,$Y6)),IF(ISBLANK(INDEX('Sol Bekler'!K:K,$Y6)),"",INDEX('Sol Bekler'!K:K,$Y6)),IF(ISBLANK(INDEX('Orta Saha'!K:K,$Y6)),"",INDEX('Orta Saha'!K:K,$Y6)),IF(ISBLANK(INDEX(Kanatlar!K:K,$Y6)),"",INDEX(Kanatlar!K:K,$Y6)),IF(ISBLANK(INDEX(Forvetler!K:K,$Y6)),"",INDEX(Forvetler!K:K,$Y6)))) | L6: =IF($X6="","",CHOOSE($X6,IF(ISBLANK(INDEX(Kaleciler!L:L,$Y6)),"",INDEX(Kaleciler!L:L,$Y6)),IF(ISBLANK(INDEX(Stoperler!L:L,$Y6)),"",INDEX(Stoperler!L:L,$Y6)),IF(ISBLANK(INDEX('Sağ Bekler'!L:L,$Y6)),"",INDEX('Sağ Bekler'!L:L,$Y6)),IF(ISBLANK(INDEX('Sol Bekler'!L:L,$Y6)),"",INDEX('Sol Bekler'!L:L,$Y6)),IF(ISBLANK(INDEX('Orta Saha'!L:L,$Y6)),"",INDEX('Orta Saha'!L:L,$Y6)),IF(ISBLANK(INDEX(Kanatlar!L:L,$Y6)),"",INDEX(Kanatlar!L:L,$Y6)),IF(ISBLANK(INDEX(Forvetler!L:L,$Y6)),"",INDEX(Forvetler!L:L,$Y6)))) | M6: =IF($X6="","",CHOOSE($X6,IF(ISBLANK(INDEX(Kaleciler!M:M,$Y6)),"",INDEX(Kaleciler!M:M,$Y6)),IF(ISBLANK(INDEX(Stoperler!M:M,$Y6)),"",INDEX(Stoperler!M:M,$Y6)),IF(ISBLANK(INDEX('Sağ Bekler'!M:M,$Y6)),"",INDEX('Sağ Bekler'!M:M,$Y6)),IF(ISBLANK(INDEX('Sol Bekler'!M:M,$Y6)),"",INDEX('Sol Bekler'!M:M,$Y6)),IF(ISBLANK(INDEX('Orta Saha'!M:M,$Y6)),"",INDEX('Orta Saha'!M:M,$Y6)),IF(ISBLANK(INDEX(Kanatlar!M:M,$Y6)),"",INDEX(Kanatlar!M:M,$Y6)),IF(ISBLANK(INDEX(Forvetler!M:M,$Y6)),"",INDEX(Forvetler!M:M,$Y6)))) | N6: =IF($X6="","",CHOOSE($X6,IF(ISBLANK(INDEX(Kaleciler!N:N,$Y6)),"",INDEX(Kaleciler!N:N,$Y6)),IF(ISBLANK(INDEX(Stoperler!N:N,$Y6)),"",INDEX(Stoperler!N:N,$Y6)),IF(ISBLANK(INDEX('Sağ Bekler'!N:N,$Y6)),"",INDEX('Sağ Bekler'!N:N,$Y6)),IF(ISBLANK(INDEX('Sol Bekler'!N:N,$Y6)),"",INDEX('Sol Bekler'!N:N,$Y6)),IF(ISBLANK(INDEX('Orta Saha'!N:N,$Y6)),"",INDEX('Orta Saha'!N:N,$Y6)),IF(ISBLANK(INDEX(Kanatlar!N:N,$Y6)),"",INDEX(Kanatlar!N:N,$Y6)),IF(ISBLANK(INDEX(Forvetler!N:N,$Y6)),"",INDEX(Forvetler!N:N,$Y6)))) | O6: =IF($X6="","",CHOOSE($X6,IF(ISBLANK(INDEX(Kaleciler!O:O,$Y6)),"",INDEX(Kaleciler!O:O,$Y6)),IF(ISBLANK(INDEX(Stoperler!O:O,$Y6)),"",INDEX(Stoperler!O:O,$Y6)),IF(ISBLANK(INDEX('Sağ Bekler'!O:O,$Y6)),"",INDEX('Sağ Bekler'!O:O,$Y6)),IF(ISBLANK(INDEX('Sol Bekler'!O:O,$Y6)),"",INDEX('Sol Bekler'!O:O,$Y6)),IF(ISBLANK(INDEX('Orta Saha'!O:O,$Y6)),"",INDEX('Orta Saha'!O:O,$Y6)),IF(ISBLANK(INDEX(Kanatlar!O:O,$Y6)),"",INDEX(Kanatlar!O:O,$Y6)),IF(ISBLANK(INDEX(Forvetler!O:O,$Y6)),"",INDEX(Forvetler!O:O,$Y6)))) | P6: =IF($X6="","",CHOOSE($X6,IF(ISBLANK(INDEX(Kaleciler!P:P,$Y6)),"",INDEX(Kaleciler!P:P,$Y6)),IF(ISBLANK(INDEX(Stoperler!P:P,$Y6)),"",INDEX(Stoperler!P:P,$Y6)),IF(ISBLANK(INDEX('Sağ Bekler'!P:P,$Y6)),"",INDEX('Sağ Bekler'!P:P,$Y6)),IF(ISBLANK(INDEX('Sol Bekler'!P:P,$Y6)),"",INDEX('Sol Bekler'!P:P,$Y6)),IF(ISBLANK(INDEX('Orta Saha'!P:P,$Y6)),"",INDEX('Orta Saha'!P:P,$Y6)),IF(ISBLANK(INDEX(Kanatlar!P:P,$Y6)),"",INDEX(Kanatlar!P:P,$Y6)),IF(ISBLANK(INDEX(Forvetler!P:P,$Y6)),"",INDEX(Forvetler!P:P,$Y6)))) | Q6: =IF($X6="","",CHOOSE($X6,IF(ISBLANK(INDEX(Kaleciler!Q:Q,$Y6)),"",INDEX(Kaleciler!Q:Q,$Y6)),IF(ISBLANK(INDEX(Stoperler!Q:Q,$Y6)),"",INDEX(Stoperler!Q:Q,$Y6)),IF(ISBLANK(INDEX('Sağ Bekler'!Q:Q,$Y6)),"",INDEX('Sağ Bekler'!Q:Q,$Y6)),IF(ISBLANK(INDEX('Sol Bekler'!Q:Q,$Y6)),"",INDEX('Sol Bekler'!Q:Q,$Y6)),IF(ISBLANK(INDEX('Orta Saha'!Q:Q,$Y6)),"",INDEX('Orta Saha'!Q:Q,$Y6)),IF(ISBLANK(INDEX(Kanatlar!Q:Q,$Y6)),"",INDEX(Kanatlar!Q:Q,$Y6)),IF(ISBLANK(INDEX(Forvetler!Q:Q,$Y6)),"",INDEX(Forvetler!Q:Q,$Y6)))) -> A Liste | R6: =IF($X6="","",CHOOSE($X6,IF(ISBLANK(INDEX(Kaleciler!R:R,$Y6)),"",INDEX(Kaleciler!R:R,$Y6)),IF(ISBLANK(INDEX(Stoperler!R:R,$Y6)),"",INDEX(Stoperler!R:R,$Y6)),IF(ISBLANK(INDEX('Sağ Bekler'!R:R,$Y6)),"",INDEX('Sağ Bekler'!R:R,$Y6)),IF(ISBLANK(INDEX('Sol Bekler'!R:R,$Y6)),"",INDEX('Sol Bekler'!R:R,$Y6)),IF(ISBLANK(INDEX('Orta Saha'!R:R,$Y6)),"",INDEX('Orta Saha'!R:R,$Y6)),IF(ISBLANK(INDEX(Kanatlar!R:R,$Y6)),"",INDEX(Kanatlar!R:R,$Y6)),IF(ISBLANK(INDEX(Forvetler!R:R,$Y6)),"",INDEX(Forvetler!R:R,$Y6)))) | S6: =IF($X6="","",CHOOSE($X6,IF(ISBLANK(INDEX(Kaleciler!S:S,$Y6)),"",INDEX(Kaleciler!S:S,$Y6)),IF(ISBLANK(INDEX(Stoperler!S:S,$Y6)),"",INDEX(Stoperler!S:S,$Y6)),IF(ISBLANK(INDEX('Sağ Bekler'!S:S,$Y6)),"",INDEX('Sağ Bekler'!S:S,$Y6)),IF(ISBLANK(INDEX('Sol Bekler'!S:S,$Y6)),"",INDEX('Sol Bekler'!S:S,$Y6)),IF(ISBLANK(INDEX('Orta Saha'!S:S,$Y6)),"",INDEX('Orta Saha'!S:S,$Y6)),IF(ISBLANK(INDEX(Kanatlar!S:S,$Y6)),"",INDEX(Kanatlar!S:S,$Y6)),IF(ISBLANK(INDEX(Forvetler!S:S,$Y6)),"",INDEX(Forvetler!S:S,$Y6)))) | T6: =IF($X6="","",CHOOSE($X6,IF(ISBLANK(INDEX(Kaleciler!T:T,$Y6)),"",INDEX(Kaleciler!T:T,$Y6)),IF(ISBLANK(INDEX(Stoperler!T:T,$Y6)),"",INDEX(Stoperler!T:T,$Y6)),IF(ISBLANK(INDEX('Sağ Bekler'!T:T,$Y6)),"",INDEX('Sağ Bekler'!T:T,$Y6)),IF(ISBLANK(INDEX('Sol Bekler'!T:T,$Y6)),"",INDEX('Sol Bekler'!T:T,$Y6)),IF(ISBLANK(INDEX('Orta Saha'!T:T,$Y6)),"",INDEX('Orta Saha'!T:T,$Y6)),IF(ISBLANK(INDEX(Kanatlar!T:T,$Y6)),"",INDEX(Kanatlar!T:T,$Y6)),IF(ISBLANK(INDEX(Forvetler!T:T,$Y6)),"",INDEX(Forvetler!T:T,$Y6)))) | U6: 1 | V6: 6 | W6: =IF(Kaleciler!$Q$6="A Liste",COUNT($W$3:W5)+1,"") | X6: =IFERROR(INDEX($U$4:$U$703,MATCH(ROWS($X$4:X6),$W$4:$W$703,0)),"") -> 5 | Y6: =IFERROR(INDEX($V$4:$V$703,MATCH(ROWS($Y$4:Y6),$W$4:$W$703,0)),"") -> 6
A7: =IF($X7="","",CHOOSE($X7,IF(ISBLANK(INDEX(Kaleciler!A:A,$Y7)),"",INDEX(Kaleciler!A:A,$Y7)),IF(ISBLANK(INDEX(Stoperler!A:A,$Y7)),"",INDEX(Stoperler!A:A,$Y7)),IF(ISBLANK(INDEX('Sağ Bekler'!A:A,$Y7)),"",INDEX('Sağ Bekler'!A:A,$Y7)),IF(ISBLANK(INDEX('Sol Bekler'!A:A,$Y7)),"",INDEX('Sol Bekler'!A:A,$Y7)),IF(ISBLANK(INDEX('Orta Saha'!A:A,$Y7)),"",INDEX('Orta Saha'!A:A,$Y7)),IF(ISBLANK(INDEX(Kanatlar!A:A,$Y7)),"",INDEX(Kanatlar!A:A,$Y7)),IF(ISBLANK(INDEX(Forvetler!A:A,$Y7)),"",INDEX(Forvetler!A:A,$Y7)))) -> 8 | B7: =IF($X7="","",CHOOSE($X7,IF(ISBLANK(INDEX(Kaleciler!B:B,$Y7)),"",INDEX(Kaleciler!B:B,$Y7)),IF(ISBLANK(INDEX(Stoperler!B:B,$Y7)),"",INDEX(Stoperler!B:B,$Y7)),IF(ISBLANK(INDEX('Sağ Bekler'!B:B,$Y7)),"",INDEX('Sağ Bekler'!B:B,$Y7)),IF(ISBLANK(INDEX('Sol Bekler'!B:B,$Y7)),"",INDEX('Sol Bekler'!B:B,$Y7)),IF(ISBLANK(INDEX('Orta Saha'!B:B,$Y7)),"",INDEX('Orta Saha'!B:B,$Y7)),IF(ISBLANK(INDEX(Kanatlar!B:B,$Y7)),"",INDEX(Kanatlar!B:B,$Y7)),IF(ISBLANK(INDEX(Forvetler!B:B,$Y7)),"",INDEX(Forvetler!B:B,$Y7)))) -> EFEHAN PEKDEMİR | C7: =IF($X7="","",CHOOSE($X7,IF(ISBLANK(INDEX(Kaleciler!C:C,$Y7)),"",INDEX(Kaleciler!C:C,$Y7)),IF(ISBLANK(INDEX(Stoperler!C:C,$Y7)),"",INDEX(Stoperler!C:C,$Y7)),IF(ISBLANK(INDEX('Sağ Bekler'!C:C,$Y7)),"",INDEX('Sağ Bekler'!C:C,$Y7)),IF(ISBLANK(INDEX('Sol Bekler'!C:C,$Y7)),"",INDEX('Sol Bekler'!C:C,$Y7)),IF(ISBLANK(INDEX('Orta Saha'!C:C,$Y7)),"",INDEX('Orta Saha'!C:C,$Y7)),IF(ISBLANK(INDEX(Kanatlar!C:C,$Y7)),"",INDEX(Kanatlar!C:C,$Y7)),IF(ISBLANK(INDEX(Forvetler!C:C,$Y7)),"",INDEX(Forvetler!C:C,$Y7)))) -> 39265 | D7: =IF($X7="","",CHOOSE($X7,IF(ISBLANK(INDEX(Kaleciler!D:D,$Y7)),"",INDEX(Kaleciler!D:D,$Y7)),IF(ISBLANK(INDEX(Stoperler!D:D,$Y7)),"",INDEX(Stoperler!D:D,$Y7)),IF(ISBLANK(INDEX('Sağ Bekler'!D:D,$Y7)),"",INDEX('Sağ Bekler'!D:D,$Y7)),IF(ISBLANK(INDEX('Sol Bekler'!D:D,$Y7)),"",INDEX('Sol Bekler'!D:D,$Y7)),IF(ISBLANK(INDEX('Orta Saha'!D:D,$Y7)),"",INDEX('Orta Saha'!D:D,$Y7)),IF(ISBLANK(INDEX(Kanatlar!D:D,$Y7)),"",INDEX(Kanatlar!D:D,$Y7)),IF(ISBLANK(INDEX(Forvetler!D:D,$Y7)),"",INDEX(Forvetler!D:D,$Y7)))) -> 19 | E7: =IF($X7="","",CHOOSE($X7,IF(ISBLANK(INDEX(Kaleciler!E:E,$Y7)),"",INDEX(Kaleciler!E:E,$Y7)),IF(ISBLANK(INDEX(Stoperler!E:E,$Y7)),"",INDEX(Stoperler!E:E,$Y7)),IF(ISBLANK(INDEX('Sağ Bekler'!E:E,$Y7)),"",INDEX('Sağ Bekler'!E:E,$Y7)),IF(ISBLANK(INDEX('Sol Bekler'!E:E,$Y7)),"",INDEX('Sol Bekler'!E:E,$Y7)),IF(ISBLANK(INDEX('Orta Saha'!E:E,$Y7)),"",INDEX('Orta Saha'!E:E,$Y7)),IF(ISBLANK(INDEX(Kanatlar!E:E,$Y7)),"",INDEX(Kanatlar!E:E,$Y7)),IF(ISBLANK(INDEX(Forvetler!E:E,$Y7)),"",INDEX(Forvetler!E:E,$Y7)))) -> Orta Saha | F7: =IF($X7="","",CHOOSE($X7,IF(ISBLANK(INDEX(Kaleciler!F:F,$Y7)),"",INDEX(Kaleciler!F:F,$Y7)),IF(ISBLANK(INDEX(Stoperler!F:F,$Y7)),"",INDEX(Stoperler!F:F,$Y7)),IF(ISBLANK(INDEX('Sağ Bekler'!F:F,$Y7)),"",INDEX('Sağ Bekler'!F:F,$Y7)),IF(ISBLANK(INDEX('Sol Bekler'!F:F,$Y7)),"",INDEX('Sol Bekler'!F:F,$Y7)),IF(ISBLANK(INDEX('Orta Saha'!F:F,$Y7)),"",INDEX('Orta Saha'!F:F,$Y7)),IF(ISBLANK(INDEX(Kanatlar!F:F,$Y7)),"",INDEX(Kanatlar!F:F,$Y7)),IF(ISBLANK(INDEX(Forvetler!F:F,$Y7)),"",INDEX(Forvetler!F:F,$Y7)))) -> Sağ | G7: =IF($X7="","",CHOOSE($X7,IF(ISBLANK(INDEX(Kaleciler!G:G,$Y7)),"",INDEX(Kaleciler!G:G,$Y7)),IF(ISBLANK(INDEX(Stoperler!G:G,$Y7)),"",INDEX(Stoperler!G:G,$Y7)),IF(ISBLANK(INDEX('Sağ Bekler'!G:G,$Y7)),"",INDEX('Sağ Bekler'!G:G,$Y7)),IF(ISBLANK(INDEX('Sol Bekler'!G:G,$Y7)),"",INDEX('Sol Bekler'!G:G,$Y7)),IF(ISBLANK(INDEX('Orta Saha'!G:G,$Y7)),"",INDEX('Orta Saha'!G:G,$Y7)),IF(ISBLANK(INDEX(Kanatlar!G:G,$Y7)),"",INDEX(Kanatlar!G:G,$Y7)),IF(ISBLANK(INDEX(Forvetler!G:G,$Y7)),"",INDEX(Forvetler!G:G,$Y7)))) -> PENDİKSPOR | H7: =IF($X7="","",CHOOSE($X7,IF(ISBLANK(INDEX(Kaleciler!H:H,$Y7)),"",INDEX(Kaleciler!H:H,$Y7)),IF(ISBLANK(INDEX(Stoperler!H:H,$Y7)),"",INDEX(Stoperler!H:H,$Y7)),IF(ISBLANK(INDEX('Sağ Bekler'!H:H,$Y7)),"",INDEX('Sağ Bekler'!H:H,$Y7)),IF(ISBLANK(INDEX('Sol Bekler'!H:H,$Y7)),"",INDEX('Sol Bekler'!H:H,$Y7)),IF(ISBLANK(INDEX('Orta Saha'!H:H,$Y7)),"",INDEX('Orta Saha'!H:H,$Y7)),IF(ISBLANK(INDEX(Kanatlar!H:H,$Y7)),"",INDEX(Kanatlar!H:H,$Y7)),IF(ISBLANK(INDEX(Forvetler!H:H,$Y7)),"",INDEX(Forvetler!H:H,$Y7)))) -> 1.Lig | I7: =IF($X7="","",CHOOSE($X7,IF(ISBLANK(INDEX(Kaleciler!I:I,$Y7)),"",INDEX(Kaleciler!I:I,$Y7)),IF(ISBLANK(INDEX(Stoperler!I:I,$Y7)),"",INDEX(Stoperler!I:I,$Y7)),IF(ISBLANK(INDEX('Sağ Bekler'!I:I,$Y7)),"",INDEX('Sağ Bekler'!I:I,$Y7)),IF(ISBLANK(INDEX('Sol Bekler'!I:I,$Y7)),"",INDEX('Sol Bekler'!I:I,$Y7)),IF(ISBLANK(INDEX('Orta Saha'!I:I,$Y7)),"",INDEX('Orta Saha'!I:I,$Y7)),IF(ISBLANK(INDEX(Kanatlar!I:I,$Y7)),"",INDEX(Kanatlar!I:I,$Y7)),IF(ISBLANK(INDEX(Forvetler!I:I,$Y7)),"",INDEX(Forvetler!I:I,$Y7)))) -> 46934 | J7: =IF($X7="","",CHOOSE($X7,IF(ISBLANK(INDEX(Kaleciler!J:J,$Y7)),"",INDEX(Kaleciler!J:J,$Y7)),IF(ISBLANK(INDEX(Stoperler!J:J,$Y7)),"",INDEX(Stoperler!J:J,$Y7)),IF(ISBLANK(INDEX('Sağ Bekler'!J:J,$Y7)),"",INDEX('Sağ Bekler'!J:J,$Y7)),IF(ISBLANK(INDEX('Sol Bekler'!J:J,$Y7)),"",INDEX('Sol Bekler'!J:J,$Y7)),IF(ISBLANK(INDEX('Orta Saha'!J:J,$Y7)),"",INDEX('Orta Saha'!J:J,$Y7)),IF(ISBLANK(INDEX(Kanatlar!J:J,$Y7)),"",INDEX(Kanatlar!J:J,$Y7)),IF(ISBLANK(INDEX(Forvetler!J:J,$Y7)),"",INDEX(Forvetler!J:J,$Y7)))) | K7: =IF($X7="","",CHOOSE($X7,IF(ISBLANK(INDEX(Kaleciler!K:K,$Y7)),"",INDEX(Kaleciler!K:K,$Y7)),IF(ISBLANK(INDEX(Stoperler!K:K,$Y7)),"",INDEX(Stoperler!K:K,$Y7)),IF(ISBLANK(INDEX('Sağ Bekler'!K:K,$Y7)),"",INDEX('Sağ Bekler'!K:K,$Y7)),IF(ISBLANK(INDEX('Sol Bekler'!K:K,$Y7)),"",INDEX('Sol Bekler'!K:K,$Y7)),IF(ISBLANK(INDEX('Orta Saha'!K:K,$Y7)),"",INDEX('Orta Saha'!K:K,$Y7)),IF(ISBLANK(INDEX(Kanatlar!K:K,$Y7)),"",INDEX(Kanatlar!K:K,$Y7)),IF(ISBLANK(INDEX(Forvetler!K:K,$Y7)),"",INDEX(Forvetler!K:K,$Y7)))) | L7: =IF($X7="","",CHOOSE($X7,IF(ISBLANK(INDEX(Kaleciler!L:L,$Y7)),"",INDEX(Kaleciler!L:L,$Y7)),IF(ISBLANK(INDEX(Stoperler!L:L,$Y7)),"",INDEX(Stoperler!L:L,$Y7)),IF(ISBLANK(INDEX('Sağ Bekler'!L:L,$Y7)),"",INDEX('Sağ Bekler'!L:L,$Y7)),IF(ISBLANK(INDEX('Sol Bekler'!L:L,$Y7)),"",INDEX('Sol Bekler'!L:L,$Y7)),IF(ISBLANK(INDEX('Orta Saha'!L:L,$Y7)),"",INDEX('Orta Saha'!L:L,$Y7)),IF(ISBLANK(INDEX(Kanatlar!L:L,$Y7)),"",INDEX(Kanatlar!L:L,$Y7)),IF(ISBLANK(INDEX(Forvetler!L:L,$Y7)),"",INDEX(Forvetler!L:L,$Y7)))) | M7: =IF($X7="","",CHOOSE($X7,IF(ISBLANK(INDEX(Kaleciler!M:M,$Y7)),"",INDEX(Kaleciler!M:M,$Y7)),IF(ISBLANK(INDEX(Stoperler!M:M,$Y7)),"",INDEX(Stoperler!M:M,$Y7)),IF(ISBLANK(INDEX('Sağ Bekler'!M:M,$Y7)),"",INDEX('Sağ Bekler'!M:M,$Y7)),IF(ISBLANK(INDEX('Sol Bekler'!M:M,$Y7)),"",INDEX('Sol Bekler'!M:M,$Y7)),IF(ISBLANK(INDEX('Orta Saha'!M:M,$Y7)),"",INDEX('Orta Saha'!M:M,$Y7)),IF(ISBLANK(INDEX(Kanatlar!M:M,$Y7)),"",INDEX(Kanatlar!M:M,$Y7)),IF(ISBLANK(INDEX(Forvetler!M:M,$Y7)),"",INDEX(Forvetler!M:M,$Y7)))) | N7: =IF($X7="","",CHOOSE($X7,IF(ISBLANK(INDEX(Kaleciler!N:N,$Y7)),"",INDEX(Kaleciler!N:N,$Y7)),IF(ISBLANK(INDEX(Stoperler!N:N,$Y7)),"",INDEX(Stoperler!N:N,$Y7)),IF(ISBLANK(INDEX('Sağ Bekler'!N:N,$Y7)),"",INDEX('Sağ Bekler'!N:N,$Y7)),IF(ISBLANK(INDEX('Sol Bekler'!N:N,$Y7)),"",INDEX('Sol Bekler'!N:N,$Y7)),IF(ISBLANK(INDEX('Orta Saha'!N:N,$Y7)),"",INDEX('Orta Saha'!N:N,$Y7)),IF(ISBLANK(INDEX(Kanatlar!N:N,$Y7)),"",INDEX(Kanatlar!N:N,$Y7)),IF(ISBLANK(INDEX(Forvetler!N:N,$Y7)),"",INDEX(Forvetler!N:N,$Y7)))) | O7: =IF($X7="","",CHOOSE($X7,IF(ISBLANK(INDEX(Kaleciler!O:O,$Y7)),"",INDEX(Kaleciler!O:O,$Y7)),IF(ISBLANK(INDEX(Stoperler!O:O,$Y7)),"",INDEX(Stoperler!O:O,$Y7)),IF(ISBLANK(INDEX('Sağ Bekler'!O:O,$Y7)),"",INDEX('Sağ Bekler'!O:O,$Y7)),IF(ISBLANK(INDEX('Sol Bekler'!O:O,$Y7)),"",INDEX('Sol Bekler'!O:O,$Y7)),IF(ISBLANK(INDEX('Orta Saha'!O:O,$Y7)),"",INDEX('Orta Saha'!O:O,$Y7)),IF(ISBLANK(INDEX(Kanatlar!O:O,$Y7)),"",INDEX(Kanatlar!O:O,$Y7)),IF(ISBLANK(INDEX(Forvetler!O:O,$Y7)),"",INDEX(Forvetler!O:O,$Y7)))) | P7: =IF($X7="","",CHOOSE($X7,IF(ISBLANK(INDEX(Kaleciler!P:P,$Y7)),"",INDEX(Kaleciler!P:P,$Y7)),IF(ISBLANK(INDEX(Stoperler!P:P,$Y7)),"",INDEX(Stoperler!P:P,$Y7)),IF(ISBLANK(INDEX('Sağ Bekler'!P:P,$Y7)),"",INDEX('Sağ Bekler'!P:P,$Y7)),IF(ISBLANK(INDEX('Sol Bekler'!P:P,$Y7)),"",INDEX('Sol Bekler'!P:P,$Y7)),IF(ISBLANK(INDEX('Orta Saha'!P:P,$Y7)),"",INDEX('Orta Saha'!P:P,$Y7)),IF(ISBLANK(INDEX(Kanatlar!P:P,$Y7)),"",INDEX(Kanatlar!P:P,$Y7)),IF(ISBLANK(INDEX(Forvetler!P:P,$Y7)),"",INDEX(Forvetler!P:P,$Y7)))) | Q7: =IF($X7="","",CHOOSE($X7,IF(ISBLANK(INDEX(Kaleciler!Q:Q,$Y7)),"",INDEX(Kaleciler!Q:Q,$Y7)),IF(ISBLANK(INDEX(Stoperler!Q:Q,$Y7)),"",INDEX(Stoperler!Q:Q,$Y7)),IF(ISBLANK(INDEX('Sağ Bekler'!Q:Q,$Y7)),"",INDEX('Sağ Bekler'!Q:Q,$Y7)),IF(ISBLANK(INDEX('Sol Bekler'!Q:Q,$Y7)),"",INDEX('Sol Bekler'!Q:Q,$Y7)),IF(ISBLANK(INDEX('Orta Saha'!Q:Q,$Y7)),"",INDEX('Orta Saha'!Q:Q,$Y7)),IF(ISBLANK(INDEX(Kanatlar!Q:Q,$Y7)),"",INDEX(Kanatlar!Q:Q,$Y7)),IF(ISBLANK(INDEX(Forvetler!Q:Q,$Y7)),"",INDEX(Forvetler!Q:Q,$Y7)))) -> A Liste | R7: =IF($X7="","",CHOOSE($X7,IF(ISBLANK(INDEX(Kaleciler!R:R,$Y7)),"",INDEX(Kaleciler!R:R,$Y7)),IF(ISBLANK(INDEX(Stoperler!R:R,$Y7)),"",INDEX(Stoperler!R:R,$Y7)),IF(ISBLANK(INDEX('Sağ Bekler'!R:R,$Y7)),"",INDEX('Sağ Bekler'!R:R,$Y7)),IF(ISBLANK(INDEX('Sol Bekler'!R:R,$Y7)),"",INDEX('Sol Bekler'!R:R,$Y7)),IF(ISBLANK(INDEX('Orta Saha'!R:R,$Y7)),"",INDEX('Orta Saha'!R:R,$Y7)),IF(ISBLANK(INDEX(Kanatlar!R:R,$Y7)),"",INDEX(Kanatlar!R:R,$Y7)),IF(ISBLANK(INDEX(Forvetler!R:R,$Y7)),"",INDEX(Forvetler!R:R,$Y7)))) | S7: =IF($X7="","",CHOOSE($X7,IF(ISBLANK(INDEX(Kaleciler!S:S,$Y7)),"",INDEX(Kaleciler!S:S,$Y7)),IF(ISBLANK(INDEX(Stoperler!S:S,$Y7)),"",INDEX(Stoperler!S:S,$Y7)),IF(ISBLANK(INDEX('Sağ Bekler'!S:S,$Y7)),"",INDEX('Sağ Bekler'!S:S,$Y7)),IF(ISBLANK(INDEX('Sol Bekler'!S:S,$Y7)),"",INDEX('Sol Bekler'!S:S,$Y7)),IF(ISBLANK(INDEX('Orta Saha'!S:S,$Y7)),"",INDEX('Orta Saha'!S:S,$Y7)),IF(ISBLANK(INDEX(Kanatlar!S:S,$Y7)),"",INDEX(Kanatlar!S:S,$Y7)),IF(ISBLANK(INDEX(Forvetler!S:S,$Y7)),"",INDEX(Forvetler!S:S,$Y7)))) | T7: =IF($X7="","",CHOOSE($X7,IF(ISBLANK(INDEX(Kaleciler!T:T,$Y7)),"",INDEX(Kaleciler!T:T,$Y7)),IF(ISBLANK(INDEX(Stoperler!T:T,$Y7)),"",INDEX(Stoperler!T:T,$Y7)),IF(ISBLANK(INDEX('Sağ Bekler'!T:T,$Y7)),"",INDEX('Sağ Bekler'!T:T,$Y7)),IF(ISBLANK(INDEX('Sol Bekler'!T:T,$Y7)),"",INDEX('Sol Bekler'!T:T,$Y7)),IF(ISBLANK(INDEX('Orta Saha'!T:T,$Y7)),"",INDEX('Orta Saha'!T:T,$Y7)),IF(ISBLANK(INDEX(Kanatlar!T:T,$Y7)),"",INDEX(Kanatlar!T:T,$Y7)),IF(ISBLANK(INDEX(Forvetler!T:T,$Y7)),"",INDEX(Forvetler!T:T,$Y7)))) | U7: 1 | V7: 7 | W7: =IF(Kaleciler!$Q$7="A Liste",COUNT($W$3:W6)+1,"") | X7: =IFERROR(INDEX($U$4:$U$703,MATCH(ROWS($X$4:X7),$W$4:$W$703,0)),"") -> 5 | Y7: =IFERROR(INDEX($V$4:$V$703,MATCH(ROWS($Y$4:Y7),$W$4:$W$703,0)),"") -> 11
A8: =IF($X8="","",CHOOSE($X8,IF(ISBLANK(INDEX(Kaleciler!A:A,$Y8)),"",INDEX(Kaleciler!A:A,$Y8)),IF(ISBLANK(INDEX(Stoperler!A:A,$Y8)),"",INDEX(Stoperler!A:A,$Y8)),IF(ISBLANK(INDEX('Sağ Bekler'!A:A,$Y8)),"",INDEX('Sağ Bekler'!A:A,$Y8)),IF(ISBLANK(INDEX('Sol Bekler'!A:A,$Y8)),"",INDEX('Sol Bekler'!A:A,$Y8)),IF(ISBLANK(INDEX('Orta Saha'!A:A,$Y8)),"",INDEX('Orta Saha'!A:A,$Y8)),IF(ISBLANK(INDEX(Kanatlar!A:A,$Y8)),"",INDEX(Kanatlar!A:A,$Y8)),IF(ISBLANK(INDEX(Forvetler!A:A,$Y8)),"",INDEX(Forvetler!A:A,$Y8)))) -> 9 | B8: =IF($X8="","",CHOOSE($X8,IF(ISBLANK(INDEX(Kaleciler!B:B,$Y8)),"",INDEX(Kaleciler!B:B,$Y8)),IF(ISBLANK(INDEX(Stoperler!B:B,$Y8)),"",INDEX(Stoperler!B:B,$Y8)),IF(ISBLANK(INDEX('Sağ Bekler'!B:B,$Y8)),"",INDEX('Sağ Bekler'!B:B,$Y8)),IF(ISBLANK(INDEX('Sol Bekler'!B:B,$Y8)),"",INDEX('Sol Bekler'!B:B,$Y8)),IF(ISBLANK(INDEX('Orta Saha'!B:B,$Y8)),"",INDEX('Orta Saha'!B:B,$Y8)),IF(ISBLANK(INDEX(Kanatlar!B:B,$Y8)),"",INDEX(Kanatlar!B:B,$Y8)),IF(ISBLANK(INDEX(Forvetler!B:B,$Y8)),"",INDEX(Forvetler!B:B,$Y8)))) -> YAYA ONOGO | C8: =IF($X8="","",CHOOSE($X8,IF(ISBLANK(INDEX(Kaleciler!C:C,$Y8)),"",INDEX(Kaleciler!C:C,$Y8)),IF(ISBLANK(INDEX(Stoperler!C:C,$Y8)),"",INDEX(Stoperler!C:C,$Y8)),IF(ISBLANK(INDEX('Sağ Bekler'!C:C,$Y8)),"",INDEX('Sağ Bekler'!C:C,$Y8)),IF(ISBLANK(INDEX('Sol Bekler'!C:C,$Y8)),"",INDEX('Sol Bekler'!C:C,$Y8)),IF(ISBLANK(INDEX('Orta Saha'!C:C,$Y8)),"",INDEX('Orta Saha'!C:C,$Y8)),IF(ISBLANK(INDEX(Kanatlar!C:C,$Y8)),"",INDEX(Kanatlar!C:C,$Y8)),IF(ISBLANK(INDEX(Forvetler!C:C,$Y8)),"",INDEX(Forvetler!C:C,$Y8)))) -> 39435 | D8: =IF($X8="","",CHOOSE($X8,IF(ISBLANK(INDEX(Kaleciler!D:D,$Y8)),"",INDEX(Kaleciler!D:D,$Y8)),IF(ISBLANK(INDEX(Stoperler!D:D,$Y8)),"",INDEX(Stoperler!D:D,$Y8)),IF(ISBLANK(INDEX('Sağ Bekler'!D:D,$Y8)),"",INDEX('Sağ Bekler'!D:D,$Y8)),IF(ISBLANK(INDEX('Sol Bekler'!D:D,$Y8)),"",INDEX('Sol Bekler'!D:D,$Y8)),IF(ISBLANK(INDEX('Orta Saha'!D:D,$Y8)),"",INDEX('Orta Saha'!D:D,$Y8)),IF(ISBLANK(INDEX(Kanatlar!D:D,$Y8)),"",INDEX(Kanatlar!D:D,$Y8)),IF(ISBLANK(INDEX(Forvetler!D:D,$Y8)),"",INDEX(Forvetler!D:D,$Y8)))) -> 18 | E8: =IF($X8="","",CHOOSE($X8,IF(ISBLANK(INDEX(Kaleciler!E:E,$Y8)),"",INDEX(Kaleciler!E:E,$Y8)),IF(ISBLANK(INDEX(Stoperler!E:E,$Y8)),"",INDEX(Stoperler!E:E,$Y8)),IF(ISBLANK(INDEX('Sağ Bekler'!E:E,$Y8)),"",INDEX('Sağ Bekler'!E:E,$Y8)),IF(ISBLANK(INDEX('Sol Bekler'!E:E,$Y8)),"",INDEX('Sol Bekler'!E:E,$Y8)),IF(ISBLANK(INDEX('Orta Saha'!E:E,$Y8)),"",INDEX('Orta Saha'!E:E,$Y8)),IF(ISBLANK(INDEX(Kanatlar!E:E,$Y8)),"",INDEX(Kanatlar!E:E,$Y8)),IF(ISBLANK(INDEX(Forvetler!E:E,$Y8)),"",INDEX(Forvetler!E:E,$Y8)))) -> Orta Saha | F8: =IF($X8="","",CHOOSE($X8,IF(ISBLANK(INDEX(Kaleciler!F:F,$Y8)),"",INDEX(Kaleciler!F:F,$Y8)),IF(ISBLANK(INDEX(Stoperler!F:F,$Y8)),"",INDEX(Stoperler!F:F,$Y8)),IF(ISBLANK(INDEX('Sağ Bekler'!F:F,$Y8)),"",INDEX('Sağ Bekler'!F:F,$Y8)),IF(ISBLANK(INDEX('Sol Bekler'!F:F,$Y8)),"",INDEX('Sol Bekler'!F:F,$Y8)),IF(ISBLANK(INDEX('Orta Saha'!F:F,$Y8)),"",INDEX('Orta Saha'!F:F,$Y8)),IF(ISBLANK(INDEX(Kanatlar!F:F,$Y8)),"",INDEX(Kanatlar!F:F,$Y8)),IF(ISBLANK(INDEX(Forvetler!F:F,$Y8)),"",INDEX(Forvetler!F:F,$Y8)))) -> Sağ | G8: =IF($X8="","",CHOOSE($X8,IF(ISBLANK(INDEX(Kaleciler!G:G,$Y8)),"",INDEX(Kaleciler!G:G,$Y8)),IF(ISBLANK(INDEX(Stoperler!G:G,$Y8)),"",INDEX(Stoperler!G:G,$Y8)),IF(ISBLANK(INDEX('Sağ Bekler'!G:G,$Y8)),"",INDEX('Sağ Bekler'!G:G,$Y8)),IF(ISBLANK(INDEX('Sol Bekler'!G:G,$Y8)),"",INDEX('Sol Bekler'!G:G,$Y8)),IF(ISBLANK(INDEX('Orta Saha'!G:G,$Y8)),"",INDEX('Orta Saha'!G:G,$Y8)),IF(ISBLANK(INDEX(Kanatlar!G:G,$Y8)),"",INDEX(Kanatlar!G:G,$Y8)),IF(ISBLANK(INDEX(Forvetler!G:G,$Y8)),"",INDEX(Forvetler!G:G,$Y8)))) -> KARAGÜMRÜK | H8: =IF($X8="","",CHOOSE($X8,IF(ISBLANK(INDEX(Kaleciler!H:H,$Y8)),"",INDEX(Kaleciler!H:H,$Y8)),IF(ISBLANK(INDEX(Stoperler!H:H,$Y8)),"",INDEX(Stoperler!H:H,$Y8)),IF(ISBLANK(INDEX('Sağ Bekler'!H:H,$Y8)),"",INDEX('Sağ Bekler'!H:H,$Y8)),IF(ISBLANK(INDEX('Sol Bekler'!H:H,$Y8)),"",INDEX('Sol Bekler'!H:H,$Y8)),IF(ISBLANK(INDEX('Orta Saha'!H:H,$Y8)),"",INDEX('Orta Saha'!H:H,$Y8)),IF(ISBLANK(INDEX(Kanatlar!H:H,$Y8)),"",INDEX(Kanatlar!H:H,$Y8)),IF(ISBLANK(INDEX(Forvetler!H:H,$Y8)),"",INDEX(Forvetler!H:H,$Y8)))) -> 1.Lig | I8: =IF($X8="","",CHOOSE($X8,IF(ISBLANK(INDEX(Kaleciler!I:I,$Y8)),"",INDEX(Kaleciler!I:I,$Y8)),IF(ISBLANK(INDEX(Stoperler!I:I,$Y8)),"",INDEX(Stoperler!I:I,$Y8)),IF(ISBLANK(INDEX('Sağ Bekler'!I:I,$Y8)),"",INDEX('Sağ Bekler'!I:I,$Y8)),IF(ISBLANK(INDEX('Sol Bekler'!I:I,$Y8)),"",INDEX('Sol Bekler'!I:I,$Y8)),IF(ISBLANK(INDEX('Orta Saha'!I:I,$Y8)),"",INDEX('Orta Saha'!I:I,$Y8)),IF(ISBLANK(INDEX(Kanatlar!I:I,$Y8)),"",INDEX(Kanatlar!I:I,$Y8)),IF(ISBLANK(INDEX(Forvetler!I:I,$Y8)),"",INDEX(Forvetler!I:I,$Y8)))) -> 46934 | J8: =IF($X8="","",CHOOSE($X8,IF(ISBLANK(INDEX(Kaleciler!J:J,$Y8)),"",INDEX(Kaleciler!J:J,$Y8)),IF(ISBLANK(INDEX(Stoperler!J:J,$Y8)),"",INDEX(Stoperler!J:J,$Y8)),IF(ISBLANK(INDEX('Sağ Bekler'!J:J,$Y8)),"",INDEX('Sağ Bekler'!J:J,$Y8)),IF(ISBLANK(INDEX('Sol Bekler'!J:J,$Y8)),"",INDEX('Sol Bekler'!J:J,$Y8)),IF(ISBLANK(INDEX('Orta Saha'!J:J,$Y8)),"",INDEX('Orta Saha'!J:J,$Y8)),IF(ISBLANK(INDEX(Kanatlar!J:J,$Y8)),"",INDEX(Kanatlar!J:J,$Y8)),IF(ISBLANK(INDEX(Forvetler!J:J,$Y8)),"",INDEX(Forvetler!J:J,$Y8)))) | K8: =IF($X8="","",CHOOSE($X8,IF(ISBLANK(INDEX(Kaleciler!K:K,$Y8)),"",INDEX(Kaleciler!K:K,$Y8)),IF(ISBLANK(INDEX(Stoperler!K:K,$Y8)),"",INDEX(Stoperler!K:K,$Y8)),IF(ISBLANK(INDEX('Sağ Bekler'!K:K,$Y8)),"",INDEX('Sağ Bekler'!K:K,$Y8)),IF(ISBLANK(INDEX('Sol Bekler'!K:K,$Y8)),"",INDEX('Sol Bekler'!K:K,$Y8)),IF(ISBLANK(INDEX('Orta Saha'!K:K,$Y8)),"",INDEX('Orta Saha'!K:K,$Y8)),IF(ISBLANK(INDEX(Kanatlar!K:K,$Y8)),"",INDEX(Kanatlar!K:K,$Y8)),IF(ISBLANK(INDEX(Forvetler!K:K,$Y8)),"",INDEX(Forvetler!K:K,$Y8)))) | L8: =IF($X8="","",CHOOSE($X8,IF(ISBLANK(INDEX(Kaleciler!L:L,$Y8)),"",INDEX(Kaleciler!L:L,$Y8)),IF(ISBLANK(INDEX(Stoperler!L:L,$Y8)),"",INDEX(Stoperler!L:L,$Y8)),IF(ISBLANK(INDEX('Sağ Bekler'!L:L,$Y8)),"",INDEX('Sağ Bekler'!L:L,$Y8)),IF(ISBLANK(INDEX('Sol Bekler'!L:L,$Y8)),"",INDEX('Sol Bekler'!L:L,$Y8)),IF(ISBLANK(INDEX('Orta Saha'!L:L,$Y8)),"",INDEX('Orta Saha'!L:L,$Y8)),IF(ISBLANK(INDEX(Kanatlar!L:L,$Y8)),"",INDEX(Kanatlar!L:L,$Y8)),IF(ISBLANK(INDEX(Forvetler!L:L,$Y8)),"",INDEX(Forvetler!L:L,$Y8)))) | M8: =IF($X8="","",CHOOSE($X8,IF(ISBLANK(INDEX(Kaleciler!M:M,$Y8)),"",INDEX(Kaleciler!M:M,$Y8)),IF(ISBLANK(INDEX(Stoperler!M:M,$Y8)),"",INDEX(Stoperler!M:M,$Y8)),IF(ISBLANK(INDEX('Sağ Bekler'!M:M,$Y8)),"",INDEX('Sağ Bekler'!M:M,$Y8)),IF(ISBLANK(INDEX('Sol Bekler'!M:M,$Y8)),"",INDEX('Sol Bekler'!M:M,$Y8)),IF(ISBLANK(INDEX('Orta Saha'!M:M,$Y8)),"",INDEX('Orta Saha'!M:M,$Y8)),IF(ISBLANK(INDEX(Kanatlar!M:M,$Y8)),"",INDEX(Kanatlar!M:M,$Y8)),IF(ISBLANK(INDEX(Forvetler!M:M,$Y8)),"",INDEX(Forvetler!M:M,$Y8)))) | N8: =IF($X8="","",CHOOSE($X8,IF(ISBLANK(INDEX(Kaleciler!N:N,$Y8)),"",INDEX(Kaleciler!N:N,$Y8)),IF(ISBLANK(INDEX(Stoperler!N:N,$Y8)),"",INDEX(Stoperler!N:N,$Y8)),IF(ISBLANK(INDEX('Sağ Bekler'!N:N,$Y8)),"",INDEX('Sağ Bekler'!N:N,$Y8)),IF(ISBLANK(INDEX('Sol Bekler'!N:N,$Y8)),"",INDEX('Sol Bekler'!N:N,$Y8)),IF(ISBLANK(INDEX('Orta Saha'!N:N,$Y8)),"",INDEX('Orta Saha'!N:N,$Y8)),IF(ISBLANK(INDEX(Kanatlar!N:N,$Y8)),"",INDEX(Kanatlar!N:N,$Y8)),IF(ISBLANK(INDEX(Forvetler!N:N,$Y8)),"",INDEX(Forvetler!N:N,$Y8)))) | O8: =IF($X8="","",CHOOSE($X8,IF(ISBLANK(INDEX(Kaleciler!O:O,$Y8)),"",INDEX(Kaleciler!O:O,$Y8)),IF(ISBLANK(INDEX(Stoperler!O:O,$Y8)),"",INDEX(Stoperler!O:O,$Y8)),IF(ISBLANK(INDEX('Sağ Bekler'!O:O,$Y8)),"",INDEX('Sağ Bekler'!O:O,$Y8)),IF(ISBLANK(INDEX('Sol Bekler'!O:O,$Y8)),"",INDEX('Sol Bekler'!O:O,$Y8)),IF(ISBLANK(INDEX('Orta Saha'!O:O,$Y8)),"",INDEX('Orta Saha'!O:O,$Y8)),IF(ISBLANK(INDEX(Kanatlar!O:O,$Y8)),"",INDEX(Kanatlar!O:O,$Y8)),IF(ISBLANK(INDEX(Forvetler!O:O,$Y8)),"",INDEX(Forvetler!O:O,$Y8)))) | P8: =IF($X8="","",CHOOSE($X8,IF(ISBLANK(INDEX(Kaleciler!P:P,$Y8)),"",INDEX(Kaleciler!P:P,$Y8)),IF(ISBLANK(INDEX(Stoperler!P:P,$Y8)),"",INDEX(Stoperler!P:P,$Y8)),IF(ISBLANK(INDEX('Sağ Bekler'!P:P,$Y8)),"",INDEX('Sağ Bekler'!P:P,$Y8)),IF(ISBLANK(INDEX('Sol Bekler'!P:P,$Y8)),"",INDEX('Sol Bekler'!P:P,$Y8)),IF(ISBLANK(INDEX('Orta Saha'!P:P,$Y8)),"",INDEX('Orta Saha'!P:P,$Y8)),IF(ISBLANK(INDEX(Kanatlar!P:P,$Y8)),"",INDEX(Kanatlar!P:P,$Y8)),IF(ISBLANK(INDEX(Forvetler!P:P,$Y8)),"",INDEX(Forvetler!P:P,$Y8)))) | Q8: =IF($X8="","",CHOOSE($X8,IF(ISBLANK(INDEX(Kaleciler!Q:Q,$Y8)),"",INDEX(Kaleciler!Q:Q,$Y8)),IF(ISBLANK(INDEX(Stoperler!Q:Q,$Y8)),"",INDEX(Stoperler!Q:Q,$Y8)),IF(ISBLANK(INDEX('Sağ Bekler'!Q:Q,$Y8)),"",INDEX('Sağ Bekler'!Q:Q,$Y8)),IF(ISBLANK(INDEX('Sol Bekler'!Q:Q,$Y8)),"",INDEX('Sol Bekler'!Q:Q,$Y8)),IF(ISBLANK(INDEX('Orta Saha'!Q:Q,$Y8)),"",INDEX('Orta Saha'!Q:Q,$Y8)),IF(ISBLANK(INDEX(Kanatlar!Q:Q,$Y8)),"",INDEX(Kanatlar!Q:Q,$Y8)),IF(ISBLANK(INDEX(Forvetler!Q:Q,$Y8)),"",INDEX(Forvetler!Q:Q,$Y8)))) -> A Liste | R8: =IF($X8="","",CHOOSE($X8,IF(ISBLANK(INDEX(Kaleciler!R:R,$Y8)),"",INDEX(Kaleciler!R:R,$Y8)),IF(ISBLANK(INDEX(Stoperler!R:R,$Y8)),"",INDEX(Stoperler!R:R,$Y8)),IF(ISBLANK(INDEX('Sağ Bekler'!R:R,$Y8)),"",INDEX('Sağ Bekler'!R:R,$Y8)),IF(ISBLANK(INDEX('Sol Bekler'!R:R,$Y8)),"",INDEX('Sol Bekler'!R:R,$Y8)),IF(ISBLANK(INDEX('Orta Saha'!R:R,$Y8)),"",INDEX('Orta Saha'!R:R,$Y8)),IF(ISBLANK(INDEX(Kanatlar!R:R,$Y8)),"",INDEX(Kanatlar!R:R,$Y8)),IF(ISBLANK(INDEX(Forvetler!R:R,$Y8)),"",INDEX(Forvetler!R:R,$Y8)))) | S8: =IF($X8="","",CHOOSE($X8,IF(ISBLANK(INDEX(Kaleciler!S:S,$Y8)),"",INDEX(Kaleciler!S:S,$Y8)),IF(ISBLANK(INDEX(Stoperler!S:S,$Y8)),"",INDEX(Stoperler!S:S,$Y8)),IF(ISBLANK(INDEX('Sağ Bekler'!S:S,$Y8)),"",INDEX('Sağ Bekler'!S:S,$Y8)),IF(ISBLANK(INDEX('Sol Bekler'!S:S,$Y8)),"",INDEX('Sol Bekler'!S:S,$Y8)),IF(ISBLANK(INDEX('Orta Saha'!S:S,$Y8)),"",INDEX('Orta Saha'!S:S,$Y8)),IF(ISBLANK(INDEX(Kanatlar!S:S,$Y8)),"",INDEX(Kanatlar!S:S,$Y8)),IF(ISBLANK(INDEX(Forvetler!S:S,$Y8)),"",INDEX(Forvetler!S:S,$Y8)))) | T8: =IF($X8="","",CHOOSE($X8,IF(ISBLANK(INDEX(Kaleciler!T:T,$Y8)),"",INDEX(Kaleciler!T:T,$Y8)),IF(ISBLANK(INDEX(Stoperler!T:T,$Y8)),"",INDEX(Stoperler!T:T,$Y8)),IF(ISBLANK(INDEX('Sağ Bekler'!T:T,$Y8)),"",INDEX('Sağ Bekler'!T:T,$Y8)),IF(ISBLANK(INDEX('Sol Bekler'!T:T,$Y8)),"",INDEX('Sol Bekler'!T:T,$Y8)),IF(ISBLANK(INDEX('Orta Saha'!T:T,$Y8)),"",INDEX('Orta Saha'!T:T,$Y8)),IF(ISBLANK(INDEX(Kanatlar!T:T,$Y8)),"",INDEX(Kanatlar!T:T,$Y8)),IF(ISBLANK(INDEX(Forvetler!T:T,$Y8)),"",INDEX(Forvetler!T:T,$Y8)))) | U8: 1 | V8: 8 | W8: =IF(Kaleciler!$Q$8="A Liste",COUNT($W$3:W7)+1,"") | X8: =IFERROR(INDEX($U$4:$U$703,MATCH(ROWS($X$4:X8),$W$4:$W$703,0)),"") -> 5 | Y8: =IFERROR(INDEX($V$4:$V$703,MATCH(ROWS($Y$4:Y8),$W$4:$W$703,0)),"") -> 12
A9: =IF($X9="","",CHOOSE($X9,IF(ISBLANK(INDEX(Kaleciler!A:A,$Y9)),"",INDEX(Kaleciler!A:A,$Y9)),IF(ISBLANK(INDEX(Stoperler!A:A,$Y9)),"",INDEX(Stoperler!A:A,$Y9)),IF(ISBLANK(INDEX('Sağ Bekler'!A:A,$Y9)),"",INDEX('Sağ Bekler'!A:A,$Y9)),IF(ISBLANK(INDEX('Sol Bekler'!A:A,$Y9)),"",INDEX('Sol Bekler'!A:A,$Y9)),IF(ISBLANK(INDEX('Orta Saha'!A:A,$Y9)),"",INDEX('Orta Saha'!A:A,$Y9)),IF(ISBLANK(INDEX(Kanatlar!A:A,$Y9)),"",INDEX(Kanatlar!A:A,$Y9)),IF(ISBLANK(INDEX(Forvetler!A:A,$Y9)),"",INDEX(Forvetler!A:A,$Y9)))) -> 10 | B9: =IF($X9="","",CHOOSE($X9,IF(ISBLANK(INDEX(Kaleciler!B:B,$Y9)),"",INDEX(Kaleciler!B:B,$Y9)),IF(ISBLANK(INDEX(Stoperler!B:B,$Y9)),"",INDEX(Stoperler!B:B,$Y9)),IF(ISBLANK(INDEX('Sağ Bekler'!B:B,$Y9)),"",INDEX('Sağ Bekler'!B:B,$Y9)),IF(ISBLANK(INDEX('Sol Bekler'!B:B,$Y9)),"",INDEX('Sol Bekler'!B:B,$Y9)),IF(ISBLANK(INDEX('Orta Saha'!B:B,$Y9)),"",INDEX('Orta Saha'!B:B,$Y9)),IF(ISBLANK(INDEX(Kanatlar!B:B,$Y9)),"",INDEX(Kanatlar!B:B,$Y9)),IF(ISBLANK(INDEX(Forvetler!B:B,$Y9)),"",INDEX(Forvetler!B:B,$Y9)))) -> YAĞIZ ŞEN | C9: =IF($X9="","",CHOOSE($X9,IF(ISBLANK(INDEX(Kaleciler!C:C,$Y9)),"",INDEX(Kaleciler!C:C,$Y9)),IF(ISBLANK(INDEX(Stoperler!C:C,$Y9)),"",INDEX(Stoperler!C:C,$Y9)),IF(ISBLANK(INDEX('Sağ Bekler'!C:C,$Y9)),"",INDEX('Sağ Bekler'!C:C,$Y9)),IF(ISBLANK(INDEX('Sol Bekler'!C:C,$Y9)),"",INDEX('Sol Bekler'!C:C,$Y9)),IF(ISBLANK(INDEX('Orta Saha'!C:C,$Y9)),"",INDEX('Orta Saha'!C:C,$Y9)),IF(ISBLANK(INDEX(Kanatlar!C:C,$Y9)),"",INDEX(Kanatlar!C:C,$Y9)),IF(ISBLANK(INDEX(Forvetler!C:C,$Y9)),"",INDEX(Forvetler!C:C,$Y9)))) -> 39883 | D9: =IF($X9="","",CHOOSE($X9,IF(ISBLANK(INDEX(Kaleciler!D:D,$Y9)),"",INDEX(Kaleciler!D:D,$Y9)),IF(ISBLANK(INDEX(Stoperler!D:D,$Y9)),"",INDEX(Stoperler!D:D,$Y9)),IF(ISBLANK(INDEX('Sağ Bekler'!D:D,$Y9)),"",INDEX('Sağ Bekler'!D:D,$Y9)),IF(ISBLANK(INDEX('Sol Bekler'!D:D,$Y9)),"",INDEX('Sol Bekler'!D:D,$Y9)),IF(ISBLANK(INDEX('Orta Saha'!D:D,$Y9)),"",INDEX('Orta Saha'!D:D,$Y9)),IF(ISBLANK(INDEX(Kanatlar!D:D,$Y9)),"",INDEX(Kanatlar!D:D,$Y9)),IF(ISBLANK(INDEX(Forvetler!D:D,$Y9)),"",INDEX(Forvetler!D:D,$Y9)))) -> 17 | E9: =IF($X9="","",CHOOSE($X9,IF(ISBLANK(INDEX(Kaleciler!E:E,$Y9)),"",INDEX(Kaleciler!E:E,$Y9)),IF(ISBLANK(INDEX(Stoperler!E:E,$Y9)),"",INDEX(Stoperler!E:E,$Y9)),IF(ISBLANK(INDEX('Sağ Bekler'!E:E,$Y9)),"",INDEX('Sağ Bekler'!E:E,$Y9)),IF(ISBLANK(INDEX('Sol Bekler'!E:E,$Y9)),"",INDEX('Sol Bekler'!E:E,$Y9)),IF(ISBLANK(INDEX('Orta Saha'!E:E,$Y9)),"",INDEX('Orta Saha'!E:E,$Y9)),IF(ISBLANK(INDEX(Kanatlar!E:E,$Y9)),"",INDEX(Kanatlar!E:E,$Y9)),IF(ISBLANK(INDEX(Forvetler!E:E,$Y9)),"",INDEX(Forvetler!E:E,$Y9)))) -> Orta Saha | F9: =IF($X9="","",CHOOSE($X9,IF(ISBLANK(INDEX(Kaleciler!F:F,$Y9)),"",INDEX(Kaleciler!F:F,$Y9)),IF(ISBLANK(INDEX(Stoperler!F:F,$Y9)),"",INDEX(Stoperler!F:F,$Y9)),IF(ISBLANK(INDEX('Sağ Bekler'!F:F,$Y9)),"",INDEX('Sağ Bekler'!F:F,$Y9)),IF(ISBLANK(INDEX('Sol Bekler'!F:F,$Y9)),"",INDEX('Sol Bekler'!F:F,$Y9)),IF(ISBLANK(INDEX('Orta Saha'!F:F,$Y9)),"",INDEX('Orta Saha'!F:F,$Y9)),IF(ISBLANK(INDEX(Kanatlar!F:F,$Y9)),"",INDEX(Kanatlar!F:F,$Y9)),IF(ISBLANK(INDEX(Forvetler!F:F,$Y9)),"",INDEX(Forvetler!F:F,$Y9)))) -> Sağ | G9: =IF($X9="","",CHOOSE($X9,IF(ISBLANK(INDEX(Kaleciler!G:G,$Y9)),"",INDEX(Kaleciler!G:G,$Y9)),IF(ISBLANK(INDEX(Stoperler!G:G,$Y9)),"",INDEX(Stoperler!G:G,$Y9)),IF(ISBLANK(INDEX('Sağ Bekler'!G:G,$Y9)),"",INDEX('Sağ Bekler'!G:G,$Y9)),IF(ISBLANK(INDEX('Sol Bekler'!G:G,$Y9)),"",INDEX('Sol Bekler'!G:G,$Y9)),IF(ISBLANK(INDEX('Orta Saha'!G:G,$Y9)),"",INDEX('Orta Saha'!G:G,$Y9)),IF(ISBLANK(INDEX(Kanatlar!G:G,$Y9)),"",INDEX(Kanatlar!G:G,$Y9)),IF(ISBLANK(INDEX(Forvetler!G:G,$Y9)),"",INDEX(Forvetler!G:G,$Y9)))) -> SARIYER | H9: =IF($X9="","",CHOOSE($X9,IF(ISBLANK(INDEX(Kaleciler!H:H,$Y9)),"",INDEX(Kaleciler!H:H,$Y9)),IF(ISBLANK(INDEX(Stoperler!H:H,$Y9)),"",INDEX(Stoperler!H:H,$Y9)),IF(ISBLANK(INDEX('Sağ Bekler'!H:H,$Y9)),"",INDEX('Sağ Bekler'!H:H,$Y9)),IF(ISBLANK(INDEX('Sol Bekler'!H:H,$Y9)),"",INDEX('Sol Bekler'!H:H,$Y9)),IF(ISBLANK(INDEX('Orta Saha'!H:H,$Y9)),"",INDEX('Orta Saha'!H:H,$Y9)),IF(ISBLANK(INDEX(Kanatlar!H:H,$Y9)),"",INDEX(Kanatlar!H:H,$Y9)),IF(ISBLANK(INDEX(Forvetler!H:H,$Y9)),"",INDEX(Forvetler!H:H,$Y9)))) -> 1.Lig | I9: =IF($X9="","",CHOOSE($X9,IF(ISBLANK(INDEX(Kaleciler!I:I,$Y9)),"",INDEX(Kaleciler!I:I,$Y9)),IF(ISBLANK(INDEX(Stoperler!I:I,$Y9)),"",INDEX(Stoperler!I:I,$Y9)),IF(ISBLANK(INDEX('Sağ Bekler'!I:I,$Y9)),"",INDEX('Sağ Bekler'!I:I,$Y9)),IF(ISBLANK(INDEX('Sol Bekler'!I:I,$Y9)),"",INDEX('Sol Bekler'!I:I,$Y9)),IF(ISBLANK(INDEX('Orta Saha'!I:I,$Y9)),"",INDEX('Orta Saha'!I:I,$Y9)),IF(ISBLANK(INDEX(Kanatlar!I:I,$Y9)),"",INDEX(Kanatlar!I:I,$Y9)),IF(ISBLANK(INDEX(Forvetler!I:I,$Y9)),"",INDEX(Forvetler!I:I,$Y9)))) -> 46568 | J9: =IF($X9="","",CHOOSE($X9,IF(ISBLANK(INDEX(Kaleciler!J:J,$Y9)),"",INDEX(Kaleciler!J:J,$Y9)),IF(ISBLANK(INDEX(Stoperler!J:J,$Y9)),"",INDEX(Stoperler!J:J,$Y9)),IF(ISBLANK(INDEX('Sağ Bekler'!J:J,$Y9)),"",INDEX('Sağ Bekler'!J:J,$Y9)),IF(ISBLANK(INDEX('Sol Bekler'!J:J,$Y9)),"",INDEX('Sol Bekler'!J:J,$Y9)),IF(ISBLANK(INDEX('Orta Saha'!J:J,$Y9)),"",INDEX('Orta Saha'!J:J,$Y9)),IF(ISBLANK(INDEX(Kanatlar!J:J,$Y9)),"",INDEX(Kanatlar!J:J,$Y9)),IF(ISBLANK(INDEX(Forvetler!J:J,$Y9)),"",INDEX(Forvetler!J:J,$Y9)))) | K9: =IF($X9="","",CHOOSE($X9,IF(ISBLANK(INDEX(Kaleciler!K:K,$Y9)),"",INDEX(Kaleciler!K:K,$Y9)),IF(ISBLANK(INDEX(Stoperler!K:K,$Y9)),"",INDEX(Stoperler!K:K,$Y9)),IF(ISBLANK(INDEX('Sağ Bekler'!K:K,$Y9)),"",INDEX('Sağ Bekler'!K:K,$Y9)),IF(ISBLANK(INDEX('Sol Bekler'!K:K,$Y9)),"",INDEX('Sol Bekler'!K:K,$Y9)),IF(ISBLANK(INDEX('Orta Saha'!K:K,$Y9)),"",INDEX('Orta Saha'!K:K,$Y9)),IF(ISBLANK(INDEX(Kanatlar!K:K,$Y9)),"",INDEX(Kanatlar!K:K,$Y9)),IF(ISBLANK(INDEX(Forvetler!K:K,$Y9)),"",INDEX(Forvetler!K:K,$Y9)))) | L9: =IF($X9="","",CHOOSE($X9,IF(ISBLANK(INDEX(Kaleciler!L:L,$Y9)),"",INDEX(Kaleciler!L:L,$Y9)),IF(ISBLANK(INDEX(Stoperler!L:L,$Y9)),"",INDEX(Stoperler!L:L,$Y9)),IF(ISBLANK(INDEX('Sağ Bekler'!L:L,$Y9)),"",INDEX('Sağ Bekler'!L:L,$Y9)),IF(ISBLANK(INDEX('Sol Bekler'!L:L,$Y9)),"",INDEX('Sol Bekler'!L:L,$Y9)),IF(ISBLANK(INDEX('Orta Saha'!L:L,$Y9)),"",INDEX('Orta Saha'!L:L,$Y9)),IF(ISBLANK(INDEX(Kanatlar!L:L,$Y9)),"",INDEX(Kanatlar!L:L,$Y9)),IF(ISBLANK(INDEX(Forvetler!L:L,$Y9)),"",INDEX(Forvetler!L:L,$Y9)))) | M9: =IF($X9="","",CHOOSE($X9,IF(ISBLANK(INDEX(Kaleciler!M:M,$Y9)),"",INDEX(Kaleciler!M:M,$Y9)),IF(ISBLANK(INDEX(Stoperler!M:M,$Y9)),"",INDEX(Stoperler!M:M,$Y9)),IF(ISBLANK(INDEX('Sağ Bekler'!M:M,$Y9)),"",INDEX('Sağ Bekler'!M:M,$Y9)),IF(ISBLANK(INDEX('Sol Bekler'!M:M,$Y9)),"",INDEX('Sol Bekler'!M:M,$Y9)),IF(ISBLANK(INDEX('Orta Saha'!M:M,$Y9)),"",INDEX('Orta Saha'!M:M,$Y9)),IF(ISBLANK(INDEX(Kanatlar!M:M,$Y9)),"",INDEX(Kanatlar!M:M,$Y9)),IF(ISBLANK(INDEX(Forvetler!M:M,$Y9)),"",INDEX(Forvetler!M:M,$Y9)))) | N9: =IF($X9="","",CHOOSE($X9,IF(ISBLANK(INDEX(Kaleciler!N:N,$Y9)),"",INDEX(Kaleciler!N:N,$Y9)),IF(ISBLANK(INDEX(Stoperler!N:N,$Y9)),"",INDEX(Stoperler!N:N,$Y9)),IF(ISBLANK(INDEX('Sağ Bekler'!N:N,$Y9)),"",INDEX('Sağ Bekler'!N:N,$Y9)),IF(ISBLANK(INDEX('Sol Bekler'!N:N,$Y9)),"",INDEX('Sol Bekler'!N:N,$Y9)),IF(ISBLANK(INDEX('Orta Saha'!N:N,$Y9)),"",INDEX('Orta Saha'!N:N,$Y9)),IF(ISBLANK(INDEX(Kanatlar!N:N,$Y9)),"",INDEX(Kanatlar!N:N,$Y9)),IF(ISBLANK(INDEX(Forvetler!N:N,$Y9)),"",INDEX(Forvetler!N:N,$Y9)))) | O9: =IF($X9="","",CHOOSE($X9,IF(ISBLANK(INDEX(Kaleciler!O:O,$Y9)),"",INDEX(Kaleciler!O:O,$Y9)),IF(ISBLANK(INDEX(Stoperler!O:O,$Y9)),"",INDEX(Stoperler!O:O,$Y9)),IF(ISBLANK(INDEX('Sağ Bekler'!O:O,$Y9)),"",INDEX('Sağ Bekler'!O:O,$Y9)),IF(ISBLANK(INDEX('Sol Bekler'!O:O,$Y9)),"",INDEX('Sol Bekler'!O:O,$Y9)),IF(ISBLANK(INDEX('Orta Saha'!O:O,$Y9)),"",INDEX('Orta Saha'!O:O,$Y9)),IF(ISBLANK(INDEX(Kanatlar!O:O,$Y9)),"",INDEX(Kanatlar!O:O,$Y9)),IF(ISBLANK(INDEX(Forvetler!O:O,$Y9)),"",INDEX(Forvetler!O:O,$Y9)))) | P9: =IF($X9="","",CHOOSE($X9,IF(ISBLANK(INDEX(Kaleciler!P:P,$Y9)),"",INDEX(Kaleciler!P:P,$Y9)),IF(ISBLANK(INDEX(Stoperler!P:P,$Y9)),"",INDEX(Stoperler!P:P,$Y9)),IF(ISBLANK(INDEX('Sağ Bekler'!P:P,$Y9)),"",INDEX('Sağ Bekler'!P:P,$Y9)),IF(ISBLANK(INDEX('Sol Bekler'!P:P,$Y9)),"",INDEX('Sol Bekler'!P:P,$Y9)),IF(ISBLANK(INDEX('Orta Saha'!P:P,$Y9)),"",INDEX('Orta Saha'!P:P,$Y9)),IF(ISBLANK(INDEX(Kanatlar!P:P,$Y9)),"",INDEX(Kanatlar!P:P,$Y9)),IF(ISBLANK(INDEX(Forvetler!P:P,$Y9)),"",INDEX(Forvetler!P:P,$Y9)))) | Q9: =IF($X9="","",CHOOSE($X9,IF(ISBLANK(INDEX(Kaleciler!Q:Q,$Y9)),"",INDEX(Kaleciler!Q:Q,$Y9)),IF(ISBLANK(INDEX(Stoperler!Q:Q,$Y9)),"",INDEX(Stoperler!Q:Q,$Y9)),IF(ISBLANK(INDEX('Sağ Bekler'!Q:Q,$Y9)),"",INDEX('Sağ Bekler'!Q:Q,$Y9)),IF(ISBLANK(INDEX('Sol Bekler'!Q:Q,$Y9)),"",INDEX('Sol Bekler'!Q:Q,$Y9)),IF(ISBLANK(INDEX('Orta Saha'!Q:Q,$Y9)),"",INDEX('Orta Saha'!Q:Q,$Y9)),IF(ISBLANK(INDEX(Kanatlar!Q:Q,$Y9)),"",INDEX(Kanatlar!Q:Q,$Y9)),IF(ISBLANK(INDEX(Forvetler!Q:Q,$Y9)),"",INDEX(Forvetler!Q:Q,$Y9)))) -> A Liste | R9: =IF($X9="","",CHOOSE($X9,IF(ISBLANK(INDEX(Kaleciler!R:R,$Y9)),"",INDEX(Kaleciler!R:R,$Y9)),IF(ISBLANK(INDEX(Stoperler!R:R,$Y9)),"",INDEX(Stoperler!R:R,$Y9)),IF(ISBLANK(INDEX('Sağ Bekler'!R:R,$Y9)),"",INDEX('Sağ Bekler'!R:R,$Y9)),IF(ISBLANK(INDEX('Sol Bekler'!R:R,$Y9)),"",INDEX('Sol Bekler'!R:R,$Y9)),IF(ISBLANK(INDEX('Orta Saha'!R:R,$Y9)),"",INDEX('Orta Saha'!R:R,$Y9)),IF(ISBLANK(INDEX(Kanatlar!R:R,$Y9)),"",INDEX(Kanatlar!R:R,$Y9)),IF(ISBLANK(INDEX(Forvetler!R:R,$Y9)),"",INDEX(Forvetler!R:R,$Y9)))) | S9: =IF($X9="","",CHOOSE($X9,IF(ISBLANK(INDEX(Kaleciler!S:S,$Y9)),"",INDEX(Kaleciler!S:S,$Y9)),IF(ISBLANK(INDEX(Stoperler!S:S,$Y9)),"",INDEX(Stoperler!S:S,$Y9)),IF(ISBLANK(INDEX('Sağ Bekler'!S:S,$Y9)),"",INDEX('Sağ Bekler'!S:S,$Y9)),IF(ISBLANK(INDEX('Sol Bekler'!S:S,$Y9)),"",INDEX('Sol Bekler'!S:S,$Y9)),IF(ISBLANK(INDEX('Orta Saha'!S:S,$Y9)),"",INDEX('Orta Saha'!S:S,$Y9)),IF(ISBLANK(INDEX(Kanatlar!S:S,$Y9)),"",INDEX(Kanatlar!S:S,$Y9)),IF(ISBLANK(INDEX(Forvetler!S:S,$Y9)),"",INDEX(Forvetler!S:S,$Y9)))) | T9: =IF($X9="","",CHOOSE($X9,IF(ISBLANK(INDEX(Kaleciler!T:T,$Y9)),"",INDEX(Kaleciler!T:T,$Y9)),IF(ISBLANK(INDEX(Stoperler!T:T,$Y9)),"",INDEX(Stoperler!T:T,$Y9)),IF(ISBLANK(INDEX('Sağ Bekler'!T:T,$Y9)),"",INDEX('Sağ Bekler'!T:T,$Y9)),IF(ISBLANK(INDEX('Sol Bekler'!T:T,$Y9)),"",INDEX('Sol Bekler'!T:T,$Y9)),IF(ISBLANK(INDEX('Orta Saha'!T:T,$Y9)),"",INDEX('Orta Saha'!T:T,$Y9)),IF(ISBLANK(INDEX(Kanatlar!T:T,$Y9)),"",INDEX(Kanatlar!T:T,$Y9)),IF(ISBLANK(INDEX(Forvetler!T:T,$Y9)),"",INDEX(Forvetler!T:T,$Y9)))) | U9: 1 | V9: 9 | W9: =IF(Kaleciler!$Q$9="A Liste",COUNT($W$3:W8)+1,"") | X9: =IFERROR(INDEX($U$4:$U$703,MATCH(ROWS($X$4:X9),$W$4:$W$703,0)),"") -> 5 | Y9: =IFERROR(INDEX($V$4:$V$703,MATCH(ROWS($Y$4:Y9),$W$4:$W$703,0)),"") -> 13
A10: =IF($X10="","",CHOOSE($X10,IF(ISBLANK(INDEX(Kaleciler!A:A,$Y10)),"",INDEX(Kaleciler!A:A,$Y10)),IF(ISBLANK(INDEX(Stoperler!A:A,$Y10)),"",INDEX(Stoperler!A:A,$Y10)),IF(ISBLANK(INDEX('Sağ Bekler'!A:A,$Y10)),"",INDEX('Sağ Bekler'!A:A,$Y10)),IF(ISBLANK(INDEX('Sol Bekler'!A:A,$Y10)),"",INDEX('Sol Bekler'!A:A,$Y10)),IF(ISBLANK(INDEX('Orta Saha'!A:A,$Y10)),"",INDEX('Orta Saha'!A:A,$Y10)),IF(ISBLANK(INDEX(Kanatlar!A:A,$Y10)),"",INDEX(Kanatlar!A:A,$Y10)),IF(ISBLANK(INDEX(Forvetler!A:A,$Y10)),"",INDEX(Forvetler!A:A,$Y10)))) -> 17 | B10: =IF($X10="","",CHOOSE($X10,IF(ISBLANK(INDEX(Kaleciler!B:B,$Y10)),"",INDEX(Kaleciler!B:B,$Y10)),IF(ISBLANK(INDEX(Stoperler!B:B,$Y10)),"",INDEX(Stoperler!B:B,$Y10)),IF(ISBLANK(INDEX('Sağ Bekler'!B:B,$Y10)),"",INDEX('Sağ Bekler'!B:B,$Y10)),IF(ISBLANK(INDEX('Sol Bekler'!B:B,$Y10)),"",INDEX('Sol Bekler'!B:B,$Y10)),IF(ISBLANK(INDEX('Orta Saha'!B:B,$Y10)),"",INDEX('Orta Saha'!B:B,$Y10)),IF(ISBLANK(INDEX(Kanatlar!B:B,$Y10)),"",INDEX(Kanatlar!B:B,$Y10)),IF(ISBLANK(INDEX(Forvetler!B:B,$Y10)),"",INDEX(Forvetler!B:B,$Y10)))) -> JIN-HO JO | C10: =IF($X10="","",CHOOSE($X10,IF(ISBLANK(INDEX(Kaleciler!C:C,$Y10)),"",INDEX(Kaleciler!C:C,$Y10)),IF(ISBLANK(INDEX(Stoperler!C:C,$Y10)),"",INDEX(Stoperler!C:C,$Y10)),IF(ISBLANK(INDEX('Sağ Bekler'!C:C,$Y10)),"",INDEX('Sağ Bekler'!C:C,$Y10)),IF(ISBLANK(INDEX('Sol Bekler'!C:C,$Y10)),"",INDEX('Sol Bekler'!C:C,$Y10)),IF(ISBLANK(INDEX('Orta Saha'!C:C,$Y10)),"",INDEX('Orta Saha'!C:C,$Y10)),IF(ISBLANK(INDEX(Kanatlar!C:C,$Y10)),"",INDEX(Kanatlar!C:C,$Y10)),IF(ISBLANK(INDEX(Forvetler!C:C,$Y10)),"",INDEX(Forvetler!C:C,$Y10)))) -> 37812 | D10: =IF($X10="","",CHOOSE($X10,IF(ISBLANK(INDEX(Kaleciler!D:D,$Y10)),"",INDEX(Kaleciler!D:D,$Y10)),IF(ISBLANK(INDEX(Stoperler!D:D,$Y10)),"",INDEX(Stoperler!D:D,$Y10)),IF(ISBLANK(INDEX('Sağ Bekler'!D:D,$Y10)),"",INDEX('Sağ Bekler'!D:D,$Y10)),IF(ISBLANK(INDEX('Sol Bekler'!D:D,$Y10)),"",INDEX('Sol Bekler'!D:D,$Y10)),IF(ISBLANK(INDEX('Orta Saha'!D:D,$Y10)),"",INDEX('Orta Saha'!D:D,$Y10)),IF(ISBLANK(INDEX(Kanatlar!D:D,$Y10)),"",INDEX(Kanatlar!D:D,$Y10)),IF(ISBLANK(INDEX(Forvetler!D:D,$Y10)),"",INDEX(Forvetler!D:D,$Y10)))) -> 23 | E10: =IF($X10="","",CHOOSE($X10,IF(ISBLANK(INDEX(Kaleciler!E:E,$Y10)),"",INDEX(Kaleciler!E:E,$Y10)),IF(ISBLANK(INDEX(Stoperler!E:E,$Y10)),"",INDEX(Stoperler!E:E,$Y10)),IF(ISBLANK(INDEX('Sağ Bekler'!E:E,$Y10)),"",INDEX('Sağ Bekler'!E:E,$Y10)),IF(ISBLANK(INDEX('Sol Bekler'!E:E,$Y10)),"",INDEX('Sol Bekler'!E:E,$Y10)),IF(ISBLANK(INDEX('Orta Saha'!E:E,$Y10)),"",INDEX('Orta Saha'!E:E,$Y10)),IF(ISBLANK(INDEX(Kanatlar!E:E,$Y10)),"",INDEX(Kanatlar!E:E,$Y10)),IF(ISBLANK(INDEX(Forvetler!E:E,$Y10)),"",INDEX(Forvetler!E:E,$Y10)))) -> Orta Saha | F10: =IF($X10="","",CHOOSE($X10,IF(ISBLANK(INDEX(Kaleciler!F:F,$Y10)),"",INDEX(Kaleciler!F:F,$Y10)),IF(ISBLANK(INDEX(Stoperler!F:F,$Y10)),"",INDEX(Stoperler!F:F,$Y10)),IF(ISBLANK(INDEX('Sağ Bekler'!F:F,$Y10)),"",INDEX('Sağ Bekler'!F:F,$Y10)),IF(ISBLANK(INDEX('Sol Bekler'!F:F,$Y10)),"",INDEX('Sol Bekler'!F:F,$Y10)),IF(ISBLANK(INDEX('Orta Saha'!F:F,$Y10)),"",INDEX('Orta Saha'!F:F,$Y10)),IF(ISBLANK(INDEX(Kanatlar!F:F,$Y10)),"",INDEX(Kanatlar!F:F,$Y10)),IF(ISBLANK(INDEX(Forvetler!F:F,$Y10)),"",INDEX(Forvetler!F:F,$Y10)))) -> Sağ | G10: =IF($X10="","",CHOOSE($X10,IF(ISBLANK(INDEX(Kaleciler!G:G,$Y10)),"",INDEX(Kaleciler!G:G,$Y10)),IF(ISBLANK(INDEX(Stoperler!G:G,$Y10)),"",INDEX(Stoperler!G:G,$Y10)),IF(ISBLANK(INDEX('Sağ Bekler'!G:G,$Y10)),"",INDEX('Sağ Bekler'!G:G,$Y10)),IF(ISBLANK(INDEX('Sol Bekler'!G:G,$Y10)),"",INDEX('Sol Bekler'!G:G,$Y10)),IF(ISBLANK(INDEX('Orta Saha'!G:G,$Y10)),"",INDEX('Orta Saha'!G:G,$Y10)),IF(ISBLANK(INDEX(Kanatlar!G:G,$Y10)),"",INDEX(Kanatlar!G:G,$Y10)),IF(ISBLANK(INDEX(Forvetler!G:G,$Y10)),"",INDEX(Forvetler!G:G,$Y10)))) -> BATMAN PETROLSPOR | H10: =IF($X10="","",CHOOSE($X10,IF(ISBLANK(INDEX(Kaleciler!H:H,$Y10)),"",INDEX(Kaleciler!H:H,$Y10)),IF(ISBLANK(INDEX(Stoperler!H:H,$Y10)),"",INDEX(Stoperler!H:H,$Y10)),IF(ISBLANK(INDEX('Sağ Bekler'!H:H,$Y10)),"",INDEX('Sağ Bekler'!H:H,$Y10)),IF(ISBLANK(INDEX('Sol Bekler'!H:H,$Y10)),"",INDEX('Sol Bekler'!H:H,$Y10)),IF(ISBLANK(INDEX('Orta Saha'!H:H,$Y10)),"",INDEX('Orta Saha'!H:H,$Y10)),IF(ISBLANK(INDEX(Kanatlar!H:H,$Y10)),"",INDEX(Kanatlar!H:H,$Y10)),IF(ISBLANK(INDEX(Forvetler!H:H,$Y10)),"",INDEX(Forvetler!H:H,$Y10)))) -> 1.Lig | I10: =IF($X10="","",CHOOSE($X10,IF(ISBLANK(INDEX(Kaleciler!I:I,$Y10)),"",INDEX(Kaleciler!I:I,$Y10)),IF(ISBLANK(INDEX(Stoperler!I:I,$Y10)),"",INDEX(Stoperler!I:I,$Y10)),IF(ISBLANK(INDEX('Sağ Bekler'!I:I,$Y10)),"",INDEX('Sağ Bekler'!I:I,$Y10)),IF(ISBLANK(INDEX('Sol Bekler'!I:I,$Y10)),"",INDEX('Sol Bekler'!I:I,$Y10)),IF(ISBLANK(INDEX('Orta Saha'!I:I,$Y10)),"",INDEX('Orta Saha'!I:I,$Y10)),IF(ISBLANK(INDEX(Kanatlar!I:I,$Y10)),"",INDEX(Kanatlar!I:I,$Y10)),IF(ISBLANK(INDEX(Forvetler!I:I,$Y10)),"",INDEX(Forvetler!I:I,$Y10)))) -> 46568 | J10: =IF($X10="","",CHOOSE($X10,IF(ISBLANK(INDEX(Kaleciler!J:J,$Y10)),"",INDEX(Kaleciler!J:J,$Y10)),IF(ISBLANK(INDEX(Stoperler!J:J,$Y10)),"",INDEX(Stoperler!J:J,$Y10)),IF(ISBLANK(INDEX('Sağ Bekler'!J:J,$Y10)),"",INDEX('Sağ Bekler'!J:J,$Y10)),IF(ISBLANK(INDEX('Sol Bekler'!J:J,$Y10)),"",INDEX('Sol Bekler'!J:J,$Y10)),IF(ISBLANK(INDEX('Orta Saha'!J:J,$Y10)),"",INDEX('Orta Saha'!J:J,$Y10)),IF(ISBLANK(INDEX(Kanatlar!J:J,$Y10)),"",INDEX(Kanatlar!J:J,$Y10)),IF(ISBLANK(INDEX(Forvetler!J:J,$Y10)),"",INDEX(Forvetler!J:J,$Y10)))) | K10: =IF($X10="","",CHOOSE($X10,IF(ISBLANK(INDEX(Kaleciler!K:K,$Y10)),"",INDEX(Kaleciler!K:K,$Y10)),IF(ISBLANK(INDEX(Stoperler!K:K,$Y10)),"",INDEX(Stoperler!K:K,$Y10)),IF(ISBLANK(INDEX('Sağ Bekler'!K:K,$Y10)),"",INDEX('Sağ Bekler'!K:K,$Y10)),IF(ISBLANK(INDEX('Sol Bekler'!K:K,$Y10)),"",INDEX('Sol Bekler'!K:K,$Y10)),IF(ISBLANK(INDEX('Orta Saha'!K:K,$Y10)),"",INDEX('Orta Saha'!K:K,$Y10)),IF(ISBLANK(INDEX(Kanatlar!K:K,$Y10)),"",INDEX(Kanatlar!K:K,$Y10)),IF(ISBLANK(INDEX(Forvetler!K:K,$Y10)),"",INDEX(Forvetler!K:K,$Y10)))) | L10: =IF($X10="","",CHOOSE($X10,IF(ISBLANK(INDEX(Kaleciler!L:L,$Y10)),"",INDEX(Kaleciler!L:L,$Y10)),IF(ISBLANK(INDEX(Stoperler!L:L,$Y10)),"",INDEX(Stoperler!L:L,$Y10)),IF(ISBLANK(INDEX('Sağ Bekler'!L:L,$Y10)),"",INDEX('Sağ Bekler'!L:L,$Y10)),IF(ISBLANK(INDEX('Sol Bekler'!L:L,$Y10)),"",INDEX('Sol Bekler'!L:L,$Y10)),IF(ISBLANK(INDEX('Orta Saha'!L:L,$Y10)),"",INDEX('Orta Saha'!L:L,$Y10)),IF(ISBLANK(INDEX(Kanatlar!L:L,$Y10)),"",INDEX(Kanatlar!L:L,$Y10)),IF(ISBLANK(INDEX(Forvetler!L:L,$Y10)),"",INDEX(Forvetler!L:L,$Y10)))) | M10: =IF($X10="","",CHOOSE($X10,IF(ISBLANK(INDEX(Kaleciler!M:M,$Y10)),"",INDEX(Kaleciler!M:M,$Y10)),IF(ISBLANK(INDEX(Stoperler!M:M,$Y10)),"",INDEX(Stoperler!M:M,$Y10)),IF(ISBLANK(INDEX('Sağ Bekler'!M:M,$Y10)),"",INDEX('Sağ Bekler'!M:M,$Y10)),IF(ISBLANK(INDEX('Sol Bekler'!M:M,$Y10)),"",INDEX('Sol Bekler'!M:M,$Y10)),IF(ISBLANK(INDEX('Orta Saha'!M:M,$Y10)),"",INDEX('Orta Saha'!M:M,$Y10)),IF(ISBLANK(INDEX(Kanatlar!M:M,$Y10)),"",INDEX(Kanatlar!M:M,$Y10)),IF(ISBLANK(INDEX(Forvetler!M:M,$Y10)),"",INDEX(Forvetler!M:M,$Y10)))) | N10: =IF($X10="","",CHOOSE($X10,IF(ISBLANK(INDEX(Kaleciler!N:N,$Y10)),"",INDEX(Kaleciler!N:N,$Y10)),IF(ISBLANK(INDEX(Stoperler!N:N,$Y10)),"",INDEX(Stoperler!N:N,$Y10)),IF(ISBLANK(INDEX('Sağ Bekler'!N:N,$Y10)),"",INDEX('Sağ Bekler'!N:N,$Y10)),IF(ISBLANK(INDEX('Sol Bekler'!N:N,$Y10)),"",INDEX('Sol Bekler'!N:N,$Y10)),IF(ISBLANK(INDEX('Orta Saha'!N:N,$Y10)),"",INDEX('Orta Saha'!N:N,$Y10)),IF(ISBLANK(INDEX(Kanatlar!N:N,$Y10)),"",INDEX(Kanatlar!N:N,$Y10)),IF(ISBLANK(INDEX(Forvetler!N:N,$Y10)),"",INDEX(Forvetler!N:N,$Y10)))) | O10: =IF($X10="","",CHOOSE($X10,IF(ISBLANK(INDEX(Kaleciler!O:O,$Y10)),"",INDEX(Kaleciler!O:O,$Y10)),IF(ISBLANK(INDEX(Stoperler!O:O,$Y10)),"",INDEX(Stoperler!O:O,$Y10)),IF(ISBLANK(INDEX('Sağ Bekler'!O:O,$Y10)),"",INDEX('Sağ Bekler'!O:O,$Y10)),IF(ISBLANK(INDEX('Sol Bekler'!O:O,$Y10)),"",INDEX('Sol Bekler'!O:O,$Y10)),IF(ISBLANK(INDEX('Orta Saha'!O:O,$Y10)),"",INDEX('Orta Saha'!O:O,$Y10)),IF(ISBLANK(INDEX(Kanatlar!O:O,$Y10)),"",INDEX(Kanatlar!O:O,$Y10)),IF(ISBLANK(INDEX(Forvetler!O:O,$Y10)),"",INDEX(Forvetler!O:O,$Y10)))) | P10: =IF($X10="","",CHOOSE($X10,IF(ISBLANK(INDEX(Kaleciler!P:P,$Y10)),"",INDEX(Kaleciler!P:P,$Y10)),IF(ISBLANK(INDEX(Stoperler!P:P,$Y10)),"",INDEX(Stoperler!P:P,$Y10)),IF(ISBLANK(INDEX('Sağ Bekler'!P:P,$Y10)),"",INDEX('Sağ Bekler'!P:P,$Y10)),IF(ISBLANK(INDEX('Sol Bekler'!P:P,$Y10)),"",INDEX('Sol Bekler'!P:P,$Y10)),IF(ISBLANK(INDEX('Orta Saha'!P:P,$Y10)),"",INDEX('Orta Saha'!P:P,$Y10)),IF(ISBLANK(INDEX(Kanatlar!P:P,$Y10)),"",INDEX(Kanatlar!P:P,$Y10)),IF(ISBLANK(INDEX(Forvetler!P:P,$Y10)),"",INDEX(Forvetler!P:P,$Y10)))) | Q10: =IF($X10="","",CHOOSE($X10,IF(ISBLANK(INDEX(Kaleciler!Q:Q,$Y10)),"",INDEX(Kaleciler!Q:Q,$Y10)),IF(ISBLANK(INDEX(Stoperler!Q:Q,$Y10)),"",INDEX(Stoperler!Q:Q,$Y10)),IF(ISBLANK(INDEX('Sağ Bekler'!Q:Q,$Y10)),"",INDEX('Sağ Bekler'!Q:Q,$Y10)),IF(ISBLANK(INDEX('Sol Bekler'!Q:Q,$Y10)),"",INDEX('Sol Bekler'!Q:Q,$Y10)),IF(ISBLANK(INDEX('Orta Saha'!Q:Q,$Y10)),"",INDEX('Orta Saha'!Q:Q,$Y10)),IF(ISBLANK(INDEX(Kanatlar!Q:Q,$Y10)),"",INDEX(Kanatlar!Q:Q,$Y10)),IF(ISBLANK(INDEX(Forvetler!Q:Q,$Y10)),"",INDEX(Forvetler!Q:Q,$Y10)))) -> A Liste | R10: =IF($X10="","",CHOOSE($X10,IF(ISBLANK(INDEX(Kaleciler!R:R,$Y10)),"",INDEX(Kaleciler!R:R,$Y10)),IF(ISBLANK(INDEX(Stoperler!R:R,$Y10)),"",INDEX(Stoperler!R:R,$Y10)),IF(ISBLANK(INDEX('Sağ Bekler'!R:R,$Y10)),"",INDEX('Sağ Bekler'!R:R,$Y10)),IF(ISBLANK(INDEX('Sol Bekler'!R:R,$Y10)),"",INDEX('Sol Bekler'!R:R,$Y10)),IF(ISBLANK(INDEX('Orta Saha'!R:R,$Y10)),"",INDEX('Orta Saha'!R:R,$Y10)),IF(ISBLANK(INDEX(Kanatlar!R:R,$Y10)),"",INDEX(Kanatlar!R:R,$Y10)),IF(ISBLANK(INDEX(Forvetler!R:R,$Y10)),"",INDEX(Forvetler!R:R,$Y10)))) | S10: =IF($X10="","",CHOOSE($X10,IF(ISBLANK(INDEX(Kaleciler!S:S,$Y10)),"",INDEX(Kaleciler!S:S,$Y10)),IF(ISBLANK(INDEX(Stoperler!S:S,$Y10)),"",INDEX(Stoperler!S:S,$Y10)),IF(ISBLANK(INDEX('Sağ Bekler'!S:S,$Y10)),"",INDEX('Sağ Bekler'!S:S,$Y10)),IF(ISBLANK(INDEX('Sol Bekler'!S:S,$Y10)),"",INDEX('Sol Bekler'!S:S,$Y10)),IF(ISBLANK(INDEX('Orta Saha'!S:S,$Y10)),"",INDEX('Orta Saha'!S:S,$Y10)),IF(ISBLANK(INDEX(Kanatlar!S:S,$Y10)),"",INDEX(Kanatlar!S:S,$Y10)),IF(ISBLANK(INDEX(Forvetler!S:S,$Y10)),"",INDEX(Forvetler!S:S,$Y10)))) | T10: =IF($X10="","",CHOOSE($X10,IF(ISBLANK(INDEX(Kaleciler!T:T,$Y10)),"",INDEX(Kaleciler!T:T,$Y10)),IF(ISBLANK(INDEX(Stoperler!T:T,$Y10)),"",INDEX(Stoperler!T:T,$Y10)),IF(ISBLANK(INDEX('Sağ Bekler'!T:T,$Y10)),"",INDEX('Sağ Bekler'!T:T,$Y10)),IF(ISBLANK(INDEX('Sol Bekler'!T:T,$Y10)),"",INDEX('Sol Bekler'!T:T,$Y10)),IF(ISBLANK(INDEX('Orta Saha'!T:T,$Y10)),"",INDEX('Orta Saha'!T:T,$Y10)),IF(ISBLANK(INDEX(Kanatlar!T:T,$Y10)),"",INDEX(Kanatlar!T:T,$Y10)),IF(ISBLANK(INDEX(Forvetler!T:T,$Y10)),"",INDEX(Forvetler!T:T,$Y10)))) | U10: 1 | V10: 10 | W10: =IF(Kaleciler!$Q$10="A Liste",COUNT($W$3:W9)+1,"") | X10: =IFERROR(INDEX($U$4:$U$703,MATCH(ROWS($X$4:X10),$W$4:$W$703,0)),"") -> 5 | Y10: =IFERROR(INDEX($V$4:$V$703,MATCH(ROWS($Y$4:Y10),$W$4:$W$703,0)),"") -> 20
A11: =IF($X11="","",CHOOSE($X11,IF(ISBLANK(INDEX(Kaleciler!A:A,$Y11)),"",INDEX(Kaleciler!A:A,$Y11)),IF(ISBLANK(INDEX(Stoperler!A:A,$Y11)),"",INDEX(Stoperler!A:A,$Y11)),IF(ISBLANK(INDEX('Sağ Bekler'!A:A,$Y11)),"",INDEX('Sağ Bekler'!A:A,$Y11)),IF(ISBLANK(INDEX('Sol Bekler'!A:A,$Y11)),"",INDEX('Sol Bekler'!A:A,$Y11)),IF(ISBLANK(INDEX('Orta Saha'!A:A,$Y11)),"",INDEX('Orta Saha'!A:A,$Y11)),IF(ISBLANK(INDEX(Kanatlar!A:A,$Y11)),"",INDEX(Kanatlar!A:A,$Y11)),IF(ISBLANK(INDEX(Forvetler!A:A,$Y11)),"",INDEX(Forvetler!A:A,$Y11)))) -> 5 | B11: =IF($X11="","",CHOOSE($X11,IF(ISBLANK(INDEX(Kaleciler!B:B,$Y11)),"",INDEX(Kaleciler!B:B,$Y11)),IF(ISBLANK(INDEX(Stoperler!B:B,$Y11)),"",INDEX(Stoperler!B:B,$Y11)),IF(ISBLANK(INDEX('Sağ Bekler'!B:B,$Y11)),"",INDEX('Sağ Bekler'!B:B,$Y11)),IF(ISBLANK(INDEX('Sol Bekler'!B:B,$Y11)),"",INDEX('Sol Bekler'!B:B,$Y11)),IF(ISBLANK(INDEX('Orta Saha'!B:B,$Y11)),"",INDEX('Orta Saha'!B:B,$Y11)),IF(ISBLANK(INDEX(Kanatlar!B:B,$Y11)),"",INDEX(Kanatlar!B:B,$Y11)),IF(ISBLANK(INDEX(Forvetler!B:B,$Y11)),"",INDEX(Forvetler!B:B,$Y11)))) -> SALEM BOUAJILA | C11: =IF($X11="","",CHOOSE($X11,IF(ISBLANK(INDEX(Kaleciler!C:C,$Y11)),"",INDEX(Kaleciler!C:C,$Y11)),IF(ISBLANK(INDEX(Stoperler!C:C,$Y11)),"",INDEX(Stoperler!C:C,$Y11)),IF(ISBLANK(INDEX('Sağ Bekler'!C:C,$Y11)),"",INDEX('Sağ Bekler'!C:C,$Y11)),IF(ISBLANK(INDEX('Sol Bekler'!C:C,$Y11)),"",INDEX('Sol Bekler'!C:C,$Y11)),IF(ISBLANK(INDEX('Orta Saha'!C:C,$Y11)),"",INDEX('Orta Saha'!C:C,$Y11)),IF(ISBLANK(INDEX(Kanatlar!C:C,$Y11)),"",INDEX(Kanatlar!C:C,$Y11)),IF(ISBLANK(INDEX(Forvetler!C:C,$Y11)),"",INDEX(Forvetler!C:C,$Y11)))) -> 39295 | D11: =IF($X11="","",CHOOSE($X11,IF(ISBLANK(INDEX(Kaleciler!D:D,$Y11)),"",INDEX(Kaleciler!D:D,$Y11)),IF(ISBLANK(INDEX(Stoperler!D:D,$Y11)),"",INDEX(Stoperler!D:D,$Y11)),IF(ISBLANK(INDEX('Sağ Bekler'!D:D,$Y11)),"",INDEX('Sağ Bekler'!D:D,$Y11)),IF(ISBLANK(INDEX('Sol Bekler'!D:D,$Y11)),"",INDEX('Sol Bekler'!D:D,$Y11)),IF(ISBLANK(INDEX('Orta Saha'!D:D,$Y11)),"",INDEX('Orta Saha'!D:D,$Y11)),IF(ISBLANK(INDEX(Kanatlar!D:D,$Y11)),"",INDEX(Kanatlar!D:D,$Y11)),IF(ISBLANK(INDEX(Forvetler!D:D,$Y11)),"",INDEX(Forvetler!D:D,$Y11)))) -> 19 | E11: =IF($X11="","",CHOOSE($X11,IF(ISBLANK(INDEX(Kaleciler!E:E,$Y11)),"",INDEX(Kaleciler!E:E,$Y11)),IF(ISBLANK(INDEX(Stoperler!E:E,$Y11)),"",INDEX(Stoperler!E:E,$Y11)),IF(ISBLANK(INDEX('Sağ Bekler'!E:E,$Y11)),"",INDEX('Sağ Bekler'!E:E,$Y11)),IF(ISBLANK(INDEX('Sol Bekler'!E:E,$Y11)),"",INDEX('Sol Bekler'!E:E,$Y11)),IF(ISBLANK(INDEX('Orta Saha'!E:E,$Y11)),"",INDEX('Orta Saha'!E:E,$Y11)),IF(ISBLANK(INDEX(Kanatlar!E:E,$Y11)),"",INDEX(Kanatlar!E:E,$Y11)),IF(ISBLANK(INDEX(Forvetler!E:E,$Y11)),"",INDEX(Forvetler!E:E,$Y11)))) -> Kanat | F11: =IF($X11="","",CHOOSE($X11,IF(ISBLANK(INDEX(Kaleciler!F:F,$Y11)),"",INDEX(Kaleciler!F:F,$Y11)),IF(ISBLANK(INDEX(Stoperler!F:F,$Y11)),"",INDEX(Stoperler!F:F,$Y11)),IF(ISBLANK(INDEX('Sağ Bekler'!F:F,$Y11)),"",INDEX('Sağ Bekler'!F:F,$Y11)),IF(ISBLANK(INDEX('Sol Bekler'!F:F,$Y11)),"",INDEX('Sol Bekler'!F:F,$Y11)),IF(ISBLANK(INDEX('Orta Saha'!F:F,$Y11)),"",INDEX('Orta Saha'!F:F,$Y11)),IF(ISBLANK(INDEX(Kanatlar!F:F,$Y11)),"",INDEX(Kanatlar!F:F,$Y11)),IF(ISBLANK(INDEX(Forvetler!F:F,$Y11)),"",INDEX(Forvetler!F:F,$Y11)))) -> Sol | G11: =IF($X11="","",CHOOSE($X11,IF(ISBLANK(INDEX(Kaleciler!G:G,$Y11)),"",INDEX(Kaleciler!G:G,$Y11)),IF(ISBLANK(INDEX(Stoperler!G:G,$Y11)),"",INDEX(Stoperler!G:G,$Y11)),IF(ISBLANK(INDEX('Sağ Bekler'!G:G,$Y11)),"",INDEX('Sağ Bekler'!G:G,$Y11)),IF(ISBLANK(INDEX('Sol Bekler'!G:G,$Y11)),"",INDEX('Sol Bekler'!G:G,$Y11)),IF(ISBLANK(INDEX('Orta Saha'!G:G,$Y11)),"",INDEX('Orta Saha'!G:G,$Y11)),IF(ISBLANK(INDEX(Kanatlar!G:G,$Y11)),"",INDEX(Kanatlar!G:G,$Y11)),IF(ISBLANK(INDEX(Forvetler!G:G,$Y11)),"",INDEX(Forvetler!G:G,$Y11)))) -> MUĞLASPOR | H11: =IF($X11="","",CHOOSE($X11,IF(ISBLANK(INDEX(Kaleciler!H:H,$Y11)),"",INDEX(Kaleciler!H:H,$Y11)),IF(ISBLANK(INDEX(Stoperler!H:H,$Y11)),"",INDEX(Stoperler!H:H,$Y11)),IF(ISBLANK(INDEX('Sağ Bekler'!H:H,$Y11)),"",INDEX('Sağ Bekler'!H:H,$Y11)),IF(ISBLANK(INDEX('Sol Bekler'!H:H,$Y11)),"",INDEX('Sol Bekler'!H:H,$Y11)),IF(ISBLANK(INDEX('Orta Saha'!H:H,$Y11)),"",INDEX('Orta Saha'!H:H,$Y11)),IF(ISBLANK(INDEX(Kanatlar!H:H,$Y11)),"",INDEX(Kanatlar!H:H,$Y11)),IF(ISBLANK(INDEX(Forvetler!H:H,$Y11)),"",INDEX(Forvetler!H:H,$Y11)))) -> 1.Lig | I11: =IF($X11="","",CHOOSE($X11,IF(ISBLANK(INDEX(Kaleciler!I:I,$Y11)),"",INDEX(Kaleciler!I:I,$Y11)),IF(ISBLANK(INDEX(Stoperler!I:I,$Y11)),"",INDEX(Stoperler!I:I,$Y11)),IF(ISBLANK(INDEX('Sağ Bekler'!I:I,$Y11)),"",INDEX('Sağ Bekler'!I:I,$Y11)),IF(ISBLANK(INDEX('Sol Bekler'!I:I,$Y11)),"",INDEX('Sol Bekler'!I:I,$Y11)),IF(ISBLANK(INDEX('Orta Saha'!I:I,$Y11)),"",INDEX('Orta Saha'!I:I,$Y11)),IF(ISBLANK(INDEX(Kanatlar!I:I,$Y11)),"",INDEX(Kanatlar!I:I,$Y11)),IF(ISBLANK(INDEX(Forvetler!I:I,$Y11)),"",INDEX(Forvetler!I:I,$Y11)))) -> 46568 | J11: =IF($X11="","",CHOOSE($X11,IF(ISBLANK(INDEX(Kaleciler!J:J,$Y11)),"",INDEX(Kaleciler!J:J,$Y11)),IF(ISBLANK(INDEX(Stoperler!J:J,$Y11)),"",INDEX(Stoperler!J:J,$Y11)),IF(ISBLANK(INDEX('Sağ Bekler'!J:J,$Y11)),"",INDEX('Sağ Bekler'!J:J,$Y11)),IF(ISBLANK(INDEX('Sol Bekler'!J:J,$Y11)),"",INDEX('Sol Bekler'!J:J,$Y11)),IF(ISBLANK(INDEX('Orta Saha'!J:J,$Y11)),"",INDEX('Orta Saha'!J:J,$Y11)),IF(ISBLANK(INDEX(Kanatlar!J:J,$Y11)),"",INDEX(Kanatlar!J:J,$Y11)),IF(ISBLANK(INDEX(Forvetler!J:J,$Y11)),"",INDEX(Forvetler!J:J,$Y11)))) | K11: =IF($X11="","",CHOOSE($X11,IF(ISBLANK(INDEX(Kaleciler!K:K,$Y11)),"",INDEX(Kaleciler!K:K,$Y11)),IF(ISBLANK(INDEX(Stoperler!K:K,$Y11)),"",INDEX(Stoperler!K:K,$Y11)),IF(ISBLANK(INDEX('Sağ Bekler'!K:K,$Y11)),"",INDEX('Sağ Bekler'!K:K,$Y11)),IF(ISBLANK(INDEX('Sol Bekler'!K:K,$Y11)),"",INDEX('Sol Bekler'!K:K,$Y11)),IF(ISBLANK(INDEX('Orta Saha'!K:K,$Y11)),"",INDEX('Orta Saha'!K:K,$Y11)),IF(ISBLANK(INDEX(Kanatlar!K:K,$Y11)),"",INDEX(Kanatlar!K:K,$Y11)),IF(ISBLANK(INDEX(Forvetler!K:K,$Y11)),"",INDEX(Forvetler!K:K,$Y11)))) | L11: =IF($X11="","",CHOOSE($X11,IF(ISBLANK(INDEX(Kaleciler!L:L,$Y11)),"",INDEX(Kaleciler!L:L,$Y11)),IF(ISBLANK(INDEX(Stoperler!L:L,$Y11)),"",INDEX(Stoperler!L:L,$Y11)),IF(ISBLANK(INDEX('Sağ Bekler'!L:L,$Y11)),"",INDEX('Sağ Bekler'!L:L,$Y11)),IF(ISBLANK(INDEX('Sol Bekler'!L:L,$Y11)),"",INDEX('Sol Bekler'!L:L,$Y11)),IF(ISBLANK(INDEX('Orta Saha'!L:L,$Y11)),"",INDEX('Orta Saha'!L:L,$Y11)),IF(ISBLANK(INDEX(Kanatlar!L:L,$Y11)),"",INDEX(Kanatlar!L:L,$Y11)),IF(ISBLANK(INDEX(Forvetler!L:L,$Y11)),"",INDEX(Forvetler!L:L,$Y11)))) | M11: =IF($X11="","",CHOOSE($X11,IF(ISBLANK(INDEX(Kaleciler!M:M,$Y11)),"",INDEX(Kaleciler!M:M,$Y11)),IF(ISBLANK(INDEX(Stoperler!M:M,$Y11)),"",INDEX(Stoperler!M:M,$Y11)),IF(ISBLANK(INDEX('Sağ Bekler'!M:M,$Y11)),"",INDEX('Sağ Bekler'!M:M,$Y11)),IF(ISBLANK(INDEX('Sol Bekler'!M:M,$Y11)),"",INDEX('Sol Bekler'!M:M,$Y11)),IF(ISBLANK(INDEX('Orta Saha'!M:M,$Y11)),"",INDEX('Orta Saha'!M:M,$Y11)),IF(ISBLANK(INDEX(Kanatlar!M:M,$Y11)),"",INDEX(Kanatlar!M:M,$Y11)),IF(ISBLANK(INDEX(Forvetler!M:M,$Y11)),"",INDEX(Forvetler!M:M,$Y11)))) | N11: =IF($X11="","",CHOOSE($X11,IF(ISBLANK(INDEX(Kaleciler!N:N,$Y11)),"",INDEX(Kaleciler!N:N,$Y11)),IF(ISBLANK(INDEX(Stoperler!N:N,$Y11)),"",INDEX(Stoperler!N:N,$Y11)),IF(ISBLANK(INDEX('Sağ Bekler'!N:N,$Y11)),"",INDEX('Sağ Bekler'!N:N,$Y11)),IF(ISBLANK(INDEX('Sol Bekler'!N:N,$Y11)),"",INDEX('Sol Bekler'!N:N,$Y11)),IF(ISBLANK(INDEX('Orta Saha'!N:N,$Y11)),"",INDEX('Orta Saha'!N:N,$Y11)),IF(ISBLANK(INDEX(Kanatlar!N:N,$Y11)),"",INDEX(Kanatlar!N:N,$Y11)),IF(ISBLANK(INDEX(Forvetler!N:N,$Y11)),"",INDEX(Forvetler!N:N,$Y11)))) | O11: =IF($X11="","",CHOOSE($X11,IF(ISBLANK(INDEX(Kaleciler!O:O,$Y11)),"",INDEX(Kaleciler!O:O,$Y11)),IF(ISBLANK(INDEX(Stoperler!O:O,$Y11)),"",INDEX(Stoperler!O:O,$Y11)),IF(ISBLANK(INDEX('Sağ Bekler'!O:O,$Y11)),"",INDEX('Sağ Bekler'!O:O,$Y11)),IF(ISBLANK(INDEX('Sol Bekler'!O:O,$Y11)),"",INDEX('Sol Bekler'!O:O,$Y11)),IF(ISBLANK(INDEX('Orta Saha'!O:O,$Y11)),"",INDEX('Orta Saha'!O:O,$Y11)),IF(ISBLANK(INDEX(Kanatlar!O:O,$Y11)),"",INDEX(Kanatlar!O:O,$Y11)),IF(ISBLANK(INDEX(Forvetler!O:O,$Y11)),"",INDEX(Forvetler!O:O,$Y11)))) | P11: =IF($X11="","",CHOOSE($X11,IF(ISBLANK(INDEX(Kaleciler!P:P,$Y11)),"",INDEX(Kaleciler!P:P,$Y11)),IF(ISBLANK(INDEX(Stoperler!P:P,$Y11)),"",INDEX(Stoperler!P:P,$Y11)),IF(ISBLANK(INDEX('Sağ Bekler'!P:P,$Y11)),"",INDEX('Sağ Bekler'!P:P,$Y11)),IF(ISBLANK(INDEX('Sol Bekler'!P:P,$Y11)),"",INDEX('Sol Bekler'!P:P,$Y11)),IF(ISBLANK(INDEX('Orta Saha'!P:P,$Y11)),"",INDEX('Orta Saha'!P:P,$Y11)),IF(ISBLANK(INDEX(Kanatlar!P:P,$Y11)),"",INDEX(Kanatlar!P:P,$Y11)),IF(ISBLANK(INDEX(Forvetler!P:P,$Y11)),"",INDEX(Forvetler!P:P,$Y11)))) | Q11: =IF($X11="","",CHOOSE($X11,IF(ISBLANK(INDEX(Kaleciler!Q:Q,$Y11)),"",INDEX(Kaleciler!Q:Q,$Y11)),IF(ISBLANK(INDEX(Stoperler!Q:Q,$Y11)),"",INDEX(Stoperler!Q:Q,$Y11)),IF(ISBLANK(INDEX('Sağ Bekler'!Q:Q,$Y11)),"",INDEX('Sağ Bekler'!Q:Q,$Y11)),IF(ISBLANK(INDEX('Sol Bekler'!Q:Q,$Y11)),"",INDEX('Sol Bekler'!Q:Q,$Y11)),IF(ISBLANK(INDEX('Orta Saha'!Q:Q,$Y11)),"",INDEX('Orta Saha'!Q:Q,$Y11)),IF(ISBLANK(INDEX(Kanatlar!Q:Q,$Y11)),"",INDEX(Kanatlar!Q:Q,$Y11)),IF(ISBLANK(INDEX(Forvetler!Q:Q,$Y11)),"",INDEX(Forvetler!Q:Q,$Y11)))) -> A Liste | R11: =IF($X11="","",CHOOSE($X11,IF(ISBLANK(INDEX(Kaleciler!R:R,$Y11)),"",INDEX(Kaleciler!R:R,$Y11)),IF(ISBLANK(INDEX(Stoperler!R:R,$Y11)),"",INDEX(Stoperler!R:R,$Y11)),IF(ISBLANK(INDEX('Sağ Bekler'!R:R,$Y11)),"",INDEX('Sağ Bekler'!R:R,$Y11)),IF(ISBLANK(INDEX('Sol Bekler'!R:R,$Y11)),"",INDEX('Sol Bekler'!R:R,$Y11)),IF(ISBLANK(INDEX('Orta Saha'!R:R,$Y11)),"",INDEX('Orta Saha'!R:R,$Y11)),IF(ISBLANK(INDEX(Kanatlar!R:R,$Y11)),"",INDEX(Kanatlar!R:R,$Y11)),IF(ISBLANK(INDEX(Forvetler!R:R,$Y11)),"",INDEX(Forvetler!R:R,$Y11)))) | S11: =IF($X11="","",CHOOSE($X11,IF(ISBLANK(INDEX(Kaleciler!S:S,$Y11)),"",INDEX(Kaleciler!S:S,$Y11)),IF(ISBLANK(INDEX(Stoperler!S:S,$Y11)),"",INDEX(Stoperler!S:S,$Y11)),IF(ISBLANK(INDEX('Sağ Bekler'!S:S,$Y11)),"",INDEX('Sağ Bekler'!S:S,$Y11)),IF(ISBLANK(INDEX('Sol Bekler'!S:S,$Y11)),"",INDEX('Sol Bekler'!S:S,$Y11)),IF(ISBLANK(INDEX('Orta Saha'!S:S,$Y11)),"",INDEX('Orta Saha'!S:S,$Y11)),IF(ISBLANK(INDEX(Kanatlar!S:S,$Y11)),"",INDEX(Kanatlar!S:S,$Y11)),IF(ISBLANK(INDEX(Forvetler!S:S,$Y11)),"",INDEX(Forvetler!S:S,$Y11)))) | T11: =IF($X11="","",CHOOSE($X11,IF(ISBLANK(INDEX(Kaleciler!T:T,$Y11)),"",INDEX(Kaleciler!T:T,$Y11)),IF(ISBLANK(INDEX(Stoperler!T:T,$Y11)),"",INDEX(Stoperler!T:T,$Y11)),IF(ISBLANK(INDEX('Sağ Bekler'!T:T,$Y11)),"",INDEX('Sağ Bekler'!T:T,$Y11)),IF(ISBLANK(INDEX('Sol Bekler'!T:T,$Y11)),"",INDEX('Sol Bekler'!T:T,$Y11)),IF(ISBLANK(INDEX('Orta Saha'!T:T,$Y11)),"",INDEX('Orta Saha'!T:T,$Y11)),IF(ISBLANK(INDEX(Kanatlar!T:T,$Y11)),"",INDEX(Kanatlar!T:T,$Y11)),IF(ISBLANK(INDEX(Forvetler!T:T,$Y11)),"",INDEX(Forvetler!T:T,$Y11)))) | U11: 1 | V11: 11 | W11: =IF(Kaleciler!$Q$11="A Liste",COUNT($W$3:W10)+1,"") | X11: =IFERROR(INDEX($U$4:$U$703,MATCH(ROWS($X$4:X11),$W$4:$W$703,0)),"") -> 6 | Y11: =IFERROR(INDEX($V$4:$V$703,MATCH(ROWS($Y$4:Y11),$W$4:$W$703,0)),"") -> 8
A12: =IF($X12="","",CHOOSE($X12,IF(ISBLANK(INDEX(Kaleciler!A:A,$Y12)),"",INDEX(Kaleciler!A:A,$Y12)),IF(ISBLANK(INDEX(Stoperler!A:A,$Y12)),"",INDEX(Stoperler!A:A,$Y12)),IF(ISBLANK(INDEX('Sağ Bekler'!A:A,$Y12)),"",INDEX('Sağ Bekler'!A:A,$Y12)),IF(ISBLANK(INDEX('Sol Bekler'!A:A,$Y12)),"",INDEX('Sol Bekler'!A:A,$Y12)),IF(ISBLANK(INDEX('Orta Saha'!A:A,$Y12)),"",INDEX('Orta Saha'!A:A,$Y12)),IF(ISBLANK(INDEX(Kanatlar!A:A,$Y12)),"",INDEX(Kanatlar!A:A,$Y12)),IF(ISBLANK(INDEX(Forvetler!A:A,$Y12)),"",INDEX(Forvetler!A:A,$Y12)))) -> 6 | B12: =IF($X12="","",CHOOSE($X12,IF(ISBLANK(INDEX(Kaleciler!B:B,$Y12)),"",INDEX(Kaleciler!B:B,$Y12)),IF(ISBLANK(INDEX(Stoperler!B:B,$Y12)),"",INDEX(Stoperler!B:B,$Y12)),IF(ISBLANK(INDEX('Sağ Bekler'!B:B,$Y12)),"",INDEX('Sağ Bekler'!B:B,$Y12)),IF(ISBLANK(INDEX('Sol Bekler'!B:B,$Y12)),"",INDEX('Sol Bekler'!B:B,$Y12)),IF(ISBLANK(INDEX('Orta Saha'!B:B,$Y12)),"",INDEX('Orta Saha'!B:B,$Y12)),IF(ISBLANK(INDEX(Kanatlar!B:B,$Y12)),"",INDEX(Kanatlar!B:B,$Y12)),IF(ISBLANK(INDEX(Forvetler!B:B,$Y12)),"",INDEX(Forvetler!B:B,$Y12)))) -> ONURALP ÇAKIROĞLU | C12: =IF($X12="","",CHOOSE($X12,IF(ISBLANK(INDEX(Kaleciler!C:C,$Y12)),"",INDEX(Kaleciler!C:C,$Y12)),IF(ISBLANK(INDEX(Stoperler!C:C,$Y12)),"",INDEX(Stoperler!C:C,$Y12)),IF(ISBLANK(INDEX('Sağ Bekler'!C:C,$Y12)),"",INDEX('Sağ Bekler'!C:C,$Y12)),IF(ISBLANK(INDEX('Sol Bekler'!C:C,$Y12)),"",INDEX('Sol Bekler'!C:C,$Y12)),IF(ISBLANK(INDEX('Orta Saha'!C:C,$Y12)),"",INDEX('Orta Saha'!C:C,$Y12)),IF(ISBLANK(INDEX(Kanatlar!C:C,$Y12)),"",INDEX(Kanatlar!C:C,$Y12)),IF(ISBLANK(INDEX(Forvetler!C:C,$Y12)),"",INDEX(Forvetler!C:C,$Y12)))) -> 39421 | D12: =IF($X12="","",CHOOSE($X12,IF(ISBLANK(INDEX(Kaleciler!D:D,$Y12)),"",INDEX(Kaleciler!D:D,$Y12)),IF(ISBLANK(INDEX(Stoperler!D:D,$Y12)),"",INDEX(Stoperler!D:D,$Y12)),IF(ISBLANK(INDEX('Sağ Bekler'!D:D,$Y12)),"",INDEX('Sağ Bekler'!D:D,$Y12)),IF(ISBLANK(INDEX('Sol Bekler'!D:D,$Y12)),"",INDEX('Sol Bekler'!D:D,$Y12)),IF(ISBLANK(INDEX('Orta Saha'!D:D,$Y12)),"",INDEX('Orta Saha'!D:D,$Y12)),IF(ISBLANK(INDEX(Kanatlar!D:D,$Y12)),"",INDEX(Kanatlar!D:D,$Y12)),IF(ISBLANK(INDEX(Forvetler!D:D,$Y12)),"",INDEX(Forvetler!D:D,$Y12)))) -> 18 | E12: =IF($X12="","",CHOOSE($X12,IF(ISBLANK(INDEX(Kaleciler!E:E,$Y12)),"",INDEX(Kaleciler!E:E,$Y12)),IF(ISBLANK(INDEX(Stoperler!E:E,$Y12)),"",INDEX(Stoperler!E:E,$Y12)),IF(ISBLANK(INDEX('Sağ Bekler'!E:E,$Y12)),"",INDEX('Sağ Bekler'!E:E,$Y12)),IF(ISBLANK(INDEX('Sol Bekler'!E:E,$Y12)),"",INDEX('Sol Bekler'!E:E,$Y12)),IF(ISBLANK(INDEX('Orta Saha'!E:E,$Y12)),"",INDEX('Orta Saha'!E:E,$Y12)),IF(ISBLANK(INDEX(Kanatlar!E:E,$Y12)),"",INDEX(Kanatlar!E:E,$Y12)),IF(ISBLANK(INDEX(Forvetler!E:E,$Y12)),"",INDEX(Forvetler!E:E,$Y12)))) -> Kanat | F12: =IF($X12="","",CHOOSE($X12,IF(ISBLANK(INDEX(Kaleciler!F:F,$Y12)),"",INDEX(Kaleciler!F:F,$Y12)),IF(ISBLANK(INDEX(Stoperler!F:F,$Y12)),"",INDEX(Stoperler!F:F,$Y12)),IF(ISBLANK(INDEX('Sağ Bekler'!F:F,$Y12)),"",INDEX('Sağ Bekler'!F:F,$Y12)),IF(ISBLANK(INDEX('Sol Bekler'!F:F,$Y12)),"",INDEX('Sol Bekler'!F:F,$Y12)),IF(ISBLANK(INDEX('Orta Saha'!F:F,$Y12)),"",INDEX('Orta Saha'!F:F,$Y12)),IF(ISBLANK(INDEX(Kanatlar!F:F,$Y12)),"",INDEX(Kanatlar!F:F,$Y12)),IF(ISBLANK(INDEX(Forvetler!F:F,$Y12)),"",INDEX(Forvetler!F:F,$Y12)))) -> Sol | G12: =IF($X12="","",CHOOSE($X12,IF(ISBLANK(INDEX(Kaleciler!G:G,$Y12)),"",INDEX(Kaleciler!G:G,$Y12)),IF(ISBLANK(INDEX(Stoperler!G:G,$Y12)),"",INDEX(Stoperler!G:G,$Y12)),IF(ISBLANK(INDEX('Sağ Bekler'!G:G,$Y12)),"",INDEX('Sağ Bekler'!G:G,$Y12)),IF(ISBLANK(INDEX('Sol Bekler'!G:G,$Y12)),"",INDEX('Sol Bekler'!G:G,$Y12)),IF(ISBLANK(INDEX('Orta Saha'!G:G,$Y12)),"",INDEX('Orta Saha'!G:G,$Y12)),IF(ISBLANK(INDEX(Kanatlar!G:G,$Y12)),"",INDEX(Kanatlar!G:G,$Y12)),IF(ISBLANK(INDEX(Forvetler!G:G,$Y12)),"",INDEX(Forvetler!G:G,$Y12)))) -> PENDİKSPOR | H12: =IF($X12="","",CHOOSE($X12,IF(ISBLANK(INDEX(Kaleciler!H:H,$Y12)),"",INDEX(Kaleciler!H:H,$Y12)),IF(ISBLANK(INDEX(Stoperler!H:H,$Y12)),"",INDEX(Stoperler!H:H,$Y12)),IF(ISBLANK(INDEX('Sağ Bekler'!H:H,$Y12)),"",INDEX('Sağ Bekler'!H:H,$Y12)),IF(ISBLANK(INDEX('Sol Bekler'!H:H,$Y12)),"",INDEX('Sol Bekler'!H:H,$Y12)),IF(ISBLANK(INDEX('Orta Saha'!H:H,$Y12)),"",INDEX('Orta Saha'!H:H,$Y12)),IF(ISBLANK(INDEX(Kanatlar!H:H,$Y12)),"",INDEX(Kanatlar!H:H,$Y12)),IF(ISBLANK(INDEX(Forvetler!H:H,$Y12)),"",INDEX(Forvetler!H:H,$Y12)))) -> 1.Lig | I12: =IF($X12="","",CHOOSE($X12,IF(ISBLANK(INDEX(Kaleciler!I:I,$Y12)),"",INDEX(Kaleciler!I:I,$Y12)),IF(ISBLANK(INDEX(Stoperler!I:I,$Y12)),"",INDEX(Stoperler!I:I,$Y12)),IF(ISBLANK(INDEX('Sağ Bekler'!I:I,$Y12)),"",INDEX('Sağ Bekler'!I:I,$Y12)),IF(ISBLANK(INDEX('Sol Bekler'!I:I,$Y12)),"",INDEX('Sol Bekler'!I:I,$Y12)),IF(ISBLANK(INDEX('Orta Saha'!I:I,$Y12)),"",INDEX('Orta Saha'!I:I,$Y12)),IF(ISBLANK(INDEX(Kanatlar!I:I,$Y12)),"",INDEX(Kanatlar!I:I,$Y12)),IF(ISBLANK(INDEX(Forvetler!I:I,$Y12)),"",INDEX(Forvetler!I:I,$Y12)))) -> 46934 | J12: =IF($X12="","",CHOOSE($X12,IF(ISBLANK(INDEX(Kaleciler!J:J,$Y12)),"",INDEX(Kaleciler!J:J,$Y12)),IF(ISBLANK(INDEX(Stoperler!J:J,$Y12)),"",INDEX(Stoperler!J:J,$Y12)),IF(ISBLANK(INDEX('Sağ Bekler'!J:J,$Y12)),"",INDEX('Sağ Bekler'!J:J,$Y12)),IF(ISBLANK(INDEX('Sol Bekler'!J:J,$Y12)),"",INDEX('Sol Bekler'!J:J,$Y12)),IF(ISBLANK(INDEX('Orta Saha'!J:J,$Y12)),"",INDEX('Orta Saha'!J:J,$Y12)),IF(ISBLANK(INDEX(Kanatlar!J:J,$Y12)),"",INDEX(Kanatlar!J:J,$Y12)),IF(ISBLANK(INDEX(Forvetler!J:J,$Y12)),"",INDEX(Forvetler!J:J,$Y12)))) | K12: =IF($X12="","",CHOOSE($X12,IF(ISBLANK(INDEX(Kaleciler!K:K,$Y12)),"",INDEX(Kaleciler!K:K,$Y12)),IF(ISBLANK(INDEX(Stoperler!K:K,$Y12)),"",INDEX(Stoperler!K:K,$Y12)),IF(ISBLANK(INDEX('Sağ Bekler'!K:K,$Y12)),"",INDEX('Sağ Bekler'!K:K,$Y12)),IF(ISBLANK(INDEX('Sol Bekler'!K:K,$Y12)),"",INDEX('Sol Bekler'!K:K,$Y12)),IF(ISBLANK(INDEX('Orta Saha'!K:K,$Y12)),"",INDEX('Orta Saha'!K:K,$Y12)),IF(ISBLANK(INDEX(Kanatlar!K:K,$Y12)),"",INDEX(Kanatlar!K:K,$Y12)),IF(ISBLANK(INDEX(Forvetler!K:K,$Y12)),"",INDEX(Forvetler!K:K,$Y12)))) | L12: =IF($X12="","",CHOOSE($X12,IF(ISBLANK(INDEX(Kaleciler!L:L,$Y12)),"",INDEX(Kaleciler!L:L,$Y12)),IF(ISBLANK(INDEX(Stoperler!L:L,$Y12)),"",INDEX(Stoperler!L:L,$Y12)),IF(ISBLANK(INDEX('Sağ Bekler'!L:L,$Y12)),"",INDEX('Sağ Bekler'!L:L,$Y12)),IF(ISBLANK(INDEX('Sol Bekler'!L:L,$Y12)),"",INDEX('Sol Bekler'!L:L,$Y12)),IF(ISBLANK(INDEX('Orta Saha'!L:L,$Y12)),"",INDEX('Orta Saha'!L:L,$Y12)),IF(ISBLANK(INDEX(Kanatlar!L:L,$Y12)),"",INDEX(Kanatlar!L:L,$Y12)),IF(ISBLANK(INDEX(Forvetler!L:L,$Y12)),"",INDEX(Forvetler!L:L,$Y12)))) | M12: =IF($X12="","",CHOOSE($X12,IF(ISBLANK(INDEX(Kaleciler!M:M,$Y12)),"",INDEX(Kaleciler!M:M,$Y12)),IF(ISBLANK(INDEX(Stoperler!M:M,$Y12)),"",INDEX(Stoperler!M:M,$Y12)),IF(ISBLANK(INDEX('Sağ Bekler'!M:M,$Y12)),"",INDEX('Sağ Bekler'!M:M,$Y12)),IF(ISBLANK(INDEX('Sol Bekler'!M:M,$Y12)),"",INDEX('Sol Bekler'!M:M,$Y12)),IF(ISBLANK(INDEX('Orta Saha'!M:M,$Y12)),"",INDEX('Orta Saha'!M:M,$Y12)),IF(ISBLANK(INDEX(Kanatlar!M:M,$Y12)),"",INDEX(Kanatlar!M:M,$Y12)),IF(ISBLANK(INDEX(Forvetler!M:M,$Y12)),"",INDEX(Forvetler!M:M,$Y12)))) | N12: =IF($X12="","",CHOOSE($X12,IF(ISBLANK(INDEX(Kaleciler!N:N,$Y12)),"",INDEX(Kaleciler!N:N,$Y12)),IF(ISBLANK(INDEX(Stoperler!N:N,$Y12)),"",INDEX(Stoperler!N:N,$Y12)),IF(ISBLANK(INDEX('Sağ Bekler'!N:N,$Y12)),"",INDEX('Sağ Bekler'!N:N,$Y12)),IF(ISBLANK(INDEX('Sol Bekler'!N:N,$Y12)),"",INDEX('Sol Bekler'!N:N,$Y12)),IF(ISBLANK(INDEX('Orta Saha'!N:N,$Y12)),"",INDEX('Orta Saha'!N:N,$Y12)),IF(ISBLANK(INDEX(Kanatlar!N:N,$Y12)),"",INDEX(Kanatlar!N:N,$Y12)),IF(ISBLANK(INDEX(Forvetler!N:N,$Y12)),"",INDEX(Forvetler!N:N,$Y12)))) | O12: =IF($X12="","",CHOOSE($X12,IF(ISBLANK(INDEX(Kaleciler!O:O,$Y12)),"",INDEX(Kaleciler!O:O,$Y12)),IF(ISBLANK(INDEX(Stoperler!O:O,$Y12)),"",INDEX(Stoperler!O:O,$Y12)),IF(ISBLANK(INDEX('Sağ Bekler'!O:O,$Y12)),"",INDEX('Sağ Bekler'!O:O,$Y12)),IF(ISBLANK(INDEX('Sol Bekler'!O:O,$Y12)),"",INDEX('Sol Bekler'!O:O,$Y12)),IF(ISBLANK(INDEX('Orta Saha'!O:O,$Y12)),"",INDEX('Orta Saha'!O:O,$Y12)),IF(ISBLANK(INDEX(Kanatlar!O:O,$Y12)),"",INDEX(Kanatlar!O:O,$Y12)),IF(ISBLANK(INDEX(Forvetler!O:O,$Y12)),"",INDEX(Forvetler!O:O,$Y12)))) | P12: =IF($X12="","",CHOOSE($X12,IF(ISBLANK(INDEX(Kaleciler!P:P,$Y12)),"",INDEX(Kaleciler!P:P,$Y12)),IF(ISBLANK(INDEX(Stoperler!P:P,$Y12)),"",INDEX(Stoperler!P:P,$Y12)),IF(ISBLANK(INDEX('Sağ Bekler'!P:P,$Y12)),"",INDEX('Sağ Bekler'!P:P,$Y12)),IF(ISBLANK(INDEX('Sol Bekler'!P:P,$Y12)),"",INDEX('Sol Bekler'!P:P,$Y12)),IF(ISBLANK(INDEX('Orta Saha'!P:P,$Y12)),"",INDEX('Orta Saha'!P:P,$Y12)),IF(ISBLANK(INDEX(Kanatlar!P:P,$Y12)),"",INDEX(Kanatlar!P:P,$Y12)),IF(ISBLANK(INDEX(Forvetler!P:P,$Y12)),"",INDEX(Forvetler!P:P,$Y12)))) | Q12: =IF($X12="","",CHOOSE($X12,IF(ISBLANK(INDEX(Kaleciler!Q:Q,$Y12)),"",INDEX(Kaleciler!Q:Q,$Y12)),IF(ISBLANK(INDEX(Stoperler!Q:Q,$Y12)),"",INDEX(Stoperler!Q:Q,$Y12)),IF(ISBLANK(INDEX('Sağ Bekler'!Q:Q,$Y12)),"",INDEX('Sağ Bekler'!Q:Q,$Y12)),IF(ISBLANK(INDEX('Sol Bekler'!Q:Q,$Y12)),"",INDEX('Sol Bekler'!Q:Q,$Y12)),IF(ISBLANK(INDEX('Orta Saha'!Q:Q,$Y12)),"",INDEX('Orta Saha'!Q:Q,$Y12)),IF(ISBLANK(INDEX(Kanatlar!Q:Q,$Y12)),"",INDEX(Kanatlar!Q:Q,$Y12)),IF(ISBLANK(INDEX(Forvetler!Q:Q,$Y12)),"",INDEX(Forvetler!Q:Q,$Y12)))) -> A Liste | R12: =IF($X12="","",CHOOSE($X12,IF(ISBLANK(INDEX(Kaleciler!R:R,$Y12)),"",INDEX(Kaleciler!R:R,$Y12)),IF(ISBLANK(INDEX(Stoperler!R:R,$Y12)),"",INDEX(Stoperler!R:R,$Y12)),IF(ISBLANK(INDEX('Sağ Bekler'!R:R,$Y12)),"",INDEX('Sağ Bekler'!R:R,$Y12)),IF(ISBLANK(INDEX('Sol Bekler'!R:R,$Y12)),"",INDEX('Sol Bekler'!R:R,$Y12)),IF(ISBLANK(INDEX('Orta Saha'!R:R,$Y12)),"",INDEX('Orta Saha'!R:R,$Y12)),IF(ISBLANK(INDEX(Kanatlar!R:R,$Y12)),"",INDEX(Kanatlar!R:R,$Y12)),IF(ISBLANK(INDEX(Forvetler!R:R,$Y12)),"",INDEX(Forvetler!R:R,$Y12)))) | S12: =IF($X12="","",CHOOSE($X12,IF(ISBLANK(INDEX(Kaleciler!S:S,$Y12)),"",INDEX(Kaleciler!S:S,$Y12)),IF(ISBLANK(INDEX(Stoperler!S:S,$Y12)),"",INDEX(Stoperler!S:S,$Y12)),IF(ISBLANK(INDEX('Sağ Bekler'!S:S,$Y12)),"",INDEX('Sağ Bekler'!S:S,$Y12)),IF(ISBLANK(INDEX('Sol Bekler'!S:S,$Y12)),"",INDEX('Sol Bekler'!S:S,$Y12)),IF(ISBLANK(INDEX('Orta Saha'!S:S,$Y12)),"",INDEX('Orta Saha'!S:S,$Y12)),IF(ISBLANK(INDEX(Kanatlar!S:S,$Y12)),"",INDEX(Kanatlar!S:S,$Y12)),IF(ISBLANK(INDEX(Forvetler!S:S,$Y12)),"",INDEX(Forvetler!S:S,$Y12)))) | T12: =IF($X12="","",CHOOSE($X12,IF(ISBLANK(INDEX(Kaleciler!T:T,$Y12)),"",INDEX(Kaleciler!T:T,$Y12)),IF(ISBLANK(INDEX(Stoperler!T:T,$Y12)),"",INDEX(Stoperler!T:T,$Y12)),IF(ISBLANK(INDEX('Sağ Bekler'!T:T,$Y12)),"",INDEX('Sağ Bekler'!T:T,$Y12)),IF(ISBLANK(INDEX('Sol Bekler'!T:T,$Y12)),"",INDEX('Sol Bekler'!T:T,$Y12)),IF(ISBLANK(INDEX('Orta Saha'!T:T,$Y12)),"",INDEX('Orta Saha'!T:T,$Y12)),IF(ISBLANK(INDEX(Kanatlar!T:T,$Y12)),"",INDEX(Kanatlar!T:T,$Y12)),IF(ISBLANK(INDEX(Forvetler!T:T,$Y12)),"",INDEX(Forvetler!T:T,$Y12)))) | U12: 1 | V12: 12 | W12: =IF(Kaleciler!$Q$12="A Liste",COUNT($W$3:W11)+1,"") | X12: =IFERROR(INDEX($U$4:$U$703,MATCH(ROWS($X$4:X12),$W$4:$W$703,0)),"") -> 6 | Y12: =IFERROR(INDEX($V$4:$V$703,MATCH(ROWS($Y$4:Y12),$W$4:$W$703,0)),"") -> 9
A13: =IF($X13="","",CHOOSE($X13,IF(ISBLANK(INDEX(Kaleciler!A:A,$Y13)),"",INDEX(Kaleciler!A:A,$Y13)),IF(ISBLANK(INDEX(Stoperler!A:A,$Y13)),"",INDEX(Stoperler!A:A,$Y13)),IF(ISBLANK(INDEX('Sağ Bekler'!A:A,$Y13)),"",INDEX('Sağ Bekler'!A:A,$Y13)),IF(ISBLANK(INDEX('Sol Bekler'!A:A,$Y13)),"",INDEX('Sol Bekler'!A:A,$Y13)),IF(ISBLANK(INDEX('Orta Saha'!A:A,$Y13)),"",INDEX('Orta Saha'!A:A,$Y13)),IF(ISBLANK(INDEX(Kanatlar!A:A,$Y13)),"",INDEX(Kanatlar!A:A,$Y13)),IF(ISBLANK(INDEX(Forvetler!A:A,$Y13)),"",INDEX(Forvetler!A:A,$Y13)))) -> 14 | B13: =IF($X13="","",CHOOSE($X13,IF(ISBLANK(INDEX(Kaleciler!B:B,$Y13)),"",INDEX(Kaleciler!B:B,$Y13)),IF(ISBLANK(INDEX(Stoperler!B:B,$Y13)),"",INDEX(Stoperler!B:B,$Y13)),IF(ISBLANK(INDEX('Sağ Bekler'!B:B,$Y13)),"",INDEX('Sağ Bekler'!B:B,$Y13)),IF(ISBLANK(INDEX('Sol Bekler'!B:B,$Y13)),"",INDEX('Sol Bekler'!B:B,$Y13)),IF(ISBLANK(INDEX('Orta Saha'!B:B,$Y13)),"",INDEX('Orta Saha'!B:B,$Y13)),IF(ISBLANK(INDEX(Kanatlar!B:B,$Y13)),"",INDEX(Kanatlar!B:B,$Y13)),IF(ISBLANK(INDEX(Forvetler!B:B,$Y13)),"",INDEX(Forvetler!B:B,$Y13)))) -> AMIDOU BADJI | C13: =IF($X13="","",CHOOSE($X13,IF(ISBLANK(INDEX(Kaleciler!C:C,$Y13)),"",INDEX(Kaleciler!C:C,$Y13)),IF(ISBLANK(INDEX(Stoperler!C:C,$Y13)),"",INDEX(Stoperler!C:C,$Y13)),IF(ISBLANK(INDEX('Sağ Bekler'!C:C,$Y13)),"",INDEX('Sağ Bekler'!C:C,$Y13)),IF(ISBLANK(INDEX('Sol Bekler'!C:C,$Y13)),"",INDEX('Sol Bekler'!C:C,$Y13)),IF(ISBLANK(INDEX('Orta Saha'!C:C,$Y13)),"",INDEX('Orta Saha'!C:C,$Y13)),IF(ISBLANK(INDEX(Kanatlar!C:C,$Y13)),"",INDEX(Kanatlar!C:C,$Y13)),IF(ISBLANK(INDEX(Forvetler!C:C,$Y13)),"",INDEX(Forvetler!C:C,$Y13)))) -> 38896 | D13: =IF($X13="","",CHOOSE($X13,IF(ISBLANK(INDEX(Kaleciler!D:D,$Y13)),"",INDEX(Kaleciler!D:D,$Y13)),IF(ISBLANK(INDEX(Stoperler!D:D,$Y13)),"",INDEX(Stoperler!D:D,$Y13)),IF(ISBLANK(INDEX('Sağ Bekler'!D:D,$Y13)),"",INDEX('Sağ Bekler'!D:D,$Y13)),IF(ISBLANK(INDEX('Sol Bekler'!D:D,$Y13)),"",INDEX('Sol Bekler'!D:D,$Y13)),IF(ISBLANK(INDEX('Orta Saha'!D:D,$Y13)),"",INDEX('Orta Saha'!D:D,$Y13)),IF(ISBLANK(INDEX(Kanatlar!D:D,$Y13)),"",INDEX(Kanatlar!D:D,$Y13)),IF(ISBLANK(INDEX(Forvetler!D:D,$Y13)),"",INDEX(Forvetler!D:D,$Y13)))) -> 20 | E13: =IF($X13="","",CHOOSE($X13,IF(ISBLANK(INDEX(Kaleciler!E:E,$Y13)),"",INDEX(Kaleciler!E:E,$Y13)),IF(ISBLANK(INDEX(Stoperler!E:E,$Y13)),"",INDEX(Stoperler!E:E,$Y13)),IF(ISBLANK(INDEX('Sağ Bekler'!E:E,$Y13)),"",INDEX('Sağ Bekler'!E:E,$Y13)),IF(ISBLANK(INDEX('Sol Bekler'!E:E,$Y13)),"",INDEX('Sol Bekler'!E:E,$Y13)),IF(ISBLANK(INDEX('Orta Saha'!E:E,$Y13)),"",INDEX('Orta Saha'!E:E,$Y13)),IF(ISBLANK(INDEX(Kanatlar!E:E,$Y13)),"",INDEX(Kanatlar!E:E,$Y13)),IF(ISBLANK(INDEX(Forvetler!E:E,$Y13)),"",INDEX(Forvetler!E:E,$Y13)))) -> Kanat | F13: =IF($X13="","",CHOOSE($X13,IF(ISBLANK(INDEX(Kaleciler!F:F,$Y13)),"",INDEX(Kaleciler!F:F,$Y13)),IF(ISBLANK(INDEX(Stoperler!F:F,$Y13)),"",INDEX(Stoperler!F:F,$Y13)),IF(ISBLANK(INDEX('Sağ Bekler'!F:F,$Y13)),"",INDEX('Sağ Bekler'!F:F,$Y13)),IF(ISBLANK(INDEX('Sol Bekler'!F:F,$Y13)),"",INDEX('Sol Bekler'!F:F,$Y13)),IF(ISBLANK(INDEX('Orta Saha'!F:F,$Y13)),"",INDEX('Orta Saha'!F:F,$Y13)),IF(ISBLANK(INDEX(Kanatlar!F:F,$Y13)),"",INDEX(Kanatlar!F:F,$Y13)),IF(ISBLANK(INDEX(Forvetler!F:F,$Y13)),"",INDEX(Forvetler!F:F,$Y13)))) -> Sağ | G13: =IF($X13="","",CHOOSE($X13,IF(ISBLANK(INDEX(Kaleciler!G:G,$Y13)),"",INDEX(Kaleciler!G:G,$Y13)),IF(ISBLANK(INDEX(Stoperler!G:G,$Y13)),"",INDEX(Stoperler!G:G,$Y13)),IF(ISBLANK(INDEX('Sağ Bekler'!G:G,$Y13)),"",INDEX('Sağ Bekler'!G:G,$Y13)),IF(ISBLANK(INDEX('Sol Bekler'!G:G,$Y13)),"",INDEX('Sol Bekler'!G:G,$Y13)),IF(ISBLANK(INDEX('Orta Saha'!G:G,$Y13)),"",INDEX('Orta Saha'!G:G,$Y13)),IF(ISBLANK(INDEX(Kanatlar!G:G,$Y13)),"",INDEX(Kanatlar!G:G,$Y13)),IF(ISBLANK(INDEX(Forvetler!G:G,$Y13)),"",INDEX(Forvetler!G:G,$Y13)))) -> BANDIRMSPOR | H13: =IF($X13="","",CHOOSE($X13,IF(ISBLANK(INDEX(Kaleciler!H:H,$Y13)),"",INDEX(Kaleciler!H:H,$Y13)),IF(ISBLANK(INDEX(Stoperler!H:H,$Y13)),"",INDEX(Stoperler!H:H,$Y13)),IF(ISBLANK(INDEX('Sağ Bekler'!H:H,$Y13)),"",INDEX('Sağ Bekler'!H:H,$Y13)),IF(ISBLANK(INDEX('Sol Bekler'!H:H,$Y13)),"",INDEX('Sol Bekler'!H:H,$Y13)),IF(ISBLANK(INDEX('Orta Saha'!H:H,$Y13)),"",INDEX('Orta Saha'!H:H,$Y13)),IF(ISBLANK(INDEX(Kanatlar!H:H,$Y13)),"",INDEX(Kanatlar!H:H,$Y13)),IF(ISBLANK(INDEX(Forvetler!H:H,$Y13)),"",INDEX(Forvetler!H:H,$Y13)))) -> 1.Lig | I13: =IF($X13="","",CHOOSE($X13,IF(ISBLANK(INDEX(Kaleciler!I:I,$Y13)),"",INDEX(Kaleciler!I:I,$Y13)),IF(ISBLANK(INDEX(Stoperler!I:I,$Y13)),"",INDEX(Stoperler!I:I,$Y13)),IF(ISBLANK(INDEX('Sağ Bekler'!I:I,$Y13)),"",INDEX('Sağ Bekler'!I:I,$Y13)),IF(ISBLANK(INDEX('Sol Bekler'!I:I,$Y13)),"",INDEX('Sol Bekler'!I:I,$Y13)),IF(ISBLANK(INDEX('Orta Saha'!I:I,$Y13)),"",INDEX('Orta Saha'!I:I,$Y13)),IF(ISBLANK(INDEX(Kanatlar!I:I,$Y13)),"",INDEX(Kanatlar!I:I,$Y13)),IF(ISBLANK(INDEX(Forvetler!I:I,$Y13)),"",INDEX(Forvetler!I:I,$Y13)))) -> 46934 | J13: =IF($X13="","",CHOOSE($X13,IF(ISBLANK(INDEX(Kaleciler!J:J,$Y13)),"",INDEX(Kaleciler!J:J,$Y13)),IF(ISBLANK(INDEX(Stoperler!J:J,$Y13)),"",INDEX(Stoperler!J:J,$Y13)),IF(ISBLANK(INDEX('Sağ Bekler'!J:J,$Y13)),"",INDEX('Sağ Bekler'!J:J,$Y13)),IF(ISBLANK(INDEX('Sol Bekler'!J:J,$Y13)),"",INDEX('Sol Bekler'!J:J,$Y13)),IF(ISBLANK(INDEX('Orta Saha'!J:J,$Y13)),"",INDEX('Orta Saha'!J:J,$Y13)),IF(ISBLANK(INDEX(Kanatlar!J:J,$Y13)),"",INDEX(Kanatlar!J:J,$Y13)),IF(ISBLANK(INDEX(Forvetler!J:J,$Y13)),"",INDEX(Forvetler!J:J,$Y13)))) | K13: =IF($X13="","",CHOOSE($X13,IF(ISBLANK(INDEX(Kaleciler!K:K,$Y13)),"",INDEX(Kaleciler!K:K,$Y13)),IF(ISBLANK(INDEX(Stoperler!K:K,$Y13)),"",INDEX(Stoperler!K:K,$Y13)),IF(ISBLANK(INDEX('Sağ Bekler'!K:K,$Y13)),"",INDEX('Sağ Bekler'!K:K,$Y13)),IF(ISBLANK(INDEX('Sol Bekler'!K:K,$Y13)),"",INDEX('Sol Bekler'!K:K,$Y13)),IF(ISBLANK(INDEX('Orta Saha'!K:K,$Y13)),"",INDEX('Orta Saha'!K:K,$Y13)),IF(ISBLANK(INDEX(Kanatlar!K:K,$Y13)),"",INDEX(Kanatlar!K:K,$Y13)),IF(ISBLANK(INDEX(Forvetler!K:K,$Y13)),"",INDEX(Forvetler!K:K,$Y13)))) | L13: =IF($X13="","",CHOOSE($X13,IF(ISBLANK(INDEX(Kaleciler!L:L,$Y13)),"",INDEX(Kaleciler!L:L,$Y13)),IF(ISBLANK(INDEX(Stoperler!L:L,$Y13)),"",INDEX(Stoperler!L:L,$Y13)),IF(ISBLANK(INDEX('Sağ Bekler'!L:L,$Y13)),"",INDEX('Sağ Bekler'!L:L,$Y13)),IF(ISBLANK(INDEX('Sol Bekler'!L:L,$Y13)),"",INDEX('Sol Bekler'!L:L,$Y13)),IF(ISBLANK(INDEX('Orta Saha'!L:L,$Y13)),"",INDEX('Orta Saha'!L:L,$Y13)),IF(ISBLANK(INDEX(Kanatlar!L:L,$Y13)),"",INDEX(Kanatlar!L:L,$Y13)),IF(ISBLANK(INDEX(Forvetler!L:L,$Y13)),"",INDEX(Forvetler!L:L,$Y13)))) | M13: =IF($X13="","",CHOOSE($X13,IF(ISBLANK(INDEX(Kaleciler!M:M,$Y13)),"",INDEX(Kaleciler!M:M,$Y13)),IF(ISBLANK(INDEX(Stoperler!M:M,$Y13)),"",INDEX(Stoperler!M:M,$Y13)),IF(ISBLANK(INDEX('Sağ Bekler'!M:M,$Y13)),"",INDEX('Sağ Bekler'!M:M,$Y13)),IF(ISBLANK(INDEX('Sol Bekler'!M:M,$Y13)),"",INDEX('Sol Bekler'!M:M,$Y13)),IF(ISBLANK(INDEX('Orta Saha'!M:M,$Y13)),"",INDEX('Orta Saha'!M:M,$Y13)),IF(ISBLANK(INDEX(Kanatlar!M:M,$Y13)),"",INDEX(Kanatlar!M:M,$Y13)),IF(ISBLANK(INDEX(Forvetler!M:M,$Y13)),"",INDEX(Forvetler!M:M,$Y13)))) | N13: =IF($X13="","",CHOOSE($X13,IF(ISBLANK(INDEX(Kaleciler!N:N,$Y13)),"",INDEX(Kaleciler!N:N,$Y13)),IF(ISBLANK(INDEX(Stoperler!N:N,$Y13)),"",INDEX(Stoperler!N:N,$Y13)),IF(ISBLANK(INDEX('Sağ Bekler'!N:N,$Y13)),"",INDEX('Sağ Bekler'!N:N,$Y13)),IF(ISBLANK(INDEX('Sol Bekler'!N:N,$Y13)),"",INDEX('Sol Bekler'!N:N,$Y13)),IF(ISBLANK(INDEX('Orta Saha'!N:N,$Y13)),"",INDEX('Orta Saha'!N:N,$Y13)),IF(ISBLANK(INDEX(Kanatlar!N:N,$Y13)),"",INDEX(Kanatlar!N:N,$Y13)),IF(ISBLANK(INDEX(Forvetler!N:N,$Y13)),"",INDEX(Forvetler!N:N,$Y13)))) | O13: =IF($X13="","",CHOOSE($X13,IF(ISBLANK(INDEX(Kaleciler!O:O,$Y13)),"",INDEX(Kaleciler!O:O,$Y13)),IF(ISBLANK(INDEX(Stoperler!O:O,$Y13)),"",INDEX(Stoperler!O:O,$Y13)),IF(ISBLANK(INDEX('Sağ Bekler'!O:O,$Y13)),"",INDEX('Sağ Bekler'!O:O,$Y13)),IF(ISBLANK(INDEX('Sol Bekler'!O:O,$Y13)),"",INDEX('Sol Bekler'!O:O,$Y13)),IF(ISBLANK(INDEX('Orta Saha'!O:O,$Y13)),"",INDEX('Orta Saha'!O:O,$Y13)),IF(ISBLANK(INDEX(Kanatlar!O:O,$Y13)),"",INDEX(Kanatlar!O:O,$Y13)),IF(ISBLANK(INDEX(Forvetler!O:O,$Y13)),"",INDEX(Forvetler!O:O,$Y13)))) | P13: =IF($X13="","",CHOOSE($X13,IF(ISBLANK(INDEX(Kaleciler!P:P,$Y13)),"",INDEX(Kaleciler!P:P,$Y13)),IF(ISBLANK(INDEX(Stoperler!P:P,$Y13)),"",INDEX(Stoperler!P:P,$Y13)),IF(ISBLANK(INDEX('Sağ Bekler'!P:P,$Y13)),"",INDEX('Sağ Bekler'!P:P,$Y13)),IF(ISBLANK(INDEX('Sol Bekler'!P:P,$Y13)),"",INDEX('Sol Bekler'!P:P,$Y13)),IF(ISBLANK(INDEX('Orta Saha'!P:P,$Y13)),"",INDEX('Orta Saha'!P:P,$Y13)),IF(ISBLANK(INDEX(Kanatlar!P:P,$Y13)),"",INDEX(Kanatlar!P:P,$Y13)),IF(ISBLANK(INDEX(Forvetler!P:P,$Y13)),"",INDEX(Forvetler!P:P,$Y13)))) | Q13: =IF($X13="","",CHOOSE($X13,IF(ISBLANK(INDEX(Kaleciler!Q:Q,$Y13)),"",INDEX(Kaleciler!Q:Q,$Y13)),IF(ISBLANK(INDEX(Stoperler!Q:Q,$Y13)),"",INDEX(Stoperler!Q:Q,$Y13)),IF(ISBLANK(INDEX('Sağ Bekler'!Q:Q,$Y13)),"",INDEX('Sağ Bekler'!Q:Q,$Y13)),IF(ISBLANK(INDEX('Sol Bekler'!Q:Q,$Y13)),"",INDEX('Sol Bekler'!Q:Q,$Y13)),IF(ISBLANK(INDEX('Orta Saha'!Q:Q,$Y13)),"",INDEX('Orta Saha'!Q:Q,$Y13)),IF(ISBLANK(INDEX(Kanatlar!Q:Q,$Y13)),"",INDEX(Kanatlar!Q:Q,$Y13)),IF(ISBLANK(INDEX(Forvetler!Q:Q,$Y13)),"",INDEX(Forvetler!Q:Q,$Y13)))) -> A Liste | R13: =IF($X13="","",CHOOSE($X13,IF(ISBLANK(INDEX(Kaleciler!R:R,$Y13)),"",INDEX(Kaleciler!R:R,$Y13)),IF(ISBLANK(INDEX(Stoperler!R:R,$Y13)),"",INDEX(Stoperler!R:R,$Y13)),IF(ISBLANK(INDEX('Sağ Bekler'!R:R,$Y13)),"",INDEX('Sağ Bekler'!R:R,$Y13)),IF(ISBLANK(INDEX('Sol Bekler'!R:R,$Y13)),"",INDEX('Sol Bekler'!R:R,$Y13)),IF(ISBLANK(INDEX('Orta Saha'!R:R,$Y13)),"",INDEX('Orta Saha'!R:R,$Y13)),IF(ISBLANK(INDEX(Kanatlar!R:R,$Y13)),"",INDEX(Kanatlar!R:R,$Y13)),IF(ISBLANK(INDEX(Forvetler!R:R,$Y13)),"",INDEX(Forvetler!R:R,$Y13)))) | S13: =IF($X13="","",CHOOSE($X13,IF(ISBLANK(INDEX(Kaleciler!S:S,$Y13)),"",INDEX(Kaleciler!S:S,$Y13)),IF(ISBLANK(INDEX(Stoperler!S:S,$Y13)),"",INDEX(Stoperler!S:S,$Y13)),IF(ISBLANK(INDEX('Sağ Bekler'!S:S,$Y13)),"",INDEX('Sağ Bekler'!S:S,$Y13)),IF(ISBLANK(INDEX('Sol Bekler'!S:S,$Y13)),"",INDEX('Sol Bekler'!S:S,$Y13)),IF(ISBLANK(INDEX('Orta Saha'!S:S,$Y13)),"",INDEX('Orta Saha'!S:S,$Y13)),IF(ISBLANK(INDEX(Kanatlar!S:S,$Y13)),"",INDEX(Kanatlar!S:S,$Y13)),IF(ISBLANK(INDEX(Forvetler!S:S,$Y13)),"",INDEX(Forvetler!S:S,$Y13)))) | T13: =IF($X13="","",CHOOSE($X13,IF(ISBLANK(INDEX(Kaleciler!T:T,$Y13)),"",INDEX(Kaleciler!T:T,$Y13)),IF(ISBLANK(INDEX(Stoperler!T:T,$Y13)),"",INDEX(Stoperler!T:T,$Y13)),IF(ISBLANK(INDEX('Sağ Bekler'!T:T,$Y13)),"",INDEX('Sağ Bekler'!T:T,$Y13)),IF(ISBLANK(INDEX('Sol Bekler'!T:T,$Y13)),"",INDEX('Sol Bekler'!T:T,$Y13)),IF(ISBLANK(INDEX('Orta Saha'!T:T,$Y13)),"",INDEX('Orta Saha'!T:T,$Y13)),IF(ISBLANK(INDEX(Kanatlar!T:T,$Y13)),"",INDEX(Kanatlar!T:T,$Y13)),IF(ISBLANK(INDEX(Forvetler!T:T,$Y13)),"",INDEX(Forvetler!T:T,$Y13)))) | U13: 1 | V13: 13 | W13: =IF(Kaleciler!$Q$13="A Liste",COUNT($W$3:W12)+1,"") | X13: =IFERROR(INDEX($U$4:$U$703,MATCH(ROWS($X$4:X13),$W$4:$W$703,0)),"") -> 6 | Y13: =IFERROR(INDEX($V$4:$V$703,MATCH(ROWS($Y$4:Y13),$W$4:$W$703,0)),"") -> 18
A14: =IF($X14="","",CHOOSE($X14,IF(ISBLANK(INDEX(Kaleciler!A:A,$Y14)),"",INDEX(Kaleciler!A:A,$Y14)),IF(ISBLANK(INDEX(Stoperler!A:A,$Y14)),"",INDEX(Stoperler!A:A,$Y14)),IF(ISBLANK(INDEX('Sağ Bekler'!A:A,$Y14)),"",INDEX('Sağ Bekler'!A:A,$Y14)),IF(ISBLANK(INDEX('Sol Bekler'!A:A,$Y14)),"",INDEX('Sol Bekler'!A:A,$Y14)),IF(ISBLANK(INDEX('Orta Saha'!A:A,$Y14)),"",INDEX('Orta Saha'!A:A,$Y14)),IF(ISBLANK(INDEX(Kanatlar!A:A,$Y14)),"",INDEX(Kanatlar!A:A,$Y14)),IF(ISBLANK(INDEX(Forvetler!A:A,$Y14)),"",INDEX(Forvetler!A:A,$Y14)))) | B14: =IF($X14="","",CHOOSE($X14,IF(ISBLANK(INDEX(Kaleciler!B:B,$Y14)),"",INDEX(Kaleciler!B:B,$Y14)),IF(ISBLANK(INDEX(Stoperler!B:B,$Y14)),"",INDEX(Stoperler!B:B,$Y14)),IF(ISBLANK(INDEX('Sağ Bekler'!B:B,$Y14)),"",INDEX('Sağ Bekler'!B:B,$Y14)),IF(ISBLANK(INDEX('Sol Bekler'!B:B,$Y14)),"",INDEX('Sol Bekler'!B:B,$Y14)),IF(ISBLANK(INDEX('Orta Saha'!B:B,$Y14)),"",INDEX('Orta Saha'!B:B,$Y14)),IF(ISBLANK(INDEX(Kanatlar!B:B,$Y14)),"",INDEX(Kanatlar!B:B,$Y14)),IF(ISBLANK(INDEX(Forvetler!B:B,$Y14)),"",INDEX(Forvetler!B:B,$Y14)))) | C14: =IF($X14="","",CHOOSE($X14,IF(ISBLANK(INDEX(Kaleciler!C:C,$Y14)),"",INDEX(Kaleciler!C:C,$Y14)),IF(ISBLANK(INDEX(Stoperler!C:C,$Y14)),"",INDEX(Stoperler!C:C,$Y14)),IF(ISBLANK(INDEX('Sağ Bekler'!C:C,$Y14)),"",INDEX('Sağ Bekler'!C:C,$Y14)),IF(ISBLANK(INDEX('Sol Bekler'!C:C,$Y14)),"",INDEX('Sol Bekler'!C:C,$Y14)),IF(ISBLANK(INDEX('Orta Saha'!C:C,$Y14)),"",INDEX('Orta Saha'!C:C,$Y14)),IF(ISBLANK(INDEX(Kanatlar!C:C,$Y14)),"",INDEX(Kanatlar!C:C,$Y14)),IF(ISBLANK(INDEX(Forvetler!C:C,$Y14)),"",INDEX(Forvetler!C:C,$Y14)))) | D14: =IF($X14="","",CHOOSE($X14,IF(ISBLANK(INDEX(Kaleciler!D:D,$Y14)),"",INDEX(Kaleciler!D:D,$Y14)),IF(ISBLANK(INDEX(Stoperler!D:D,$Y14)),"",INDEX(Stoperler!D:D,$Y14)),IF(ISBLANK(INDEX('Sağ Bekler'!D:D,$Y14)),"",INDEX('Sağ Bekler'!D:D,$Y14)),IF(ISBLANK(INDEX('Sol Bekler'!D:D,$Y14)),"",INDEX('Sol Bekler'!D:D,$Y14)),IF(ISBLANK(INDEX('Orta Saha'!D:D,$Y14)),"",INDEX('Orta Saha'!D:D,$Y14)),IF(ISBLANK(INDEX(Kanatlar!D:D,$Y14)),"",INDEX(Kanatlar!D:D,$Y14)),IF(ISBLANK(INDEX(Forvetler!D:D,$Y14)),"",INDEX(Forvetler!D:D,$Y14)))) | E14: =IF($X14="","",CHOOSE($X14,IF(ISBLANK(INDEX(Kaleciler!E:E,$Y14)),"",INDEX(Kaleciler!E:E,$Y14)),IF(ISBLANK(INDEX(Stoperler!E:E,$Y14)),"",INDEX(Stoperler!E:E,$Y14)),IF(ISBLANK(INDEX('Sağ Bekler'!E:E,$Y14)),"",INDEX('Sağ Bekler'!E:E,$Y14)),IF(ISBLANK(INDEX('Sol Bekler'!E:E,$Y14)),"",INDEX('Sol Bekler'!E:E,$Y14)),IF(ISBLANK(INDEX('Orta Saha'!E:E,$Y14)),"",INDEX('Orta Saha'!E:E,$Y14)),IF(ISBLANK(INDEX(Kanatlar!E:E,$Y14)),"",INDEX(Kanatlar!E:E,$Y14)),IF(ISBLANK(INDEX(Forvetler!E:E,$Y14)),"",INDEX(Forvetler!E:E,$Y14)))) | F14: =IF($X14="","",CHOOSE($X14,IF(ISBLANK(INDEX(Kaleciler!F:F,$Y14)),"",INDEX(Kaleciler!F:F,$Y14)),IF(ISBLANK(INDEX(Stoperler!F:F,$Y14)),"",INDEX(Stoperler!F:F,$Y14)),IF(ISBLANK(INDEX('Sağ Bekler'!F:F,$Y14)),"",INDEX('Sağ Bekler'!F:F,$Y14)),IF(ISBLANK(INDEX('Sol Bekler'!F:F,$Y14)),"",INDEX('Sol Bekler'!F:F,$Y14)),IF(ISBLANK(INDEX('Orta Saha'!F:F,$Y14)),"",INDEX('Orta Saha'!F:F,$Y14)),IF(ISBLANK(INDEX(Kanatlar!F:F,$Y14)),"",INDEX(Kanatlar!F:F,$Y14)),IF(ISBLANK(INDEX(Forvetler!F:F,$Y14)),"",INDEX(Forvetler!F:F,$Y14)))) | G14: =IF($X14="","",CHOOSE($X14,IF(ISBLANK(INDEX(Kaleciler!G:G,$Y14)),"",INDEX(Kaleciler!G:G,$Y14)),IF(ISBLANK(INDEX(Stoperler!G:G,$Y14)),"",INDEX(Stoperler!G:G,$Y14)),IF(ISBLANK(INDEX('Sağ Bekler'!G:G,$Y14)),"",INDEX('Sağ Bekler'!G:G,$Y14)),IF(ISBLANK(INDEX('Sol Bekler'!G:G,$Y14)),"",INDEX('Sol Bekler'!G:G,$Y14)),IF(ISBLANK(INDEX('Orta Saha'!G:G,$Y14)),"",INDEX('Orta Saha'!G:G,$Y14)),IF(ISBLANK(INDEX(Kanatlar!G:G,$Y14)),"",INDEX(Kanatlar!G:G,$Y14)),IF(ISBLANK(INDEX(Forvetler!G:G,$Y14)),"",INDEX(Forvetler!G:G,$Y14)))) | H14: =IF($X14="","",CHOOSE($X14,IF(ISBLANK(INDEX(Kaleciler!H:H,$Y14)),"",INDEX(Kaleciler!H:H,$Y14)),IF(ISBLANK(INDEX(Stoperler!H:H,$Y14)),"",INDEX(Stoperler!H:H,$Y14)),IF(ISBLANK(INDEX('Sağ Bekler'!H:H,$Y14)),"",INDEX('Sağ Bekler'!H:H,$Y14)),IF(ISBLANK(INDEX('Sol Bekler'!H:H,$Y14)),"",INDEX('Sol Bekler'!H:H,$Y14)),IF(ISBLANK(INDEX('Orta Saha'!H:H,$Y14)),"",INDEX('Orta Saha'!H:H,$Y14)),IF(ISBLANK(INDEX(Kanatlar!H:H,$Y14)),"",INDEX(Kanatlar!H:H,$Y14)),IF(ISBLANK(INDEX(Forvetler!H:H,$Y14)),"",INDEX(Forvetler!H:H,$Y14)))) | I14: =IF($X14="","",CHOOSE($X14,IF(ISBLANK(INDEX(Kaleciler!I:I,$Y14)),"",INDEX(Kaleciler!I:I,$Y14)),IF(ISBLANK(INDEX(Stoperler!I:I,$Y14)),"",INDEX(Stoperler!I:I,$Y14)),IF(ISBLANK(INDEX('Sağ Bekler'!I:I,$Y14)),"",INDEX('Sağ Bekler'!I:I,$Y14)),IF(ISBLANK(INDEX('Sol Bekler'!I:I,$Y14)),"",INDEX('Sol Bekler'!I:I,$Y14)),IF(ISBLANK(INDEX('Orta Saha'!I:I,$Y14)),"",INDEX('Orta Saha'!I:I,$Y14)),IF(ISBLANK(INDEX(Kanatlar!I:I,$Y14)),"",INDEX(Kanatlar!I:I,$Y14)),IF(ISBLANK(INDEX(Forvetler!I:I,$Y14)),"",INDEX(Forvetler!I:I,$Y14)))) | J14: =IF($X14="","",CHOOSE($X14,IF(ISBLANK(INDEX(Kaleciler!J:J,$Y14)),"",INDEX(Kaleciler!J:J,$Y14)),IF(ISBLANK(INDEX(Stoperler!J:J,$Y14)),"",INDEX(Stoperler!J:J,$Y14)),IF(ISBLANK(INDEX('Sağ Bekler'!J:J,$Y14)),"",INDEX('Sağ Bekler'!J:J,$Y14)),IF(ISBLANK(INDEX('Sol Bekler'!J:J,$Y14)),"",INDEX('Sol Bekler'!J:J,$Y14)),IF(ISBLANK(INDEX('Orta Saha'!J:J,$Y14)),"",INDEX('Orta Saha'!J:J,$Y14)),IF(ISBLANK(INDEX(Kanatlar!J:J,$Y14)),"",INDEX(Kanatlar!J:J,$Y14)),IF(ISBLANK(INDEX(Forvetler!J:J,$Y14)),"",INDEX(Forvetler!J:J,$Y14)))) | K14: =IF($X14="","",CHOOSE($X14,IF(ISBLANK(INDEX(Kaleciler!K:K,$Y14)),"",INDEX(Kaleciler!K:K,$Y14)),IF(ISBLANK(INDEX(Stoperler!K:K,$Y14)),"",INDEX(Stoperler!K:K,$Y14)),IF(ISBLANK(INDEX('Sağ Bekler'!K:K,$Y14)),"",INDEX('Sağ Bekler'!K:K,$Y14)),IF(ISBLANK(INDEX('Sol Bekler'!K:K,$Y14)),"",INDEX('Sol Bekler'!K:K,$Y14)),IF(ISBLANK(INDEX('Orta Saha'!K:K,$Y14)),"",INDEX('Orta Saha'!K:K,$Y14)),IF(ISBLANK(INDEX(Kanatlar!K:K,$Y14)),"",INDEX(Kanatlar!K:K,$Y14)),IF(ISBLANK(INDEX(Forvetler!K:K,$Y14)),"",INDEX(Forvetler!K:K,$Y14)))) | L14: =IF($X14="","",CHOOSE($X14,IF(ISBLANK(INDEX(Kaleciler!L:L,$Y14)),"",INDEX(Kaleciler!L:L,$Y14)),IF(ISBLANK(INDEX(Stoperler!L:L,$Y14)),"",INDEX(Stoperler!L:L,$Y14)),IF(ISBLANK(INDEX('Sağ Bekler'!L:L,$Y14)),"",INDEX('Sağ Bekler'!L:L,$Y14)),IF(ISBLANK(INDEX('Sol Bekler'!L:L,$Y14)),"",INDEX('Sol Bekler'!L:L,$Y14)),IF(ISBLANK(INDEX('Orta Saha'!L:L,$Y14)),"",INDEX('Orta Saha'!L:L,$Y14)),IF(ISBLANK(INDEX(Kanatlar!L:L,$Y14)),"",INDEX(Kanatlar!L:L,$Y14)),IF(ISBLANK(INDEX(Forvetler!L:L,$Y14)),"",INDEX(Forvetler!L:L,$Y14)))) | M14: =IF($X14="","",CHOOSE($X14,IF(ISBLANK(INDEX(Kaleciler!M:M,$Y14)),"",INDEX(Kaleciler!M:M,$Y14)),IF(ISBLANK(INDEX(Stoperler!M:M,$Y14)),"",INDEX(Stoperler!M:M,$Y14)),IF(ISBLANK(INDEX('Sağ Bekler'!M:M,$Y14)),"",INDEX('Sağ Bekler'!M:M,$Y14)),IF(ISBLANK(INDEX('Sol Bekler'!M:M,$Y14)),"",INDEX('Sol Bekler'!M:M,$Y14)),IF(ISBLANK(INDEX('Orta Saha'!M:M,$Y14)),"",INDEX('Orta Saha'!M:M,$Y14)),IF(ISBLANK(INDEX(Kanatlar!M:M,$Y14)),"",INDEX(Kanatlar!M:M,$Y14)),IF(ISBLANK(INDEX(Forvetler!M:M,$Y14)),"",INDEX(Forvetler!M:M,$Y14)))) | N14: =IF($X14="","",CHOOSE($X14,IF(ISBLANK(INDEX(Kaleciler!N:N,$Y14)),"",INDEX(Kaleciler!N:N,$Y14)),IF(ISBLANK(INDEX(Stoperler!N:N,$Y14)),"",INDEX(Stoperler!N:N,$Y14)),IF(ISBLANK(INDEX('Sağ Bekler'!N:N,$Y14)),"",INDEX('Sağ Bekler'!N:N,$Y14)),IF(ISBLANK(INDEX('Sol Bekler'!N:N,$Y14)),"",INDEX('Sol Bekler'!N:N,$Y14)),IF(ISBLANK(INDEX('Orta Saha'!N:N,$Y14)),"",INDEX('Orta Saha'!N:N,$Y14)),IF(ISBLANK(INDEX(Kanatlar!N:N,$Y14)),"",INDEX(Kanatlar!N:N,$Y14)),IF(ISBLANK(INDEX(Forvetler!N:N,$Y14)),"",INDEX(Forvetler!N:N,$Y14)))) | O14: =IF($X14="","",CHOOSE($X14,IF(ISBLANK(INDEX(Kaleciler!O:O,$Y14)),"",INDEX(Kaleciler!O:O,$Y14)),IF(ISBLANK(INDEX(Stoperler!O:O,$Y14)),"",INDEX(Stoperler!O:O,$Y14)),IF(ISBLANK(INDEX('Sağ Bekler'!O:O,$Y14)),"",INDEX('Sağ Bekler'!O:O,$Y14)),IF(ISBLANK(INDEX('Sol Bekler'!O:O,$Y14)),"",INDEX('Sol Bekler'!O:O,$Y14)),IF(ISBLANK(INDEX('Orta Saha'!O:O,$Y14)),"",INDEX('Orta Saha'!O:O,$Y14)),IF(ISBLANK(INDEX(Kanatlar!O:O,$Y14)),"",INDEX(Kanatlar!O:O,$Y14)),IF(ISBLANK(INDEX(Forvetler!O:O,$Y14)),"",INDEX(Forvetler!O:O,$Y14)))) | P14: =IF($X14="","",CHOOSE($X14,IF(ISBLANK(INDEX(Kaleciler!P:P,$Y14)),"",INDEX(Kaleciler!P:P,$Y14)),IF(ISBLANK(INDEX(Stoperler!P:P,$Y14)),"",INDEX(Stoperler!P:P,$Y14)),IF(ISBLANK(INDEX('Sağ Bekler'!P:P,$Y14)),"",INDEX('Sağ Bekler'!P:P,$Y14)),IF(ISBLANK(INDEX('Sol Bekler'!P:P,$Y14)),"",INDEX('Sol Bekler'!P:P,$Y14)),IF(ISBLANK(INDEX('Orta Saha'!P:P,$Y14)),"",INDEX('Orta Saha'!P:P,$Y14)),IF(ISBLANK(INDEX(Kanatlar!P:P,$Y14)),"",INDEX(Kanatlar!P:P,$Y14)),IF(ISBLANK(INDEX(Forvetler!P:P,$Y14)),"",INDEX(Forvetler!P:P,$Y14)))) | Q14: =IF($X14="","",CHOOSE($X14,IF(ISBLANK(INDEX(Kaleciler!Q:Q,$Y14)),"",INDEX(Kaleciler!Q:Q,$Y14)),IF(ISBLANK(INDEX(Stoperler!Q:Q,$Y14)),"",INDEX(Stoperler!Q:Q,$Y14)),IF(ISBLANK(INDEX('Sağ Bekler'!Q:Q,$Y14)),"",INDEX('Sağ Bekler'!Q:Q,$Y14)),IF(ISBLANK(INDEX('Sol Bekler'!Q:Q,$Y14)),"",INDEX('Sol Bekler'!Q:Q,$Y14)),IF(ISBLANK(INDEX('Orta Saha'!Q:Q,$Y14)),"",INDEX('Orta Saha'!Q:Q,$Y14)),IF(ISBLANK(INDEX(Kanatlar!Q:Q,$Y14)),"",INDEX(Kanatlar!Q:Q,$Y14)),IF(ISBLANK(INDEX(Forvetler!Q:Q,$Y14)),"",INDEX(Forvetler!Q:Q,$Y14)))) | R14: =IF($X14="","",CHOOSE($X14,IF(ISBLANK(INDEX(Kaleciler!R:R,$Y14)),"",INDEX(Kaleciler!R:R,$Y14)),IF(ISBLANK(INDEX(Stoperler!R:R,$Y14)),"",INDEX(Stoperler!R:R,$Y14)),IF(ISBLANK(INDEX('Sağ Bekler'!R:R,$Y14)),"",INDEX('Sağ Bekler'!R:R,$Y14)),IF(ISBLANK(INDEX('Sol Bekler'!R:R,$Y14)),"",INDEX('Sol Bekler'!R:R,$Y14)),IF(ISBLANK(INDEX('Orta Saha'!R:R,$Y14)),"",INDEX('Orta Saha'!R:R,$Y14)),IF(ISBLANK(INDEX(Kanatlar!R:R,$Y14)),"",INDEX(Kanatlar!R:R,$Y14)),IF(ISBLANK(INDEX(Forvetler!R:R,$Y14)),"",INDEX(Forvetler!R:R,$Y14)))) | S14: =IF($X14="","",CHOOSE($X14,IF(ISBLANK(INDEX(Kaleciler!S:S,$Y14)),"",INDEX(Kaleciler!S:S,$Y14)),IF(ISBLANK(INDEX(Stoperler!S:S,$Y14)),"",INDEX(Stoperler!S:S,$Y14)),IF(ISBLANK(INDEX('Sağ Bekler'!S:S,$Y14)),"",INDEX('Sağ Bekler'!S:S,$Y14)),IF(ISBLANK(INDEX('Sol Bekler'!S:S,$Y14)),"",INDEX('Sol Bekler'!S:S,$Y14)),IF(ISBLANK(INDEX('Orta Saha'!S:S,$Y14)),"",INDEX('Orta Saha'!S:S,$Y14)),IF(ISBLANK(INDEX(Kanatlar!S:S,$Y14)),"",INDEX(Kanatlar!S:S,$Y14)),IF(ISBLANK(INDEX(Forvetler!S:S,$Y14)),"",INDEX(Forvetler!S:S,$Y14)))) | T14: =IF($X14="","",CHOOSE($X14,IF(ISBLANK(INDEX(Kaleciler!T:T,$Y14)),"",INDEX(Kaleciler!T:T,$Y14)),IF(ISBLANK(INDEX(Stoperler!T:T,$Y14)),"",INDEX(Stoperler!T:T,$Y14)),IF(ISBLANK(INDEX('Sağ Bekler'!T:T,$Y14)),"",INDEX('Sağ Bekler'!T:T,$Y14)),IF(ISBLANK(INDEX('Sol Bekler'!T:T,$Y14)),"",INDEX('Sol Bekler'!T:T,$Y14)),IF(ISBLANK(INDEX('Orta Saha'!T:T,$Y14)),"",INDEX('Orta Saha'!T:T,$Y14)),IF(ISBLANK(INDEX(Kanatlar!T:T,$Y14)),"",INDEX(Kanatlar!T:T,$Y14)),IF(ISBLANK(INDEX(Forvetler!T:T,$Y14)),"",INDEX(Forvetler!T:T,$Y14)))) | U14: 1 | V14: 14 | W14: =IF(Kaleciler!$Q$14="A Liste",COUNT($W$3:W13)+1,"") | X14: =IFERROR(INDEX($U$4:$U$703,MATCH(ROWS($X$4:X14),$W$4:$W$703,0)),"") | Y14: =IFERROR(INDEX($V$4:$V$703,MATCH(ROWS($Y$4:Y14),$W$4:$W$703,0)),"")
A15: =IF($X15="","",CHOOSE($X15,IF(ISBLANK(INDEX(Kaleciler!A:A,$Y15)),"",INDEX(Kaleciler!A:A,$Y15)),IF(ISBLANK(INDEX(Stoperler!A:A,$Y15)),"",INDEX(Stoperler!A:A,$Y15)),IF(ISBLANK(INDEX('Sağ Bekler'!A:A,$Y15)),"",INDEX('Sağ Bekler'!A:A,$Y15)),IF(ISBLANK(INDEX('Sol Bekler'!A:A,$Y15)),"",INDEX('Sol Bekler'!A:A,$Y15)),IF(ISBLANK(INDEX('Orta Saha'!A:A,$Y15)),"",INDEX('Orta Saha'!A:A,$Y15)),IF(ISBLANK(INDEX(Kanatlar!A:A,$Y15)),"",INDEX(Kanatlar!A:A,$Y15)),IF(ISBLANK(INDEX(Forvetler!A:A,$Y15)),"",INDEX(Forvetler!A:A,$Y15)))) | B15: =IF($X15="","",CHOOSE($X15,IF(ISBLANK(INDEX(Kaleciler!B:B,$Y15)),"",INDEX(Kaleciler!B:B,$Y15)),IF(ISBLANK(INDEX(Stoperler!B:B,$Y15)),"",INDEX(Stoperler!B:B,$Y15)),IF(ISBLANK(INDEX('Sağ Bekler'!B:B,$Y15)),"",INDEX('Sağ Bekler'!B:B,$Y15)),IF(ISBLANK(INDEX('Sol Bekler'!B:B,$Y15)),"",INDEX('Sol Bekler'!B:B,$Y15)),IF(ISBLANK(INDEX('Orta Saha'!B:B,$Y15)),"",INDEX('Orta Saha'!B:B,$Y15)),IF(ISBLANK(INDEX(Kanatlar!B:B,$Y15)),"",INDEX(Kanatlar!B:B,$Y15)),IF(ISBLANK(INDEX(Forvetler!B:B,$Y15)),"",INDEX(Forvetler!B:B,$Y15)))) | C15: =IF($X15="","",CHOOSE($X15,IF(ISBLANK(INDEX(Kaleciler!C:C,$Y15)),"",INDEX(Kaleciler!C:C,$Y15)),IF(ISBLANK(INDEX(Stoperler!C:C,$Y15)),"",INDEX(Stoperler!C:C,$Y15)),IF(ISBLANK(INDEX('Sağ Bekler'!C:C,$Y15)),"",INDEX('Sağ Bekler'!C:C,$Y15)),IF(ISBLANK(INDEX('Sol Bekler'!C:C,$Y15)),"",INDEX('Sol Bekler'!C:C,$Y15)),IF(ISBLANK(INDEX('Orta Saha'!C:C,$Y15)),"",INDEX('Orta Saha'!C:C,$Y15)),IF(ISBLANK(INDEX(Kanatlar!C:C,$Y15)),"",INDEX(Kanatlar!C:C,$Y15)),IF(ISBLANK(INDEX(Forvetler!C:C,$Y15)),"",INDEX(Forvetler!C:C,$Y15)))) | D15: =IF($X15="","",CHOOSE($X15,IF(ISBLANK(INDEX(Kaleciler!D:D,$Y15)),"",INDEX(Kaleciler!D:D,$Y15)),IF(ISBLANK(INDEX(Stoperler!D:D,$Y15)),"",INDEX(Stoperler!D:D,$Y15)),IF(ISBLANK(INDEX('Sağ Bekler'!D:D,$Y15)),"",INDEX('Sağ Bekler'!D:D,$Y15)),IF(ISBLANK(INDEX('Sol Bekler'!D:D,$Y15)),"",INDEX('Sol Bekler'!D:D,$Y15)),IF(ISBLANK(INDEX('Orta Saha'!D:D,$Y15)),"",INDEX('Orta Saha'!D:D,$Y15)),IF(ISBLANK(INDEX(Kanatlar!D:D,$Y15)),"",INDEX(Kanatlar!D:D,$Y15)),IF(ISBLANK(INDEX(Forvetler!D:D,$Y15)),"",INDEX(Forvetler!D:D,$Y15)))) | E15: =IF($X15="","",CHOOSE($X15,IF(ISBLANK(INDEX(Kaleciler!E:E,$Y15)),"",INDEX(Kaleciler!E:E,$Y15)),IF(ISBLANK(INDEX(Stoperler!E:E,$Y15)),"",INDEX(Stoperler!E:E,$Y15)),IF(ISBLANK(INDEX('Sağ Bekler'!E:E,$Y15)),"",INDEX('Sağ Bekler'!E:E,$Y15)),IF(ISBLANK(INDEX('Sol Bekler'!E:E,$Y15)),"",INDEX('Sol Bekler'!E:E,$Y15)),IF(ISBLANK(INDEX('Orta Saha'!E:E,$Y15)),"",INDEX('Orta Saha'!E:E,$Y15)),IF(ISBLANK(INDEX(Kanatlar!E:E,$Y15)),"",INDEX(Kanatlar!E:E,$Y15)),IF(ISBLANK(INDEX(Forvetler!E:E,$Y15)),"",INDEX(Forvetler!E:E,$Y15)))) | F15: =IF($X15="","",CHOOSE($X15,IF(ISBLANK(INDEX(Kaleciler!F:F,$Y15)),"",INDEX(Kaleciler!F:F,$Y15)),IF(ISBLANK(INDEX(Stoperler!F:F,$Y15)),"",INDEX(Stoperler!F:F,$Y15)),IF(ISBLANK(INDEX('Sağ Bekler'!F:F,$Y15)),"",INDEX('Sağ Bekler'!F:F,$Y15)),IF(ISBLANK(INDEX('Sol Bekler'!F:F,$Y15)),"",INDEX('Sol Bekler'!F:F,$Y15)),IF(ISBLANK(INDEX('Orta Saha'!F:F,$Y15)),"",INDEX('Orta Saha'!F:F,$Y15)),IF(ISBLANK(INDEX(Kanatlar!F:F,$Y15)),"",INDEX(Kanatlar!F:F,$Y15)),IF(ISBLANK(INDEX(Forvetler!F:F,$Y15)),"",INDEX(Forvetler!F:F,$Y15)))) | G15: =IF($X15="","",CHOOSE($X15,IF(ISBLANK(INDEX(Kaleciler!G:G,$Y15)),"",INDEX(Kaleciler!G:G,$Y15)),IF(ISBLANK(INDEX(Stoperler!G:G,$Y15)),"",INDEX(Stoperler!G:G,$Y15)),IF(ISBLANK(INDEX('Sağ Bekler'!G:G,$Y15)),"",INDEX('Sağ Bekler'!G:G,$Y15)),IF(ISBLANK(INDEX('Sol Bekler'!G:G,$Y15)),"",INDEX('Sol Bekler'!G:G,$Y15)),IF(ISBLANK(INDEX('Orta Saha'!G:G,$Y15)),"",INDEX('Orta Saha'!G:G,$Y15)),IF(ISBLANK(INDEX(Kanatlar!G:G,$Y15)),"",INDEX(Kanatlar!G:G,$Y15)),IF(ISBLANK(INDEX(Forvetler!G:G,$Y15)),"",INDEX(Forvetler!G:G,$Y15)))) | H15: =IF($X15="","",CHOOSE($X15,IF(ISBLANK(INDEX(Kaleciler!H:H,$Y15)),"",INDEX(Kaleciler!H:H,$Y15)),IF(ISBLANK(INDEX(Stoperler!H:H,$Y15)),"",INDEX(Stoperler!H:H,$Y15)),IF(ISBLANK(INDEX('Sağ Bekler'!H:H,$Y15)),"",INDEX('Sağ Bekler'!H:H,$Y15)),IF(ISBLANK(INDEX('Sol Bekler'!H:H,$Y15)),"",INDEX('Sol Bekler'!H:H,$Y15)),IF(ISBLANK(INDEX('Orta Saha'!H:H,$Y15)),"",INDEX('Orta Saha'!H:H,$Y15)),IF(ISBLANK(INDEX(Kanatlar!H:H,$Y15)),"",INDEX(Kanatlar!H:H,$Y15)),IF(ISBLANK(INDEX(Forvetler!H:H,$Y15)),"",INDEX(Forvetler!H:H,$Y15)))) | I15: =IF($X15="","",CHOOSE($X15,IF(ISBLANK(INDEX(Kaleciler!I:I,$Y15)),"",INDEX(Kaleciler!I:I,$Y15)),IF(ISBLANK(INDEX(Stoperler!I:I,$Y15)),"",INDEX(Stoperler!I:I,$Y15)),IF(ISBLANK(INDEX('Sağ Bekler'!I:I,$Y15)),"",INDEX('Sağ Bekler'!I:I,$Y15)),IF(ISBLANK(INDEX('Sol Bekler'!I:I,$Y15)),"",INDEX('Sol Bekler'!I:I,$Y15)),IF(ISBLANK(INDEX('Orta Saha'!I:I,$Y15)),"",INDEX('Orta Saha'!I:I,$Y15)),IF(ISBLANK(INDEX(Kanatlar!I:I,$Y15)),"",INDEX(Kanatlar!I:I,$Y15)),IF(ISBLANK(INDEX(Forvetler!I:I,$Y15)),"",INDEX(Forvetler!I:I,$Y15)))) | J15: =IF($X15="","",CHOOSE($X15,IF(ISBLANK(INDEX(Kaleciler!J:J,$Y15)),"",INDEX(Kaleciler!J:J,$Y15)),IF(ISBLANK(INDEX(Stoperler!J:J,$Y15)),"",INDEX(Stoperler!J:J,$Y15)),IF(ISBLANK(INDEX('Sağ Bekler'!J:J,$Y15)),"",INDEX('Sağ Bekler'!J:J,$Y15)),IF(ISBLANK(INDEX('Sol Bekler'!J:J,$Y15)),"",INDEX('Sol Bekler'!J:J,$Y15)),IF(ISBLANK(INDEX('Orta Saha'!J:J,$Y15)),"",INDEX('Orta Saha'!J:J,$Y15)),IF(ISBLANK(INDEX(Kanatlar!J:J,$Y15)),"",INDEX(Kanatlar!J:J,$Y15)),IF(ISBLANK(INDEX(Forvetler!J:J,$Y15)),"",INDEX(Forvetler!J:J,$Y15)))) | K15: =IF($X15="","",CHOOSE($X15,IF(ISBLANK(INDEX(Kaleciler!K:K,$Y15)),"",INDEX(Kaleciler!K:K,$Y15)),IF(ISBLANK(INDEX(Stoperler!K:K,$Y15)),"",INDEX(Stoperler!K:K,$Y15)),IF(ISBLANK(INDEX('Sağ Bekler'!K:K,$Y15)),"",INDEX('Sağ Bekler'!K:K,$Y15)),IF(ISBLANK(INDEX('Sol Bekler'!K:K,$Y15)),"",INDEX('Sol Bekler'!K:K,$Y15)),IF(ISBLANK(INDEX('Orta Saha'!K:K,$Y15)),"",INDEX('Orta Saha'!K:K,$Y15)),IF(ISBLANK(INDEX(Kanatlar!K:K,$Y15)),"",INDEX(Kanatlar!K:K,$Y15)),IF(ISBLANK(INDEX(Forvetler!K:K,$Y15)),"",INDEX(Forvetler!K:K,$Y15)))) | L15: =IF($X15="","",CHOOSE($X15,IF(ISBLANK(INDEX(Kaleciler!L:L,$Y15)),"",INDEX(Kaleciler!L:L,$Y15)),IF(ISBLANK(INDEX(Stoperler!L:L,$Y15)),"",INDEX(Stoperler!L:L,$Y15)),IF(ISBLANK(INDEX('Sağ Bekler'!L:L,$Y15)),"",INDEX('Sağ Bekler'!L:L,$Y15)),IF(ISBLANK(INDEX('Sol Bekler'!L:L,$Y15)),"",INDEX('Sol Bekler'!L:L,$Y15)),IF(ISBLANK(INDEX('Orta Saha'!L:L,$Y15)),"",INDEX('Orta Saha'!L:L,$Y15)),IF(ISBLANK(INDEX(Kanatlar!L:L,$Y15)),"",INDEX(Kanatlar!L:L,$Y15)),IF(ISBLANK(INDEX(Forvetler!L:L,$Y15)),"",INDEX(Forvetler!L:L,$Y15)))) | M15: =IF($X15="","",CHOOSE($X15,IF(ISBLANK(INDEX(Kaleciler!M:M,$Y15)),"",INDEX(Kaleciler!M:M,$Y15)),IF(ISBLANK(INDEX(Stoperler!M:M,$Y15)),"",INDEX(Stoperler!M:M,$Y15)),IF(ISBLANK(INDEX('Sağ Bekler'!M:M,$Y15)),"",INDEX('Sağ Bekler'!M:M,$Y15)),IF(ISBLANK(INDEX('Sol Bekler'!M:M,$Y15)),"",INDEX('Sol Bekler'!M:M,$Y15)),IF(ISBLANK(INDEX('Orta Saha'!M:M,$Y15)),"",INDEX('Orta Saha'!M:M,$Y15)),IF(ISBLANK(INDEX(Kanatlar!M:M,$Y15)),"",INDEX(Kanatlar!M:M,$Y15)),IF(ISBLANK(INDEX(Forvetler!M:M,$Y15)),"",INDEX(Forvetler!M:M,$Y15)))) | N15: =IF($X15="","",CHOOSE($X15,IF(ISBLANK(INDEX(Kaleciler!N:N,$Y15)),"",INDEX(Kaleciler!N:N,$Y15)),IF(ISBLANK(INDEX(Stoperler!N:N,$Y15)),"",INDEX(Stoperler!N:N,$Y15)),IF(ISBLANK(INDEX('Sağ Bekler'!N:N,$Y15)),"",INDEX('Sağ Bekler'!N:N,$Y15)),IF(ISBLANK(INDEX('Sol Bekler'!N:N,$Y15)),"",INDEX('Sol Bekler'!N:N,$Y15)),IF(ISBLANK(INDEX('Orta Saha'!N:N,$Y15)),"",INDEX('Orta Saha'!N:N,$Y15)),IF(ISBLANK(INDEX(Kanatlar!N:N,$Y15)),"",INDEX(Kanatlar!N:N,$Y15)),IF(ISBLANK(INDEX(Forvetler!N:N,$Y15)),"",INDEX(Forvetler!N:N,$Y15)))) | O15: =IF($X15="","",CHOOSE($X15,IF(ISBLANK(INDEX(Kaleciler!O:O,$Y15)),"",INDEX(Kaleciler!O:O,$Y15)),IF(ISBLANK(INDEX(Stoperler!O:O,$Y15)),"",INDEX(Stoperler!O:O,$Y15)),IF(ISBLANK(INDEX('Sağ Bekler'!O:O,$Y15)),"",INDEX('Sağ Bekler'!O:O,$Y15)),IF(ISBLANK(INDEX('Sol Bekler'!O:O,$Y15)),"",INDEX('Sol Bekler'!O:O,$Y15)),IF(ISBLANK(INDEX('Orta Saha'!O:O,$Y15)),"",INDEX('Orta Saha'!O:O,$Y15)),IF(ISBLANK(INDEX(Kanatlar!O:O,$Y15)),"",INDEX(Kanatlar!O:O,$Y15)),IF(ISBLANK(INDEX(Forvetler!O:O,$Y15)),"",INDEX(Forvetler!O:O,$Y15)))) | P15: =IF($X15="","",CHOOSE($X15,IF(ISBLANK(INDEX(Kaleciler!P:P,$Y15)),"",INDEX(Kaleciler!P:P,$Y15)),IF(ISBLANK(INDEX(Stoperler!P:P,$Y15)),"",INDEX(Stoperler!P:P,$Y15)),IF(ISBLANK(INDEX('Sağ Bekler'!P:P,$Y15)),"",INDEX('Sağ Bekler'!P:P,$Y15)),IF(ISBLANK(INDEX('Sol Bekler'!P:P,$Y15)),"",INDEX('Sol Bekler'!P:P,$Y15)),IF(ISBLANK(INDEX('Orta Saha'!P:P,$Y15)),"",INDEX('Orta Saha'!P:P,$Y15)),IF(ISBLANK(INDEX(Kanatlar!P:P,$Y15)),"",INDEX(Kanatlar!P:P,$Y15)),IF(ISBLANK(INDEX(Forvetler!P:P,$Y15)),"",INDEX(Forvetler!P:P,$Y15)))) | Q15: =IF($X15="","",CHOOSE($X15,IF(ISBLANK(INDEX(Kaleciler!Q:Q,$Y15)),"",INDEX(Kaleciler!Q:Q,$Y15)),IF(ISBLANK(INDEX(Stoperler!Q:Q,$Y15)),"",INDEX(Stoperler!Q:Q,$Y15)),IF(ISBLANK(INDEX('Sağ Bekler'!Q:Q,$Y15)),"",INDEX('Sağ Bekler'!Q:Q,$Y15)),IF(ISBLANK(INDEX('Sol Bekler'!Q:Q,$Y15)),"",INDEX('Sol Bekler'!Q:Q,$Y15)),IF(ISBLANK(INDEX('Orta Saha'!Q:Q,$Y15)),"",INDEX('Orta Saha'!Q:Q,$Y15)),IF(ISBLANK(INDEX(Kanatlar!Q:Q,$Y15)),"",INDEX(Kanatlar!Q:Q,$Y15)),IF(ISBLANK(INDEX(Forvetler!Q:Q,$Y15)),"",INDEX(Forvetler!Q:Q,$Y15)))) | R15: =IF($X15="","",CHOOSE($X15,IF(ISBLANK(INDEX(Kaleciler!R:R,$Y15)),"",INDEX(Kaleciler!R:R,$Y15)),IF(ISBLANK(INDEX(Stoperler!R:R,$Y15)),"",INDEX(Stoperler!R:R,$Y15)),IF(ISBLANK(INDEX('Sağ Bekler'!R:R,$Y15)),"",INDEX('Sağ Bekler'!R:R,$Y15)),IF(ISBLANK(INDEX('Sol Bekler'!R:R,$Y15)),"",INDEX('Sol Bekler'!R:R,$Y15)),IF(ISBLANK(INDEX('Orta Saha'!R:R,$Y15)),"",INDEX('Orta Saha'!R:R,$Y15)),IF(ISBLANK(INDEX(Kanatlar!R:R,$Y15)),"",INDEX(Kanatlar!R:R,$Y15)),IF(ISBLANK(INDEX(Forvetler!R:R,$Y15)),"",INDEX(Forvetler!R:R,$Y15)))) | S15: =IF($X15="","",CHOOSE($X15,IF(ISBLANK(INDEX(Kaleciler!S:S,$Y15)),"",INDEX(Kaleciler!S:S,$Y15)),IF(ISBLANK(INDEX(Stoperler!S:S,$Y15)),"",INDEX(Stoperler!S:S,$Y15)),IF(ISBLANK(INDEX('Sağ Bekler'!S:S,$Y15)),"",INDEX('Sağ Bekler'!S:S,$Y15)),IF(ISBLANK(INDEX('Sol Bekler'!S:S,$Y15)),"",INDEX('Sol Bekler'!S:S,$Y15)),IF(ISBLANK(INDEX('Orta Saha'!S:S,$Y15)),"",INDEX('Orta Saha'!S:S,$Y15)),IF(ISBLANK(INDEX(Kanatlar!S:S,$Y15)),"",INDEX(Kanatlar!S:S,$Y15)),IF(ISBLANK(INDEX(Forvetler!S:S,$Y15)),"",INDEX(Forvetler!S:S,$Y15)))) | T15: =IF($X15="","",CHOOSE($X15,IF(ISBLANK(INDEX(Kaleciler!T:T,$Y15)),"",INDEX(Kaleciler!T:T,$Y15)),IF(ISBLANK(INDEX(Stoperler!T:T,$Y15)),"",INDEX(Stoperler!T:T,$Y15)),IF(ISBLANK(INDEX('Sağ Bekler'!T:T,$Y15)),"",INDEX('Sağ Bekler'!T:T,$Y15)),IF(ISBLANK(INDEX('Sol Bekler'!T:T,$Y15)),"",INDEX('Sol Bekler'!T:T,$Y15)),IF(ISBLANK(INDEX('Orta Saha'!T:T,$Y15)),"",INDEX('Orta Saha'!T:T,$Y15)),IF(ISBLANK(INDEX(Kanatlar!T:T,$Y15)),"",INDEX(Kanatlar!T:T,$Y15)),IF(ISBLANK(INDEX(Forvetler!T:T,$Y15)),"",INDEX(Forvetler!T:T,$Y15)))) | U15: 1 | V15: 15 | W15: =IF(Kaleciler!$Q$15="A Liste",COUNT($W$3:W14)+1,"") | X15: =IFERROR(INDEX($U$4:$U$703,MATCH(ROWS($X$4:X15),$W$4:$W$703,0)),"") | Y15: =IFERROR(INDEX($V$4:$V$703,MATCH(ROWS($Y$4:Y15),$W$4:$W$703,0)),"")
A16: =IF($X16="","",CHOOSE($X16,IF(ISBLANK(INDEX(Kaleciler!A:A,$Y16)),"",INDEX(Kaleciler!A:A,$Y16)),IF(ISBLANK(INDEX(Stoperler!A:A,$Y16)),"",INDEX(Stoperler!A:A,$Y16)),IF(ISBLANK(INDEX('Sağ Bekler'!A:A,$Y16)),"",INDEX('Sağ Bekler'!A:A,$Y16)),IF(ISBLANK(INDEX('Sol Bekler'!A:A,$Y16)),"",INDEX('Sol Bekler'!A:A,$Y16)),IF(ISBLANK(INDEX('Orta Saha'!A:A,$Y16)),"",INDEX('Orta Saha'!A:A,$Y16)),IF(ISBLANK(INDEX(Kanatlar!A:A,$Y16)),"",INDEX(Kanatlar!A:A,$Y16)),IF(ISBLANK(INDEX(Forvetler!A:A,$Y16)),"",INDEX(Forvetler!A:A,$Y16)))) | B16: =IF($X16="","",CHOOSE($X16,IF(ISBLANK(INDEX(Kaleciler!B:B,$Y16)),"",INDEX(Kaleciler!B:B,$Y16)),IF(ISBLANK(INDEX(Stoperler!B:B,$Y16)),"",INDEX(Stoperler!B:B,$Y16)),IF(ISBLANK(INDEX('Sağ Bekler'!B:B,$Y16)),"",INDEX('Sağ Bekler'!B:B,$Y16)),IF(ISBLANK(INDEX('Sol Bekler'!B:B,$Y16)),"",INDEX('Sol Bekler'!B:B,$Y16)),IF(ISBLANK(INDEX('Orta Saha'!B:B,$Y16)),"",INDEX('Orta Saha'!B:B,$Y16)),IF(ISBLANK(INDEX(Kanatlar!B:B,$Y16)),"",INDEX(Kanatlar!B:B,$Y16)),IF(ISBLANK(INDEX(Forvetler!B:B,$Y16)),"",INDEX(Forvetler!B:B,$Y16)))) | C16: =IF($X16="","",CHOOSE($X16,IF(ISBLANK(INDEX(Kaleciler!C:C,$Y16)),"",INDEX(Kaleciler!C:C,$Y16)),IF(ISBLANK(INDEX(Stoperler!C:C,$Y16)),"",INDEX(Stoperler!C:C,$Y16)),IF(ISBLANK(INDEX('Sağ Bekler'!C:C,$Y16)),"",INDEX('Sağ Bekler'!C:C,$Y16)),IF(ISBLANK(INDEX('Sol Bekler'!C:C,$Y16)),"",INDEX('Sol Bekler'!C:C,$Y16)),IF(ISBLANK(INDEX('Orta Saha'!C:C,$Y16)),"",INDEX('Orta Saha'!C:C,$Y16)),IF(ISBLANK(INDEX(Kanatlar!C:C,$Y16)),"",INDEX(Kanatlar!C:C,$Y16)),IF(ISBLANK(INDEX(Forvetler!C:C,$Y16)),"",INDEX(Forvetler!C:C,$Y16)))) | D16: =IF($X16="","",CHOOSE($X16,IF(ISBLANK(INDEX(Kaleciler!D:D,$Y16)),"",INDEX(Kaleciler!D:D,$Y16)),IF(ISBLANK(INDEX(Stoperler!D:D,$Y16)),"",INDEX(Stoperler!D:D,$Y16)),IF(ISBLANK(INDEX('Sağ Bekler'!D:D,$Y16)),"",INDEX('Sağ Bekler'!D:D,$Y16)),IF(ISBLANK(INDEX('Sol Bekler'!D:D,$Y16)),"",INDEX('Sol Bekler'!D:D,$Y16)),IF(ISBLANK(INDEX('Orta Saha'!D:D,$Y16)),"",INDEX('Orta Saha'!D:D,$Y16)),IF(ISBLANK(INDEX(Kanatlar!D:D,$Y16)),"",INDEX(Kanatlar!D:D,$Y16)),IF(ISBLANK(INDEX(Forvetler!D:D,$Y16)),"",INDEX(Forvetler!D:D,$Y16)))) | E16: =IF($X16="","",CHOOSE($X16,IF(ISBLANK(INDEX(Kaleciler!E:E,$Y16)),"",INDEX(Kaleciler!E:E,$Y16)),IF(ISBLANK(INDEX(Stoperler!E:E,$Y16)),"",INDEX(Stoperler!E:E,$Y16)),IF(ISBLANK(INDEX('Sağ Bekler'!E:E,$Y16)),"",INDEX('Sağ Bekler'!E:E,$Y16)),IF(ISBLANK(INDEX('Sol Bekler'!E:E,$Y16)),"",INDEX('Sol Bekler'!E:E,$Y16)),IF(ISBLANK(INDEX('Orta Saha'!E:E,$Y16)),"",INDEX('Orta Saha'!E:E,$Y16)),IF(ISBLANK(INDEX(Kanatlar!E:E,$Y16)),"",INDEX(Kanatlar!E:E,$Y16)),IF(ISBLANK(INDEX(Forvetler!E:E,$Y16)),"",INDEX(Forvetler!E:E,$Y16)))) | F16: =IF($X16="","",CHOOSE($X16,IF(ISBLANK(INDEX(Kaleciler!F:F,$Y16)),"",INDEX(Kaleciler!F:F,$Y16)),IF(ISBLANK(INDEX(Stoperler!F:F,$Y16)),"",INDEX(Stoperler!F:F,$Y16)),IF(ISBLANK(INDEX('Sağ Bekler'!F:F,$Y16)),"",INDEX('Sağ Bekler'!F:F,$Y16)),IF(ISBLANK(INDEX('Sol Bekler'!F:F,$Y16)),"",INDEX('Sol Bekler'!F:F,$Y16)),IF(ISBLANK(INDEX('Orta Saha'!F:F,$Y16)),"",INDEX('Orta Saha'!F:F,$Y16)),IF(ISBLANK(INDEX(Kanatlar!F:F,$Y16)),"",INDEX(Kanatlar!F:F,$Y16)),IF(ISBLANK(INDEX(Forvetler!F:F,$Y16)),"",INDEX(Forvetler!F:F,$Y16)))) | G16: =IF($X16="","",CHOOSE($X16,IF(ISBLANK(INDEX(Kaleciler!G:G,$Y16)),"",INDEX(Kaleciler!G:G,$Y16)),IF(ISBLANK(INDEX(Stoperler!G:G,$Y16)),"",INDEX(Stoperler!G:G,$Y16)),IF(ISBLANK(INDEX('Sağ Bekler'!G:G,$Y16)),"",INDEX('Sağ Bekler'!G:G,$Y16)),IF(ISBLANK(INDEX('Sol Bekler'!G:G,$Y16)),"",INDEX('Sol Bekler'!G:G,$Y16)),IF(ISBLANK(INDEX('Orta Saha'!G:G,$Y16)),"",INDEX('Orta Saha'!G:G,$Y16)),IF(ISBLANK(INDEX(Kanatlar!G:G,$Y16)),"",INDEX(Kanatlar!G:G,$Y16)),IF(ISBLANK(INDEX(Forvetler!G:G,$Y16)),"",INDEX(Forvetler!G:G,$Y16)))) | H16: =IF($X16="","",CHOOSE($X16,IF(ISBLANK(INDEX(Kaleciler!H:H,$Y16)),"",INDEX(Kaleciler!H:H,$Y16)),IF(ISBLANK(INDEX(Stoperler!H:H,$Y16)),"",INDEX(Stoperler!H:H,$Y16)),IF(ISBLANK(INDEX('Sağ Bekler'!H:H,$Y16)),"",INDEX('Sağ Bekler'!H:H,$Y16)),IF(ISBLANK(INDEX('Sol Bekler'!H:H,$Y16)),"",INDEX('Sol Bekler'!H:H,$Y16)),IF(ISBLANK(INDEX('Orta Saha'!H:H,$Y16)),"",INDEX('Orta Saha'!H:H,$Y16)),IF(ISBLANK(INDEX(Kanatlar!H:H,$Y16)),"",INDEX(Kanatlar!H:H,$Y16)),IF(ISBLANK(INDEX(Forvetler!H:H,$Y16)),"",INDEX(Forvetler!H:H,$Y16)))) | I16: =IF($X16="","",CHOOSE($X16,IF(ISBLANK(INDEX(Kaleciler!I:I,$Y16)),"",INDEX(Kaleciler!I:I,$Y16)),IF(ISBLANK(INDEX(Stoperler!I:I,$Y16)),"",INDEX(Stoperler!I:I,$Y16)),IF(ISBLANK(INDEX('Sağ Bekler'!I:I,$Y16)),"",INDEX('Sağ Bekler'!I:I,$Y16)),IF(ISBLANK(INDEX('Sol Bekler'!I:I,$Y16)),"",INDEX('Sol Bekler'!I:I,$Y16)),IF(ISBLANK(INDEX('Orta Saha'!I:I,$Y16)),"",INDEX('Orta Saha'!I:I,$Y16)),IF(ISBLANK(INDEX(Kanatlar!I:I,$Y16)),"",INDEX(Kanatlar!I:I,$Y16)),IF(ISBLANK(INDEX(Forvetler!I:I,$Y16)),"",INDEX(Forvetler!I:I,$Y16)))) | J16: =IF($X16="","",CHOOSE($X16,IF(ISBLANK(INDEX(Kaleciler!J:J,$Y16)),"",INDEX(Kaleciler!J:J,$Y16)),IF(ISBLANK(INDEX(Stoperler!J:J,$Y16)),"",INDEX(Stoperler!J:J,$Y16)),IF(ISBLANK(INDEX('Sağ Bekler'!J:J,$Y16)),"",INDEX('Sağ Bekler'!J:J,$Y16)),IF(ISBLANK(INDEX('Sol Bekler'!J:J,$Y16)),"",INDEX('Sol Bekler'!J:J,$Y16)),IF(ISBLANK(INDEX('Orta Saha'!J:J,$Y16)),"",INDEX('Orta Saha'!J:J,$Y16)),IF(ISBLANK(INDEX(Kanatlar!J:J,$Y16)),"",INDEX(Kanatlar!J:J,$Y16)),IF(ISBLANK(INDEX(Forvetler!J:J,$Y16)),"",INDEX(Forvetler!J:J,$Y16)))) | K16: =IF($X16="","",CHOOSE($X16,IF(ISBLANK(INDEX(Kaleciler!K:K,$Y16)),"",INDEX(Kaleciler!K:K,$Y16)),IF(ISBLANK(INDEX(Stoperler!K:K,$Y16)),"",INDEX(Stoperler!K:K,$Y16)),IF(ISBLANK(INDEX('Sağ Bekler'!K:K,$Y16)),"",INDEX('Sağ Bekler'!K:K,$Y16)),IF(ISBLANK(INDEX('Sol Bekler'!K:K,$Y16)),"",INDEX('Sol Bekler'!K:K,$Y16)),IF(ISBLANK(INDEX('Orta Saha'!K:K,$Y16)),"",INDEX('Orta Saha'!K:K,$Y16)),IF(ISBLANK(INDEX(Kanatlar!K:K,$Y16)),"",INDEX(Kanatlar!K:K,$Y16)),IF(ISBLANK(INDEX(Forvetler!K:K,$Y16)),"",INDEX(Forvetler!K:K,$Y16)))) | L16: =IF($X16="","",CHOOSE($X16,IF(ISBLANK(INDEX(Kaleciler!L:L,$Y16)),"",INDEX(Kaleciler!L:L,$Y16)),IF(ISBLANK(INDEX(Stoperler!L:L,$Y16)),"",INDEX(Stoperler!L:L,$Y16)),IF(ISBLANK(INDEX('Sağ Bekler'!L:L,$Y16)),"",INDEX('Sağ Bekler'!L:L,$Y16)),IF(ISBLANK(INDEX('Sol Bekler'!L:L,$Y16)),"",INDEX('Sol Bekler'!L:L,$Y16)),IF(ISBLANK(INDEX('Orta Saha'!L:L,$Y16)),"",INDEX('Orta Saha'!L:L,$Y16)),IF(ISBLANK(INDEX(Kanatlar!L:L,$Y16)),"",INDEX(Kanatlar!L:L,$Y16)),IF(ISBLANK(INDEX(Forvetler!L:L,$Y16)),"",INDEX(Forvetler!L:L,$Y16)))) | M16: =IF($X16="","",CHOOSE($X16,IF(ISBLANK(INDEX(Kaleciler!M:M,$Y16)),"",INDEX(Kaleciler!M:M,$Y16)),IF(ISBLANK(INDEX(Stoperler!M:M,$Y16)),"",INDEX(Stoperler!M:M,$Y16)),IF(ISBLANK(INDEX('Sağ Bekler'!M:M,$Y16)),"",INDEX('Sağ Bekler'!M:M,$Y16)),IF(ISBLANK(INDEX('Sol Bekler'!M:M,$Y16)),"",INDEX('Sol Bekler'!M:M,$Y16)),IF(ISBLANK(INDEX('Orta Saha'!M:M,$Y16)),"",INDEX('Orta Saha'!M:M,$Y16)),IF(ISBLANK(INDEX(Kanatlar!M:M,$Y16)),"",INDEX(Kanatlar!M:M,$Y16)),IF(ISBLANK(INDEX(Forvetler!M:M,$Y16)),"",INDEX(Forvetler!M:M,$Y16)))) | N16: =IF($X16="","",CHOOSE($X16,IF(ISBLANK(INDEX(Kaleciler!N:N,$Y16)),"",INDEX(Kaleciler!N:N,$Y16)),IF(ISBLANK(INDEX(Stoperler!N:N,$Y16)),"",INDEX(Stoperler!N:N,$Y16)),IF(ISBLANK(INDEX('Sağ Bekler'!N:N,$Y16)),"",INDEX('Sağ Bekler'!N:N,$Y16)),IF(ISBLANK(INDEX('Sol Bekler'!N:N,$Y16)),"",INDEX('Sol Bekler'!N:N,$Y16)),IF(ISBLANK(INDEX('Orta Saha'!N:N,$Y16)),"",INDEX('Orta Saha'!N:N,$Y16)),IF(ISBLANK(INDEX(Kanatlar!N:N,$Y16)),"",INDEX(Kanatlar!N:N,$Y16)),IF(ISBLANK(INDEX(Forvetler!N:N,$Y16)),"",INDEX(Forvetler!N:N,$Y16)))) | O16: =IF($X16="","",CHOOSE($X16,IF(ISBLANK(INDEX(Kaleciler!O:O,$Y16)),"",INDEX(Kaleciler!O:O,$Y16)),IF(ISBLANK(INDEX(Stoperler!O:O,$Y16)),"",INDEX(Stoperler!O:O,$Y16)),IF(ISBLANK(INDEX('Sağ Bekler'!O:O,$Y16)),"",INDEX('Sağ Bekler'!O:O,$Y16)),IF(ISBLANK(INDEX('Sol Bekler'!O:O,$Y16)),"",INDEX('Sol Bekler'!O:O,$Y16)),IF(ISBLANK(INDEX('Orta Saha'!O:O,$Y16)),"",INDEX('Orta Saha'!O:O,$Y16)),IF(ISBLANK(INDEX(Kanatlar!O:O,$Y16)),"",INDEX(Kanatlar!O:O,$Y16)),IF(ISBLANK(INDEX(Forvetler!O:O,$Y16)),"",INDEX(Forvetler!O:O,$Y16)))) | P16: =IF($X16="","",CHOOSE($X16,IF(ISBLANK(INDEX(Kaleciler!P:P,$Y16)),"",INDEX(Kaleciler!P:P,$Y16)),IF(ISBLANK(INDEX(Stoperler!P:P,$Y16)),"",INDEX(Stoperler!P:P,$Y16)),IF(ISBLANK(INDEX('Sağ Bekler'!P:P,$Y16)),"",INDEX('Sağ Bekler'!P:P,$Y16)),IF(ISBLANK(INDEX('Sol Bekler'!P:P,$Y16)),"",INDEX('Sol Bekler'!P:P,$Y16)),IF(ISBLANK(INDEX('Orta Saha'!P:P,$Y16)),"",INDEX('Orta Saha'!P:P,$Y16)),IF(ISBLANK(INDEX(Kanatlar!P:P,$Y16)),"",INDEX(Kanatlar!P:P,$Y16)),IF(ISBLANK(INDEX(Forvetler!P:P,$Y16)),"",INDEX(Forvetler!P:P,$Y16)))) | Q16: =IF($X16="","",CHOOSE($X16,IF(ISBLANK(INDEX(Kaleciler!Q:Q,$Y16)),"",INDEX(Kaleciler!Q:Q,$Y16)),IF(ISBLANK(INDEX(Stoperler!Q:Q,$Y16)),"",INDEX(Stoperler!Q:Q,$Y16)),IF(ISBLANK(INDEX('Sağ Bekler'!Q:Q,$Y16)),"",INDEX('Sağ Bekler'!Q:Q,$Y16)),IF(ISBLANK(INDEX('Sol Bekler'!Q:Q,$Y16)),"",INDEX('Sol Bekler'!Q:Q,$Y16)),IF(ISBLANK(INDEX('Orta Saha'!Q:Q,$Y16)),"",INDEX('Orta Saha'!Q:Q,$Y16)),IF(ISBLANK(INDEX(Kanatlar!Q:Q,$Y16)),"",INDEX(Kanatlar!Q:Q,$Y16)),IF(ISBLANK(INDEX(Forvetler!Q:Q,$Y16)),"",INDEX(Forvetler!Q:Q,$Y16)))) | R16: =IF($X16="","",CHOOSE($X16,IF(ISBLANK(INDEX(Kaleciler!R:R,$Y16)),"",INDEX(Kaleciler!R:R,$Y16)),IF(ISBLANK(INDEX(Stoperler!R:R,$Y16)),"",INDEX(Stoperler!R:R,$Y16)),IF(ISBLANK(INDEX('Sağ Bekler'!R:R,$Y16)),"",INDEX('Sağ Bekler'!R:R,$Y16)),IF(ISBLANK(INDEX('Sol Bekler'!R:R,$Y16)),"",INDEX('Sol Bekler'!R:R,$Y16)),IF(ISBLANK(INDEX('Orta Saha'!R:R,$Y16)),"",INDEX('Orta Saha'!R:R,$Y16)),IF(ISBLANK(INDEX(Kanatlar!R:R,$Y16)),"",INDEX(Kanatlar!R:R,$Y16)),IF(ISBLANK(INDEX(Forvetler!R:R,$Y16)),"",INDEX(Forvetler!R:R,$Y16)))) | S16: =IF($X16="","",CHOOSE($X16,IF(ISBLANK(INDEX(Kaleciler!S:S,$Y16)),"",INDEX(Kaleciler!S:S,$Y16)),IF(ISBLANK(INDEX(Stoperler!S:S,$Y16)),"",INDEX(Stoperler!S:S,$Y16)),IF(ISBLANK(INDEX('Sağ Bekler'!S:S,$Y16)),"",INDEX('Sağ Bekler'!S:S,$Y16)),IF(ISBLANK(INDEX('Sol Bekler'!S:S,$Y16)),"",INDEX('Sol Bekler'!S:S,$Y16)),IF(ISBLANK(INDEX('Orta Saha'!S:S,$Y16)),"",INDEX('Orta Saha'!S:S,$Y16)),IF(ISBLANK(INDEX(Kanatlar!S:S,$Y16)),"",INDEX(Kanatlar!S:S,$Y16)),IF(ISBLANK(INDEX(Forvetler!S:S,$Y16)),"",INDEX(Forvetler!S:S,$Y16)))) | T16: =IF($X16="","",CHOOSE($X16,IF(ISBLANK(INDEX(Kaleciler!T:T,$Y16)),"",INDEX(Kaleciler!T:T,$Y16)),IF(ISBLANK(INDEX(Stoperler!T:T,$Y16)),"",INDEX(Stoperler!T:T,$Y16)),IF(ISBLANK(INDEX('Sağ Bekler'!T:T,$Y16)),"",INDEX('Sağ Bekler'!T:T,$Y16)),IF(ISBLANK(INDEX('Sol Bekler'!T:T,$Y16)),"",INDEX('Sol Bekler'!T:T,$Y16)),IF(ISBLANK(INDEX('Orta Saha'!T:T,$Y16)),"",INDEX('Orta Saha'!T:T,$Y16)),IF(ISBLANK(INDEX(Kanatlar!T:T,$Y16)),"",INDEX(Kanatlar!T:T,$Y16)),IF(ISBLANK(INDEX(Forvetler!T:T,$Y16)),"",INDEX(Forvetler!T:T,$Y16)))) | U16: 1 | V16: 16 | W16: =IF(Kaleciler!$Q$16="A Liste",COUNT($W$3:W15)+1,"") | X16: =IFERROR(INDEX($U$4:$U$703,MATCH(ROWS($X$4:X16),$W$4:$W$703,0)),"") | Y16: =IFERROR(INDEX($V$4:$V$703,MATCH(ROWS($Y$4:Y16),$W$4:$W$703,0)),"")
A17: =IF($X17="","",CHOOSE($X17,IF(ISBLANK(INDEX(Kaleciler!A:A,$Y17)),"",INDEX(Kaleciler!A:A,$Y17)),IF(ISBLANK(INDEX(Stoperler!A:A,$Y17)),"",INDEX(Stoperler!A:A,$Y17)),IF(ISBLANK(INDEX('Sağ Bekler'!A:A,$Y17)),"",INDEX('Sağ Bekler'!A:A,$Y17)),IF(ISBLANK(INDEX('Sol Bekler'!A:A,$Y17)),"",INDEX('Sol Bekler'!A:A,$Y17)),IF(ISBLANK(INDEX('Orta Saha'!A:A,$Y17)),"",INDEX('Orta Saha'!A:A,$Y17)),IF(ISBLANK(INDEX(Kanatlar!A:A,$Y17)),"",INDEX(Kanatlar!A:A,$Y17)),IF(ISBLANK(INDEX(Forvetler!A:A,$Y17)),"",INDEX(Forvetler!A:A,$Y17)))) | B17: =IF($X17="","",CHOOSE($X17,IF(ISBLANK(INDEX(Kaleciler!B:B,$Y17)),"",INDEX(Kaleciler!B:B,$Y17)),IF(ISBLANK(INDEX(Stoperler!B:B,$Y17)),"",INDEX(Stoperler!B:B,$Y17)),IF(ISBLANK(INDEX('Sağ Bekler'!B:B,$Y17)),"",INDEX('Sağ Bekler'!B:B,$Y17)),IF(ISBLANK(INDEX('Sol Bekler'!B:B,$Y17)),"",INDEX('Sol Bekler'!B:B,$Y17)),IF(ISBLANK(INDEX('Orta Saha'!B:B,$Y17)),"",INDEX('Orta Saha'!B:B,$Y17)),IF(ISBLANK(INDEX(Kanatlar!B:B,$Y17)),"",INDEX(Kanatlar!B:B,$Y17)),IF(ISBLANK(INDEX(Forvetler!B:B,$Y17)),"",INDEX(Forvetler!B:B,$Y17)))) | C17: =IF($X17="","",CHOOSE($X17,IF(ISBLANK(INDEX(Kaleciler!C:C,$Y17)),"",INDEX(Kaleciler!C:C,$Y17)),IF(ISBLANK(INDEX(Stoperler!C:C,$Y17)),"",INDEX(Stoperler!C:C,$Y17)),IF(ISBLANK(INDEX('Sağ Bekler'!C:C,$Y17)),"",INDEX('Sağ Bekler'!C:C,$Y17)),IF(ISBLANK(INDEX('Sol Bekler'!C:C,$Y17)),"",INDEX('Sol Bekler'!C:C,$Y17)),IF(ISBLANK(INDEX('Orta Saha'!C:C,$Y17)),"",INDEX('Orta Saha'!C:C,$Y17)),IF(ISBLANK(INDEX(Kanatlar!C:C,$Y17)),"",INDEX(Kanatlar!C:C,$Y17)),IF(ISBLANK(INDEX(Forvetler!C:C,$Y17)),"",INDEX(Forvetler!C:C,$Y17)))) | D17: =IF($X17="","",CHOOSE($X17,IF(ISBLANK(INDEX(Kaleciler!D:D,$Y17)),"",INDEX(Kaleciler!D:D,$Y17)),IF(ISBLANK(INDEX(Stoperler!D:D,$Y17)),"",INDEX(Stoperler!D:D,$Y17)),IF(ISBLANK(INDEX('Sağ Bekler'!D:D,$Y17)),"",INDEX('Sağ Bekler'!D:D,$Y17)),IF(ISBLANK(INDEX('Sol Bekler'!D:D,$Y17)),"",INDEX('Sol Bekler'!D:D,$Y17)),IF(ISBLANK(INDEX('Orta Saha'!D:D,$Y17)),"",INDEX('Orta Saha'!D:D,$Y17)),IF(ISBLANK(INDEX(Kanatlar!D:D,$Y17)),"",INDEX(Kanatlar!D:D,$Y17)),IF(ISBLANK(INDEX(Forvetler!D:D,$Y17)),"",INDEX(Forvetler!D:D,$Y17)))) | E17: =IF($X17="","",CHOOSE($X17,IF(ISBLANK(INDEX(Kaleciler!E:E,$Y17)),"",INDEX(Kaleciler!E:E,$Y17)),IF(ISBLANK(INDEX(Stoperler!E:E,$Y17)),"",INDEX(Stoperler!E:E,$Y17)),IF(ISBLANK(INDEX('Sağ Bekler'!E:E,$Y17)),"",INDEX('Sağ Bekler'!E:E,$Y17)),IF(ISBLANK(INDEX('Sol Bekler'!E:E,$Y17)),"",INDEX('Sol Bekler'!E:E,$Y17)),IF(ISBLANK(INDEX('Orta Saha'!E:E,$Y17)),"",INDEX('Orta Saha'!E:E,$Y17)),IF(ISBLANK(INDEX(Kanatlar!E:E,$Y17)),"",INDEX(Kanatlar!E:E,$Y17)),IF(ISBLANK(INDEX(Forvetler!E:E,$Y17)),"",INDEX(Forvetler!E:E,$Y17)))) | F17: =IF($X17="","",CHOOSE($X17,IF(ISBLANK(INDEX(Kaleciler!F:F,$Y17)),"",INDEX(Kaleciler!F:F,$Y17)),IF(ISBLANK(INDEX(Stoperler!F:F,$Y17)),"",INDEX(Stoperler!F:F,$Y17)),IF(ISBLANK(INDEX('Sağ Bekler'!F:F,$Y17)),"",INDEX('Sağ Bekler'!F:F,$Y17)),IF(ISBLANK(INDEX('Sol Bekler'!F:F,$Y17)),"",INDEX('Sol Bekler'!F:F,$Y17)),IF(ISBLANK(INDEX('Orta Saha'!F:F,$Y17)),"",INDEX('Orta Saha'!F:F,$Y17)),IF(ISBLANK(INDEX(Kanatlar!F:F,$Y17)),"",INDEX(Kanatlar!F:F,$Y17)),IF(ISBLANK(INDEX(Forvetler!F:F,$Y17)),"",INDEX(Forvetler!F:F,$Y17)))) | G17: =IF($X17="","",CHOOSE($X17,IF(ISBLANK(INDEX(Kaleciler!G:G,$Y17)),"",INDEX(Kaleciler!G:G,$Y17)),IF(ISBLANK(INDEX(Stoperler!G:G,$Y17)),"",INDEX(Stoperler!G:G,$Y17)),IF(ISBLANK(INDEX('Sağ Bekler'!G:G,$Y17)),"",INDEX('Sağ Bekler'!G:G,$Y17)),IF(ISBLANK(INDEX('Sol Bekler'!G:G,$Y17)),"",INDEX('Sol Bekler'!G:G,$Y17)),IF(ISBLANK(INDEX('Orta Saha'!G:G,$Y17)),"",INDEX('Orta Saha'!G:G,$Y17)),IF(ISBLANK(INDEX(Kanatlar!G:G,$Y17)),"",INDEX(Kanatlar!G:G,$Y17)),IF(ISBLANK(INDEX(Forvetler!G:G,$Y17)),"",INDEX(Forvetler!G:G,$Y17)))) | H17: =IF($X17="","",CHOOSE($X17,IF(ISBLANK(INDEX(Kaleciler!H:H,$Y17)),"",INDEX(Kaleciler!H:H,$Y17)),IF(ISBLANK(INDEX(Stoperler!H:H,$Y17)),"",INDEX(Stoperler!H:H,$Y17)),IF(ISBLANK(INDEX('Sağ Bekler'!H:H,$Y17)),"",INDEX('Sağ Bekler'!H:H,$Y17)),IF(ISBLANK(INDEX('Sol Bekler'!H:H,$Y17)),"",INDEX('Sol Bekler'!H:H,$Y17)),IF(ISBLANK(INDEX('Orta Saha'!H:H,$Y17)),"",INDEX('Orta Saha'!H:H,$Y17)),IF(ISBLANK(INDEX(Kanatlar!H:H,$Y17)),"",INDEX(Kanatlar!H:H,$Y17)),IF(ISBLANK(INDEX(Forvetler!H:H,$Y17)),"",INDEX(Forvetler!H:H,$Y17)))) | I17: =IF($X17="","",CHOOSE($X17,IF(ISBLANK(INDEX(Kaleciler!I:I,$Y17)),"",INDEX(Kaleciler!I:I,$Y17)),IF(ISBLANK(INDEX(Stoperler!I:I,$Y17)),"",INDEX(Stoperler!I:I,$Y17)),IF(ISBLANK(INDEX('Sağ Bekler'!I:I,$Y17)),"",INDEX('Sağ Bekler'!I:I,$Y17)),IF(ISBLANK(INDEX('Sol Bekler'!I:I,$Y17)),"",INDEX('Sol Bekler'!I:I,$Y17)),IF(ISBLANK(INDEX('Orta Saha'!I:I,$Y17)),"",INDEX('Orta Saha'!I:I,$Y17)),IF(ISBLANK(INDEX(Kanatlar!I:I,$Y17)),"",INDEX(Kanatlar!I:I,$Y17)),IF(ISBLANK(INDEX(Forvetler!I:I,$Y17)),"",INDEX(Forvetler!I:I,$Y17)))) | J17: =IF($X17="","",CHOOSE($X17,IF(ISBLANK(INDEX(Kaleciler!J:J,$Y17)),"",INDEX(Kaleciler!J:J,$Y17)),IF(ISBLANK(INDEX(Stoperler!J:J,$Y17)),"",INDEX(Stoperler!J:J,$Y17)),IF(ISBLANK(INDEX('Sağ Bekler'!J:J,$Y17)),"",INDEX('Sağ Bekler'!J:J,$Y17)),IF(ISBLANK(INDEX('Sol Bekler'!J:J,$Y17)),"",INDEX('Sol Bekler'!J:J,$Y17)),IF(ISBLANK(INDEX('Orta Saha'!J:J,$Y17)),"",INDEX('Orta Saha'!J:J,$Y17)),IF(ISBLANK(INDEX(Kanatlar!J:J,$Y17)),"",INDEX(Kanatlar!J:J,$Y17)),IF(ISBLANK(INDEX(Forvetler!J:J,$Y17)),"",INDEX(Forvetler!J:J,$Y17)))) | K17: =IF($X17="","",CHOOSE($X17,IF(ISBLANK(INDEX(Kaleciler!K:K,$Y17)),"",INDEX(Kaleciler!K:K,$Y17)),IF(ISBLANK(INDEX(Stoperler!K:K,$Y17)),"",INDEX(Stoperler!K:K,$Y17)),IF(ISBLANK(INDEX('Sağ Bekler'!K:K,$Y17)),"",INDEX('Sağ Bekler'!K:K,$Y17)),IF(ISBLANK(INDEX('Sol Bekler'!K:K,$Y17)),"",INDEX('Sol Bekler'!K:K,$Y17)),IF(ISBLANK(INDEX('Orta Saha'!K:K,$Y17)),"",INDEX('Orta Saha'!K:K,$Y17)),IF(ISBLANK(INDEX(Kanatlar!K:K,$Y17)),"",INDEX(Kanatlar!K:K,$Y17)),IF(ISBLANK(INDEX(Forvetler!K:K,$Y17)),"",INDEX(Forvetler!K:K,$Y17)))) | L17: =IF($X17="","",CHOOSE($X17,IF(ISBLANK(INDEX(Kaleciler!L:L,$Y17)),"",INDEX(Kaleciler!L:L,$Y17)),IF(ISBLANK(INDEX(Stoperler!L:L,$Y17)),"",INDEX(Stoperler!L:L,$Y17)),IF(ISBLANK(INDEX('Sağ Bekler'!L:L,$Y17)),"",INDEX('Sağ Bekler'!L:L,$Y17)),IF(ISBLANK(INDEX('Sol Bekler'!L:L,$Y17)),"",INDEX('Sol Bekler'!L:L,$Y17)),IF(ISBLANK(INDEX('Orta Saha'!L:L,$Y17)),"",INDEX('Orta Saha'!L:L,$Y17)),IF(ISBLANK(INDEX(Kanatlar!L:L,$Y17)),"",INDEX(Kanatlar!L:L,$Y17)),IF(ISBLANK(INDEX(Forvetler!L:L,$Y17)),"",INDEX(Forvetler!L:L,$Y17)))) | M17: =IF($X17="","",CHOOSE($X17,IF(ISBLANK(INDEX(Kaleciler!M:M,$Y17)),"",INDEX(Kaleciler!M:M,$Y17)),IF(ISBLANK(INDEX(Stoperler!M:M,$Y17)),"",INDEX(Stoperler!M:M,$Y17)),IF(ISBLANK(INDEX('Sağ Bekler'!M:M,$Y17)),"",INDEX('Sağ Bekler'!M:M,$Y17)),IF(ISBLANK(INDEX('Sol Bekler'!M:M,$Y17)),"",INDEX('Sol Bekler'!M:M,$Y17)),IF(ISBLANK(INDEX('Orta Saha'!M:M,$Y17)),"",INDEX('Orta Saha'!M:M,$Y17)),IF(ISBLANK(INDEX(Kanatlar!M:M,$Y17)),"",INDEX(Kanatlar!M:M,$Y17)),IF(ISBLANK(INDEX(Forvetler!M:M,$Y17)),"",INDEX(Forvetler!M:M,$Y17)))) | N17: =IF($X17="","",CHOOSE($X17,IF(ISBLANK(INDEX(Kaleciler!N:N,$Y17)),"",INDEX(Kaleciler!N:N,$Y17)),IF(ISBLANK(INDEX(Stoperler!N:N,$Y17)),"",INDEX(Stoperler!N:N,$Y17)),IF(ISBLANK(INDEX('Sağ Bekler'!N:N,$Y17)),"",INDEX('Sağ Bekler'!N:N,$Y17)),IF(ISBLANK(INDEX('Sol Bekler'!N:N,$Y17)),"",INDEX('Sol Bekler'!N:N,$Y17)),IF(ISBLANK(INDEX('Orta Saha'!N:N,$Y17)),"",INDEX('Orta Saha'!N:N,$Y17)),IF(ISBLANK(INDEX(Kanatlar!N:N,$Y17)),"",INDEX(Kanatlar!N:N,$Y17)),IF(ISBLANK(INDEX(Forvetler!N:N,$Y17)),"",INDEX(Forvetler!N:N,$Y17)))) | O17: =IF($X17="","",CHOOSE($X17,IF(ISBLANK(INDEX(Kaleciler!O:O,$Y17)),"",INDEX(Kaleciler!O:O,$Y17)),IF(ISBLANK(INDEX(Stoperler!O:O,$Y17)),"",INDEX(Stoperler!O:O,$Y17)),IF(ISBLANK(INDEX('Sağ Bekler'!O:O,$Y17)),"",INDEX('Sağ Bekler'!O:O,$Y17)),IF(ISBLANK(INDEX('Sol Bekler'!O:O,$Y17)),"",INDEX('Sol Bekler'!O:O,$Y17)),IF(ISBLANK(INDEX('Orta Saha'!O:O,$Y17)),"",INDEX('Orta Saha'!O:O,$Y17)),IF(ISBLANK(INDEX(Kanatlar!O:O,$Y17)),"",INDEX(Kanatlar!O:O,$Y17)),IF(ISBLANK(INDEX(Forvetler!O:O,$Y17)),"",INDEX(Forvetler!O:O,$Y17)))) | P17: =IF($X17="","",CHOOSE($X17,IF(ISBLANK(INDEX(Kaleciler!P:P,$Y17)),"",INDEX(Kaleciler!P:P,$Y17)),IF(ISBLANK(INDEX(Stoperler!P:P,$Y17)),"",INDEX(Stoperler!P:P,$Y17)),IF(ISBLANK(INDEX('Sağ Bekler'!P:P,$Y17)),"",INDEX('Sağ Bekler'!P:P,$Y17)),IF(ISBLANK(INDEX('Sol Bekler'!P:P,$Y17)),"",INDEX('Sol Bekler'!P:P,$Y17)),IF(ISBLANK(INDEX('Orta Saha'!P:P,$Y17)),"",INDEX('Orta Saha'!P:P,$Y17)),IF(ISBLANK(INDEX(Kanatlar!P:P,$Y17)),"",INDEX(Kanatlar!P:P,$Y17)),IF(ISBLANK(INDEX(Forvetler!P:P,$Y17)),"",INDEX(Forvetler!P:P,$Y17)))) | Q17: =IF($X17="","",CHOOSE($X17,IF(ISBLANK(INDEX(Kaleciler!Q:Q,$Y17)),"",INDEX(Kaleciler!Q:Q,$Y17)),IF(ISBLANK(INDEX(Stoperler!Q:Q,$Y17)),"",INDEX(Stoperler!Q:Q,$Y17)),IF(ISBLANK(INDEX('Sağ Bekler'!Q:Q,$Y17)),"",INDEX('Sağ Bekler'!Q:Q,$Y17)),IF(ISBLANK(INDEX('Sol Bekler'!Q:Q,$Y17)),"",INDEX('Sol Bekler'!Q:Q,$Y17)),IF(ISBLANK(INDEX('Orta Saha'!Q:Q,$Y17)),"",INDEX('Orta Saha'!Q:Q,$Y17)),IF(ISBLANK(INDEX(Kanatlar!Q:Q,$Y17)),"",INDEX(Kanatlar!Q:Q,$Y17)),IF(ISBLANK(INDEX(Forvetler!Q:Q,$Y17)),"",INDEX(Forvetler!Q:Q,$Y17)))) | R17: =IF($X17="","",CHOOSE($X17,IF(ISBLANK(INDEX(Kaleciler!R:R,$Y17)),"",INDEX(Kaleciler!R:R,$Y17)),IF(ISBLANK(INDEX(Stoperler!R:R,$Y17)),"",INDEX(Stoperler!R:R,$Y17)),IF(ISBLANK(INDEX('Sağ Bekler'!R:R,$Y17)),"",INDEX('Sağ Bekler'!R:R,$Y17)),IF(ISBLANK(INDEX('Sol Bekler'!R:R,$Y17)),"",INDEX('Sol Bekler'!R:R,$Y17)),IF(ISBLANK(INDEX('Orta Saha'!R:R,$Y17)),"",INDEX('Orta Saha'!R:R,$Y17)),IF(ISBLANK(INDEX(Kanatlar!R:R,$Y17)),"",INDEX(Kanatlar!R:R,$Y17)),IF(ISBLANK(INDEX(Forvetler!R:R,$Y17)),"",INDEX(Forvetler!R:R,$Y17)))) | S17: =IF($X17="","",CHOOSE($X17,IF(ISBLANK(INDEX(Kaleciler!S:S,$Y17)),"",INDEX(Kaleciler!S:S,$Y17)),IF(ISBLANK(INDEX(Stoperler!S:S,$Y17)),"",INDEX(Stoperler!S:S,$Y17)),IF(ISBLANK(INDEX('Sağ Bekler'!S:S,$Y17)),"",INDEX('Sağ Bekler'!S:S,$Y17)),IF(ISBLANK(INDEX('Sol Bekler'!S:S,$Y17)),"",INDEX('Sol Bekler'!S:S,$Y17)),IF(ISBLANK(INDEX('Orta Saha'!S:S,$Y17)),"",INDEX('Orta Saha'!S:S,$Y17)),IF(ISBLANK(INDEX(Kanatlar!S:S,$Y17)),"",INDEX(Kanatlar!S:S,$Y17)),IF(ISBLANK(INDEX(Forvetler!S:S,$Y17)),"",INDEX(Forvetler!S:S,$Y17)))) | T17: =IF($X17="","",CHOOSE($X17,IF(ISBLANK(INDEX(Kaleciler!T:T,$Y17)),"",INDEX(Kaleciler!T:T,$Y17)),IF(ISBLANK(INDEX(Stoperler!T:T,$Y17)),"",INDEX(Stoperler!T:T,$Y17)),IF(ISBLANK(INDEX('Sağ Bekler'!T:T,$Y17)),"",INDEX('Sağ Bekler'!T:T,$Y17)),IF(ISBLANK(INDEX('Sol Bekler'!T:T,$Y17)),"",INDEX('Sol Bekler'!T:T,$Y17)),IF(ISBLANK(INDEX('Orta Saha'!T:T,$Y17)),"",INDEX('Orta Saha'!T:T,$Y17)),IF(ISBLANK(INDEX(Kanatlar!T:T,$Y17)),"",INDEX(Kanatlar!T:T,$Y17)),IF(ISBLANK(INDEX(Forvetler!T:T,$Y17)),"",INDEX(Forvetler!T:T,$Y17)))) | U17: 1 | V17: 17 | W17: =IF(Kaleciler!$Q$17="A Liste",COUNT($W$3:W16)+1,"") | X17: =IFERROR(INDEX($U$4:$U$703,MATCH(ROWS($X$4:X17),$W$4:$W$703,0)),"") | Y17: =IFERROR(INDEX($V$4:$V$703,MATCH(ROWS($Y$4:Y17),$W$4:$W$703,0)),"")
A18: =IF($X18="","",CHOOSE($X18,IF(ISBLANK(INDEX(Kaleciler!A:A,$Y18)),"",INDEX(Kaleciler!A:A,$Y18)),IF(ISBLANK(INDEX(Stoperler!A:A,$Y18)),"",INDEX(Stoperler!A:A,$Y18)),IF(ISBLANK(INDEX('Sağ Bekler'!A:A,$Y18)),"",INDEX('Sağ Bekler'!A:A,$Y18)),IF(ISBLANK(INDEX('Sol Bekler'!A:A,$Y18)),"",INDEX('Sol Bekler'!A:A,$Y18)),IF(ISBLANK(INDEX('Orta Saha'!A:A,$Y18)),"",INDEX('Orta Saha'!A:A,$Y18)),IF(ISBLANK(INDEX(Kanatlar!A:A,$Y18)),"",INDEX(Kanatlar!A:A,$Y18)),IF(ISBLANK(INDEX(Forvetler!A:A,$Y18)),"",INDEX(Forvetler!A:A,$Y18)))) | B18: =IF($X18="","",CHOOSE($X18,IF(ISBLANK(INDEX(Kaleciler!B:B,$Y18)),"",INDEX(Kaleciler!B:B,$Y18)),IF(ISBLANK(INDEX(Stoperler!B:B,$Y18)),"",INDEX(Stoperler!B:B,$Y18)),IF(ISBLANK(INDEX('Sağ Bekler'!B:B,$Y18)),"",INDEX('Sağ Bekler'!B:B,$Y18)),IF(ISBLANK(INDEX('Sol Bekler'!B:B,$Y18)),"",INDEX('Sol Bekler'!B:B,$Y18)),IF(ISBLANK(INDEX('Orta Saha'!B:B,$Y18)),"",INDEX('Orta Saha'!B:B,$Y18)),IF(ISBLANK(INDEX(Kanatlar!B:B,$Y18)),"",INDEX(Kanatlar!B:B,$Y18)),IF(ISBLANK(INDEX(Forvetler!B:B,$Y18)),"",INDEX(Forvetler!B:B,$Y18)))) | C18: =IF($X18="","",CHOOSE($X18,IF(ISBLANK(INDEX(Kaleciler!C:C,$Y18)),"",INDEX(Kaleciler!C:C,$Y18)),IF(ISBLANK(INDEX(Stoperler!C:C,$Y18)),"",INDEX(Stoperler!C:C,$Y18)),IF(ISBLANK(INDEX('Sağ Bekler'!C:C,$Y18)),"",INDEX('Sağ Bekler'!C:C,$Y18)),IF(ISBLANK(INDEX('Sol Bekler'!C:C,$Y18)),"",INDEX('Sol Bekler'!C:C,$Y18)),IF(ISBLANK(INDEX('Orta Saha'!C:C,$Y18)),"",INDEX('Orta Saha'!C:C,$Y18)),IF(ISBLANK(INDEX(Kanatlar!C:C,$Y18)),"",INDEX(Kanatlar!C:C,$Y18)),IF(ISBLANK(INDEX(Forvetler!C:C,$Y18)),"",INDEX(Forvetler!C:C,$Y18)))) | D18: =IF($X18="","",CHOOSE($X18,IF(ISBLANK(INDEX(Kaleciler!D:D,$Y18)),"",INDEX(Kaleciler!D:D,$Y18)),IF(ISBLANK(INDEX(Stoperler!D:D,$Y18)),"",INDEX(Stoperler!D:D,$Y18)),IF(ISBLANK(INDEX('Sağ Bekler'!D:D,$Y18)),"",INDEX('Sağ Bekler'!D:D,$Y18)),IF(ISBLANK(INDEX('Sol Bekler'!D:D,$Y18)),"",INDEX('Sol Bekler'!D:D,$Y18)),IF(ISBLANK(INDEX('Orta Saha'!D:D,$Y18)),"",INDEX('Orta Saha'!D:D,$Y18)),IF(ISBLANK(INDEX(Kanatlar!D:D,$Y18)),"",INDEX(Kanatlar!D:D,$Y18)),IF(ISBLANK(INDEX(Forvetler!D:D,$Y18)),"",INDEX(Forvetler!D:D,$Y18)))) | E18: =IF($X18="","",CHOOSE($X18,IF(ISBLANK(INDEX(Kaleciler!E:E,$Y18)),"",INDEX(Kaleciler!E:E,$Y18)),IF(ISBLANK(INDEX(Stoperler!E:E,$Y18)),"",INDEX(Stoperler!E:E,$Y18)),IF(ISBLANK(INDEX('Sağ Bekler'!E:E,$Y18)),"",INDEX('Sağ Bekler'!E:E,$Y18)),IF(ISBLANK(INDEX('Sol Bekler'!E:E,$Y18)),"",INDEX('Sol Bekler'!E:E,$Y18)),IF(ISBLANK(INDEX('Orta Saha'!E:E,$Y18)),"",INDEX('Orta Saha'!E:E,$Y18)),IF(ISBLANK(INDEX(Kanatlar!E:E,$Y18)),"",INDEX(Kanatlar!E:E,$Y18)),IF(ISBLANK(INDEX(Forvetler!E:E,$Y18)),"",INDEX(Forvetler!E:E,$Y18)))) | F18: =IF($X18="","",CHOOSE($X18,IF(ISBLANK(INDEX(Kaleciler!F:F,$Y18)),"",INDEX(Kaleciler!F:F,$Y18)),IF(ISBLANK(INDEX(Stoperler!F:F,$Y18)),"",INDEX(Stoperler!F:F,$Y18)),IF(ISBLANK(INDEX('Sağ Bekler'!F:F,$Y18)),"",INDEX('Sağ Bekler'!F:F,$Y18)),IF(ISBLANK(INDEX('Sol Bekler'!F:F,$Y18)),"",INDEX('Sol Bekler'!F:F,$Y18)),IF(ISBLANK(INDEX('Orta Saha'!F:F,$Y18)),"",INDEX('Orta Saha'!F:F,$Y18)),IF(ISBLANK(INDEX(Kanatlar!F:F,$Y18)),"",INDEX(Kanatlar!F:F,$Y18)),IF(ISBLANK(INDEX(Forvetler!F:F,$Y18)),"",INDEX(Forvetler!F:F,$Y18)))) | G18: =IF($X18="","",CHOOSE($X18,IF(ISBLANK(INDEX(Kaleciler!G:G,$Y18)),"",INDEX(Kaleciler!G:G,$Y18)),IF(ISBLANK(INDEX(Stoperler!G:G,$Y18)),"",INDEX(Stoperler!G:G,$Y18)),IF(ISBLANK(INDEX('Sağ Bekler'!G:G,$Y18)),"",INDEX('Sağ Bekler'!G:G,$Y18)),IF(ISBLANK(INDEX('Sol Bekler'!G:G,$Y18)),"",INDEX('Sol Bekler'!G:G,$Y18)),IF(ISBLANK(INDEX('Orta Saha'!G:G,$Y18)),"",INDEX('Orta Saha'!G:G,$Y18)),IF(ISBLANK(INDEX(Kanatlar!G:G,$Y18)),"",INDEX(Kanatlar!G:G,$Y18)),IF(ISBLANK(INDEX(Forvetler!G:G,$Y18)),"",INDEX(Forvetler!G:G,$Y18)))) | H18: =IF($X18="","",CHOOSE($X18,IF(ISBLANK(INDEX(Kaleciler!H:H,$Y18)),"",INDEX(Kaleciler!H:H,$Y18)),IF(ISBLANK(INDEX(Stoperler!H:H,$Y18)),"",INDEX(Stoperler!H:H,$Y18)),IF(ISBLANK(INDEX('Sağ Bekler'!H:H,$Y18)),"",INDEX('Sağ Bekler'!H:H,$Y18)),IF(ISBLANK(INDEX('Sol Bekler'!H:H,$Y18)),"",INDEX('Sol Bekler'!H:H,$Y18)),IF(ISBLANK(INDEX('Orta Saha'!H:H,$Y18)),"",INDEX('Orta Saha'!H:H,$Y18)),IF(ISBLANK(INDEX(Kanatlar!H:H,$Y18)),"",INDEX(Kanatlar!H:H,$Y18)),IF(ISBLANK(INDEX(Forvetler!H:H,$Y18)),"",INDEX(Forvetler!H:H,$Y18)))) | I18: =IF($X18="","",CHOOSE($X18,IF(ISBLANK(INDEX(Kaleciler!I:I,$Y18)),"",INDEX(Kaleciler!I:I,$Y18)),IF(ISBLANK(INDEX(Stoperler!I:I,$Y18)),"",INDEX(Stoperler!I:I,$Y18)),IF(ISBLANK(INDEX('Sağ Bekler'!I:I,$Y18)),"",INDEX('Sağ Bekler'!I:I,$Y18)),IF(ISBLANK(INDEX('Sol Bekler'!I:I,$Y18)),"",INDEX('Sol Bekler'!I:I,$Y18)),IF(ISBLANK(INDEX('Orta Saha'!I:I,$Y18)),"",INDEX('Orta Saha'!I:I,$Y18)),IF(ISBLANK(INDEX(Kanatlar!I:I,$Y18)),"",INDEX(Kanatlar!I:I,$Y18)),IF(ISBLANK(INDEX(Forvetler!I:I,$Y18)),"",INDEX(Forvetler!I:I,$Y18)))) | J18: =IF($X18="","",CHOOSE($X18,IF(ISBLANK(INDEX(Kaleciler!J:J,$Y18)),"",INDEX(Kaleciler!J:J,$Y18)),IF(ISBLANK(INDEX(Stoperler!J:J,$Y18)),"",INDEX(Stoperler!J:J,$Y18)),IF(ISBLANK(INDEX('Sağ Bekler'!J:J,$Y18)),"",INDEX('Sağ Bekler'!J:J,$Y18)),IF(ISBLANK(INDEX('Sol Bekler'!J:J,$Y18)),"",INDEX('Sol Bekler'!J:J,$Y18)),IF(ISBLANK(INDEX('Orta Saha'!J:J,$Y18)),"",INDEX('Orta Saha'!J:J,$Y18)),IF(ISBLANK(INDEX(Kanatlar!J:J,$Y18)),"",INDEX(Kanatlar!J:J,$Y18)),IF(ISBLANK(INDEX(Forvetler!J:J,$Y18)),"",INDEX(Forvetler!J:J,$Y18)))) | K18: =IF($X18="","",CHOOSE($X18,IF(ISBLANK(INDEX(Kaleciler!K:K,$Y18)),"",INDEX(Kaleciler!K:K,$Y18)),IF(ISBLANK(INDEX(Stoperler!K:K,$Y18)),"",INDEX(Stoperler!K:K,$Y18)),IF(ISBLANK(INDEX('Sağ Bekler'!K:K,$Y18)),"",INDEX('Sağ Bekler'!K:K,$Y18)),IF(ISBLANK(INDEX('Sol Bekler'!K:K,$Y18)),"",INDEX('Sol Bekler'!K:K,$Y18)),IF(ISBLANK(INDEX('Orta Saha'!K:K,$Y18)),"",INDEX('Orta Saha'!K:K,$Y18)),IF(ISBLANK(INDEX(Kanatlar!K:K,$Y18)),"",INDEX(Kanatlar!K:K,$Y18)),IF(ISBLANK(INDEX(Forvetler!K:K,$Y18)),"",INDEX(Forvetler!K:K,$Y18)))) | L18: =IF($X18="","",CHOOSE($X18,IF(ISBLANK(INDEX(Kaleciler!L:L,$Y18)),"",INDEX(Kaleciler!L:L,$Y18)),IF(ISBLANK(INDEX(Stoperler!L:L,$Y18)),"",INDEX(Stoperler!L:L,$Y18)),IF(ISBLANK(INDEX('Sağ Bekler'!L:L,$Y18)),"",INDEX('Sağ Bekler'!L:L,$Y18)),IF(ISBLANK(INDEX('Sol Bekler'!L:L,$Y18)),"",INDEX('Sol Bekler'!L:L,$Y18)),IF(ISBLANK(INDEX('Orta Saha'!L:L,$Y18)),"",INDEX('Orta Saha'!L:L,$Y18)),IF(ISBLANK(INDEX(Kanatlar!L:L,$Y18)),"",INDEX(Kanatlar!L:L,$Y18)),IF(ISBLANK(INDEX(Forvetler!L:L,$Y18)),"",INDEX(Forvetler!L:L,$Y18)))) | M18: =IF($X18="","",CHOOSE($X18,IF(ISBLANK(INDEX(Kaleciler!M:M,$Y18)),"",INDEX(Kaleciler!M:M,$Y18)),IF(ISBLANK(INDEX(Stoperler!M:M,$Y18)),"",INDEX(Stoperler!M:M,$Y18)),IF(ISBLANK(INDEX('Sağ Bekler'!M:M,$Y18)),"",INDEX('Sağ Bekler'!M:M,$Y18)),IF(ISBLANK(INDEX('Sol Bekler'!M:M,$Y18)),"",INDEX('Sol Bekler'!M:M,$Y18)),IF(ISBLANK(INDEX('Orta Saha'!M:M,$Y18)),"",INDEX('Orta Saha'!M:M,$Y18)),IF(ISBLANK(INDEX(Kanatlar!M:M,$Y18)),"",INDEX(Kanatlar!M:M,$Y18)),IF(ISBLANK(INDEX(Forvetler!M:M,$Y18)),"",INDEX(Forvetler!M:M,$Y18)))) | N18: =IF($X18="","",CHOOSE($X18,IF(ISBLANK(INDEX(Kaleciler!N:N,$Y18)),"",INDEX(Kaleciler!N:N,$Y18)),IF(ISBLANK(INDEX(Stoperler!N:N,$Y18)),"",INDEX(Stoperler!N:N,$Y18)),IF(ISBLANK(INDEX('Sağ Bekler'!N:N,$Y18)),"",INDEX('Sağ Bekler'!N:N,$Y18)),IF(ISBLANK(INDEX('Sol Bekler'!N:N,$Y18)),"",INDEX('Sol Bekler'!N:N,$Y18)),IF(ISBLANK(INDEX('Orta Saha'!N:N,$Y18)),"",INDEX('Orta Saha'!N:N,$Y18)),IF(ISBLANK(INDEX(Kanatlar!N:N,$Y18)),"",INDEX(Kanatlar!N:N,$Y18)),IF(ISBLANK(INDEX(Forvetler!N:N,$Y18)),"",INDEX(Forvetler!N:N,$Y18)))) | O18: =IF($X18="","",CHOOSE($X18,IF(ISBLANK(INDEX(Kaleciler!O:O,$Y18)),"",INDEX(Kaleciler!O:O,$Y18)),IF(ISBLANK(INDEX(Stoperler!O:O,$Y18)),"",INDEX(Stoperler!O:O,$Y18)),IF(ISBLANK(INDEX('Sağ Bekler'!O:O,$Y18)),"",INDEX('Sağ Bekler'!O:O,$Y18)),IF(ISBLANK(INDEX('Sol Bekler'!O:O,$Y18)),"",INDEX('Sol Bekler'!O:O,$Y18)),IF(ISBLANK(INDEX('Orta Saha'!O:O,$Y18)),"",INDEX('Orta Saha'!O:O,$Y18)),IF(ISBLANK(INDEX(Kanatlar!O:O,$Y18)),"",INDEX(Kanatlar!O:O,$Y18)),IF(ISBLANK(INDEX(Forvetler!O:O,$Y18)),"",INDEX(Forvetler!O:O,$Y18)))) | P18: =IF($X18="","",CHOOSE($X18,IF(ISBLANK(INDEX(Kaleciler!P:P,$Y18)),"",INDEX(Kaleciler!P:P,$Y18)),IF(ISBLANK(INDEX(Stoperler!P:P,$Y18)),"",INDEX(Stoperler!P:P,$Y18)),IF(ISBLANK(INDEX('Sağ Bekler'!P:P,$Y18)),"",INDEX('Sağ Bekler'!P:P,$Y18)),IF(ISBLANK(INDEX('Sol Bekler'!P:P,$Y18)),"",INDEX('Sol Bekler'!P:P,$Y18)),IF(ISBLANK(INDEX('Orta Saha'!P:P,$Y18)),"",INDEX('Orta Saha'!P:P,$Y18)),IF(ISBLANK(INDEX(Kanatlar!P:P,$Y18)),"",INDEX(Kanatlar!P:P,$Y18)),IF(ISBLANK(INDEX(Forvetler!P:P,$Y18)),"",INDEX(Forvetler!P:P,$Y18)))) | Q18: =IF($X18="","",CHOOSE($X18,IF(ISBLANK(INDEX(Kaleciler!Q:Q,$Y18)),"",INDEX(Kaleciler!Q:Q,$Y18)),IF(ISBLANK(INDEX(Stoperler!Q:Q,$Y18)),"",INDEX(Stoperler!Q:Q,$Y18)),IF(ISBLANK(INDEX('Sağ Bekler'!Q:Q,$Y18)),"",INDEX('Sağ Bekler'!Q:Q,$Y18)),IF(ISBLANK(INDEX('Sol Bekler'!Q:Q,$Y18)),"",INDEX('Sol Bekler'!Q:Q,$Y18)),IF(ISBLANK(INDEX('Orta Saha'!Q:Q,$Y18)),"",INDEX('Orta Saha'!Q:Q,$Y18)),IF(ISBLANK(INDEX(Kanatlar!Q:Q,$Y18)),"",INDEX(Kanatlar!Q:Q,$Y18)),IF(ISBLANK(INDEX(Forvetler!Q:Q,$Y18)),"",INDEX(Forvetler!Q:Q,$Y18)))) | R18: =IF($X18="","",CHOOSE($X18,IF(ISBLANK(INDEX(Kaleciler!R:R,$Y18)),"",INDEX(Kaleciler!R:R,$Y18)),IF(ISBLANK(INDEX(Stoperler!R:R,$Y18)),"",INDEX(Stoperler!R:R,$Y18)),IF(ISBLANK(INDEX('Sağ Bekler'!R:R,$Y18)),"",INDEX('Sağ Bekler'!R:R,$Y18)),IF(ISBLANK(INDEX('Sol Bekler'!R:R,$Y18)),"",INDEX('Sol Bekler'!R:R,$Y18)),IF(ISBLANK(INDEX('Orta Saha'!R:R,$Y18)),"",INDEX('Orta Saha'!R:R,$Y18)),IF(ISBLANK(INDEX(Kanatlar!R:R,$Y18)),"",INDEX(Kanatlar!R:R,$Y18)),IF(ISBLANK(INDEX(Forvetler!R:R,$Y18)),"",INDEX(Forvetler!R:R,$Y18)))) | S18: =IF($X18="","",CHOOSE($X18,IF(ISBLANK(INDEX(Kaleciler!S:S,$Y18)),"",INDEX(Kaleciler!S:S,$Y18)),IF(ISBLANK(INDEX(Stoperler!S:S,$Y18)),"",INDEX(Stoperler!S:S,$Y18)),IF(ISBLANK(INDEX('Sağ Bekler'!S:S,$Y18)),"",INDEX('Sağ Bekler'!S:S,$Y18)),IF(ISBLANK(INDEX('Sol Bekler'!S:S,$Y18)),"",INDEX('Sol Bekler'!S:S,$Y18)),IF(ISBLANK(INDEX('Orta Saha'!S:S,$Y18)),"",INDEX('Orta Saha'!S:S,$Y18)),IF(ISBLANK(INDEX(Kanatlar!S:S,$Y18)),"",INDEX(Kanatlar!S:S,$Y18)),IF(ISBLANK(INDEX(Forvetler!S:S,$Y18)),"",INDEX(Forvetler!S:S,$Y18)))) | T18: =IF($X18="","",CHOOSE($X18,IF(ISBLANK(INDEX(Kaleciler!T:T,$Y18)),"",INDEX(Kaleciler!T:T,$Y18)),IF(ISBLANK(INDEX(Stoperler!T:T,$Y18)),"",INDEX(Stoperler!T:T,$Y18)),IF(ISBLANK(INDEX('Sağ Bekler'!T:T,$Y18)),"",INDEX('Sağ Bekler'!T:T,$Y18)),IF(ISBLANK(INDEX('Sol Bekler'!T:T,$Y18)),"",INDEX('Sol Bekler'!T:T,$Y18)),IF(ISBLANK(INDEX('Orta Saha'!T:T,$Y18)),"",INDEX('Orta Saha'!T:T,$Y18)),IF(ISBLANK(INDEX(Kanatlar!T:T,$Y18)),"",INDEX(Kanatlar!T:T,$Y18)),IF(ISBLANK(INDEX(Forvetler!T:T,$Y18)),"",INDEX(Forvetler!T:T,$Y18)))) | U18: 1 | V18: 18 | W18: =IF(Kaleciler!$Q$18="A Liste",COUNT($W$3:W17)+1,"") | X18: =IFERROR(INDEX($U$4:$U$703,MATCH(ROWS($X$4:X18),$W$4:$W$703,0)),"") | Y18: =IFERROR(INDEX($V$4:$V$703,MATCH(ROWS($Y$4:Y18),$W$4:$W$703,0)),"")
A19: =IF($X19="","",CHOOSE($X19,IF(ISBLANK(INDEX(Kaleciler!A:A,$Y19)),"",INDEX(Kaleciler!A:A,$Y19)),IF(ISBLANK(INDEX(Stoperler!A:A,$Y19)),"",INDEX(Stoperler!A:A,$Y19)),IF(ISBLANK(INDEX('Sağ Bekler'!A:A,$Y19)),"",INDEX('Sağ Bekler'!A:A,$Y19)),IF(ISBLANK(INDEX('Sol Bekler'!A:A,$Y19)),"",INDEX('Sol Bekler'!A:A,$Y19)),IF(ISBLANK(INDEX('Orta Saha'!A:A,$Y19)),"",INDEX('Orta Saha'!A:A,$Y19)),IF(ISBLANK(INDEX(Kanatlar!A:A,$Y19)),"",INDEX(Kanatlar!A:A,$Y19)),IF(ISBLANK(INDEX(Forvetler!A:A,$Y19)),"",INDEX(Forvetler!A:A,$Y19)))) | B19: =IF($X19="","",CHOOSE($X19,IF(ISBLANK(INDEX(Kaleciler!B:B,$Y19)),"",INDEX(Kaleciler!B:B,$Y19)),IF(ISBLANK(INDEX(Stoperler!B:B,$Y19)),"",INDEX(Stoperler!B:B,$Y19)),IF(ISBLANK(INDEX('Sağ Bekler'!B:B,$Y19)),"",INDEX('Sağ Bekler'!B:B,$Y19)),IF(ISBLANK(INDEX('Sol Bekler'!B:B,$Y19)),"",INDEX('Sol Bekler'!B:B,$Y19)),IF(ISBLANK(INDEX('Orta Saha'!B:B,$Y19)),"",INDEX('Orta Saha'!B:B,$Y19)),IF(ISBLANK(INDEX(Kanatlar!B:B,$Y19)),"",INDEX(Kanatlar!B:B,$Y19)),IF(ISBLANK(INDEX(Forvetler!B:B,$Y19)),"",INDEX(Forvetler!B:B,$Y19)))) | C19: =IF($X19="","",CHOOSE($X19,IF(ISBLANK(INDEX(Kaleciler!C:C,$Y19)),"",INDEX(Kaleciler!C:C,$Y19)),IF(ISBLANK(INDEX(Stoperler!C:C,$Y19)),"",INDEX(Stoperler!C:C,$Y19)),IF(ISBLANK(INDEX('Sağ Bekler'!C:C,$Y19)),"",INDEX('Sağ Bekler'!C:C,$Y19)),IF(ISBLANK(INDEX('Sol Bekler'!C:C,$Y19)),"",INDEX('Sol Bekler'!C:C,$Y19)),IF(ISBLANK(INDEX('Orta Saha'!C:C,$Y19)),"",INDEX('Orta Saha'!C:C,$Y19)),IF(ISBLANK(INDEX(Kanatlar!C:C,$Y19)),"",INDEX(Kanatlar!C:C,$Y19)),IF(ISBLANK(INDEX(Forvetler!C:C,$Y19)),"",INDEX(Forvetler!C:C,$Y19)))) | D19: =IF($X19="","",CHOOSE($X19,IF(ISBLANK(INDEX(Kaleciler!D:D,$Y19)),"",INDEX(Kaleciler!D:D,$Y19)),IF(ISBLANK(INDEX(Stoperler!D:D,$Y19)),"",INDEX(Stoperler!D:D,$Y19)),IF(ISBLANK(INDEX('Sağ Bekler'!D:D,$Y19)),"",INDEX('Sağ Bekler'!D:D,$Y19)),IF(ISBLANK(INDEX('Sol Bekler'!D:D,$Y19)),"",INDEX('Sol Bekler'!D:D,$Y19)),IF(ISBLANK(INDEX('Orta Saha'!D:D,$Y19)),"",INDEX('Orta Saha'!D:D,$Y19)),IF(ISBLANK(INDEX(Kanatlar!D:D,$Y19)),"",INDEX(Kanatlar!D:D,$Y19)),IF(ISBLANK(INDEX(Forvetler!D:D,$Y19)),"",INDEX(Forvetler!D:D,$Y19)))) | E19: =IF($X19="","",CHOOSE($X19,IF(ISBLANK(INDEX(Kaleciler!E:E,$Y19)),"",INDEX(Kaleciler!E:E,$Y19)),IF(ISBLANK(INDEX(Stoperler!E:E,$Y19)),"",INDEX(Stoperler!E:E,$Y19)),IF(ISBLANK(INDEX('Sağ Bekler'!E:E,$Y19)),"",INDEX('Sağ Bekler'!E:E,$Y19)),IF(ISBLANK(INDEX('Sol Bekler'!E:E,$Y19)),"",INDEX('Sol Bekler'!E:E,$Y19)),IF(ISBLANK(INDEX('Orta Saha'!E:E,$Y19)),"",INDEX('Orta Saha'!E:E,$Y19)),IF(ISBLANK(INDEX(Kanatlar!E:E,$Y19)),"",INDEX(Kanatlar!E:E,$Y19)),IF(ISBLANK(INDEX(Forvetler!E:E,$Y19)),"",INDEX(Forvetler!E:E,$Y19)))) | F19: =IF($X19="","",CHOOSE($X19,IF(ISBLANK(INDEX(Kaleciler!F:F,$Y19)),"",INDEX(Kaleciler!F:F,$Y19)),IF(ISBLANK(INDEX(Stoperler!F:F,$Y19)),"",INDEX(Stoperler!F:F,$Y19)),IF(ISBLANK(INDEX('Sağ Bekler'!F:F,$Y19)),"",INDEX('Sağ Bekler'!F:F,$Y19)),IF(ISBLANK(INDEX('Sol Bekler'!F:F,$Y19)),"",INDEX('Sol Bekler'!F:F,$Y19)),IF(ISBLANK(INDEX('Orta Saha'!F:F,$Y19)),"",INDEX('Orta Saha'!F:F,$Y19)),IF(ISBLANK(INDEX(Kanatlar!F:F,$Y19)),"",INDEX(Kanatlar!F:F,$Y19)),IF(ISBLANK(INDEX(Forvetler!F:F,$Y19)),"",INDEX(Forvetler!F:F,$Y19)))) | G19: =IF($X19="","",CHOOSE($X19,IF(ISBLANK(INDEX(Kaleciler!G:G,$Y19)),"",INDEX(Kaleciler!G:G,$Y19)),IF(ISBLANK(INDEX(Stoperler!G:G,$Y19)),"",INDEX(Stoperler!G:G,$Y19)),IF(ISBLANK(INDEX('Sağ Bekler'!G:G,$Y19)),"",INDEX('Sağ Bekler'!G:G,$Y19)),IF(ISBLANK(INDEX('Sol Bekler'!G:G,$Y19)),"",INDEX('Sol Bekler'!G:G,$Y19)),IF(ISBLANK(INDEX('Orta Saha'!G:G,$Y19)),"",INDEX('Orta Saha'!G:G,$Y19)),IF(ISBLANK(INDEX(Kanatlar!G:G,$Y19)),"",INDEX(Kanatlar!G:G,$Y19)),IF(ISBLANK(INDEX(Forvetler!G:G,$Y19)),"",INDEX(Forvetler!G:G,$Y19)))) | H19: =IF($X19="","",CHOOSE($X19,IF(ISBLANK(INDEX(Kaleciler!H:H,$Y19)),"",INDEX(Kaleciler!H:H,$Y19)),IF(ISBLANK(INDEX(Stoperler!H:H,$Y19)),"",INDEX(Stoperler!H:H,$Y19)),IF(ISBLANK(INDEX('Sağ Bekler'!H:H,$Y19)),"",INDEX('Sağ Bekler'!H:H,$Y19)),IF(ISBLANK(INDEX('Sol Bekler'!H:H,$Y19)),"",INDEX('Sol Bekler'!H:H,$Y19)),IF(ISBLANK(INDEX('Orta Saha'!H:H,$Y19)),"",INDEX('Orta Saha'!H:H,$Y19)),IF(ISBLANK(INDEX(Kanatlar!H:H,$Y19)),"",INDEX(Kanatlar!H:H,$Y19)),IF(ISBLANK(INDEX(Forvetler!H:H,$Y19)),"",INDEX(Forvetler!H:H,$Y19)))) | I19: =IF($X19="","",CHOOSE($X19,IF(ISBLANK(INDEX(Kaleciler!I:I,$Y19)),"",INDEX(Kaleciler!I:I,$Y19)),IF(ISBLANK(INDEX(Stoperler!I:I,$Y19)),"",INDEX(Stoperler!I:I,$Y19)),IF(ISBLANK(INDEX('Sağ Bekler'!I:I,$Y19)),"",INDEX('Sağ Bekler'!I:I,$Y19)),IF(ISBLANK(INDEX('Sol Bekler'!I:I,$Y19)),"",INDEX('Sol Bekler'!I:I,$Y19)),IF(ISBLANK(INDEX('Orta Saha'!I:I,$Y19)),"",INDEX('Orta Saha'!I:I,$Y19)),IF(ISBLANK(INDEX(Kanatlar!I:I,$Y19)),"",INDEX(Kanatlar!I:I,$Y19)),IF(ISBLANK(INDEX(Forvetler!I:I,$Y19)),"",INDEX(Forvetler!I:I,$Y19)))) | J19: =IF($X19="","",CHOOSE($X19,IF(ISBLANK(INDEX(Kaleciler!J:J,$Y19)),"",INDEX(Kaleciler!J:J,$Y19)),IF(ISBLANK(INDEX(Stoperler!J:J,$Y19)),"",INDEX(Stoperler!J:J,$Y19)),IF(ISBLANK(INDEX('Sağ Bekler'!J:J,$Y19)),"",INDEX('Sağ Bekler'!J:J,$Y19)),IF(ISBLANK(INDEX('Sol Bekler'!J:J,$Y19)),"",INDEX('Sol Bekler'!J:J,$Y19)),IF(ISBLANK(INDEX('Orta Saha'!J:J,$Y19)),"",INDEX('Orta Saha'!J:J,$Y19)),IF(ISBLANK(INDEX(Kanatlar!J:J,$Y19)),"",INDEX(Kanatlar!J:J,$Y19)),IF(ISBLANK(INDEX(Forvetler!J:J,$Y19)),"",INDEX(Forvetler!J:J,$Y19)))) | K19: =IF($X19="","",CHOOSE($X19,IF(ISBLANK(INDEX(Kaleciler!K:K,$Y19)),"",INDEX(Kaleciler!K:K,$Y19)),IF(ISBLANK(INDEX(Stoperler!K:K,$Y19)),"",INDEX(Stoperler!K:K,$Y19)),IF(ISBLANK(INDEX('Sağ Bekler'!K:K,$Y19)),"",INDEX('Sağ Bekler'!K:K,$Y19)),IF(ISBLANK(INDEX('Sol Bekler'!K:K,$Y19)),"",INDEX('Sol Bekler'!K:K,$Y19)),IF(ISBLANK(INDEX('Orta Saha'!K:K,$Y19)),"",INDEX('Orta Saha'!K:K,$Y19)),IF(ISBLANK(INDEX(Kanatlar!K:K,$Y19)),"",INDEX(Kanatlar!K:K,$Y19)),IF(ISBLANK(INDEX(Forvetler!K:K,$Y19)),"",INDEX(Forvetler!K:K,$Y19)))) | L19: =IF($X19="","",CHOOSE($X19,IF(ISBLANK(INDEX(Kaleciler!L:L,$Y19)),"",INDEX(Kaleciler!L:L,$Y19)),IF(ISBLANK(INDEX(Stoperler!L:L,$Y19)),"",INDEX(Stoperler!L:L,$Y19)),IF(ISBLANK(INDEX('Sağ Bekler'!L:L,$Y19)),"",INDEX('Sağ Bekler'!L:L,$Y19)),IF(ISBLANK(INDEX('Sol Bekler'!L:L,$Y19)),"",INDEX('Sol Bekler'!L:L,$Y19)),IF(ISBLANK(INDEX('Orta Saha'!L:L,$Y19)),"",INDEX('Orta Saha'!L:L,$Y19)),IF(ISBLANK(INDEX(Kanatlar!L:L,$Y19)),"",INDEX(Kanatlar!L:L,$Y19)),IF(ISBLANK(INDEX(Forvetler!L:L,$Y19)),"",INDEX(Forvetler!L:L,$Y19)))) | M19: =IF($X19="","",CHOOSE($X19,IF(ISBLANK(INDEX(Kaleciler!M:M,$Y19)),"",INDEX(Kaleciler!M:M,$Y19)),IF(ISBLANK(INDEX(Stoperler!M:M,$Y19)),"",INDEX(Stoperler!M:M,$Y19)),IF(ISBLANK(INDEX('Sağ Bekler'!M:M,$Y19)),"",INDEX('Sağ Bekler'!M:M,$Y19)),IF(ISBLANK(INDEX('Sol Bekler'!M:M,$Y19)),"",INDEX('Sol Bekler'!M:M,$Y19)),IF(ISBLANK(INDEX('Orta Saha'!M:M,$Y19)),"",INDEX('Orta Saha'!M:M,$Y19)),IF(ISBLANK(INDEX(Kanatlar!M:M,$Y19)),"",INDEX(Kanatlar!M:M,$Y19)),IF(ISBLANK(INDEX(Forvetler!M:M,$Y19)),"",INDEX(Forvetler!M:M,$Y19)))) | N19: =IF($X19="","",CHOOSE($X19,IF(ISBLANK(INDEX(Kaleciler!N:N,$Y19)),"",INDEX(Kaleciler!N:N,$Y19)),IF(ISBLANK(INDEX(Stoperler!N:N,$Y19)),"",INDEX(Stoperler!N:N,$Y19)),IF(ISBLANK(INDEX('Sağ Bekler'!N:N,$Y19)),"",INDEX('Sağ Bekler'!N:N,$Y19)),IF(ISBLANK(INDEX('Sol Bekler'!N:N,$Y19)),"",INDEX('Sol Bekler'!N:N,$Y19)),IF(ISBLANK(INDEX('Orta Saha'!N:N,$Y19)),"",INDEX('Orta Saha'!N:N,$Y19)),IF(ISBLANK(INDEX(Kanatlar!N:N,$Y19)),"",INDEX(Kanatlar!N:N,$Y19)),IF(ISBLANK(INDEX(Forvetler!N:N,$Y19)),"",INDEX(Forvetler!N:N,$Y19)))) | O19: =IF($X19="","",CHOOSE($X19,IF(ISBLANK(INDEX(Kaleciler!O:O,$Y19)),"",INDEX(Kaleciler!O:O,$Y19)),IF(ISBLANK(INDEX(Stoperler!O:O,$Y19)),"",INDEX(Stoperler!O:O,$Y19)),IF(ISBLANK(INDEX('Sağ Bekler'!O:O,$Y19)),"",INDEX('Sağ Bekler'!O:O,$Y19)),IF(ISBLANK(INDEX('Sol Bekler'!O:O,$Y19)),"",INDEX('Sol Bekler'!O:O,$Y19)),IF(ISBLANK(INDEX('Orta Saha'!O:O,$Y19)),"",INDEX('Orta Saha'!O:O,$Y19)),IF(ISBLANK(INDEX(Kanatlar!O:O,$Y19)),"",INDEX(Kanatlar!O:O,$Y19)),IF(ISBLANK(INDEX(Forvetler!O:O,$Y19)),"",INDEX(Forvetler!O:O,$Y19)))) | P19: =IF($X19="","",CHOOSE($X19,IF(ISBLANK(INDEX(Kaleciler!P:P,$Y19)),"",INDEX(Kaleciler!P:P,$Y19)),IF(ISBLANK(INDEX(Stoperler!P:P,$Y19)),"",INDEX(Stoperler!P:P,$Y19)),IF(ISBLANK(INDEX('Sağ Bekler'!P:P,$Y19)),"",INDEX('Sağ Bekler'!P:P,$Y19)),IF(ISBLANK(INDEX('Sol Bekler'!P:P,$Y19)),"",INDEX('Sol Bekler'!P:P,$Y19)),IF(ISBLANK(INDEX('Orta Saha'!P:P,$Y19)),"",INDEX('Orta Saha'!P:P,$Y19)),IF(ISBLANK(INDEX(Kanatlar!P:P,$Y19)),"",INDEX(Kanatlar!P:P,$Y19)),IF(ISBLANK(INDEX(Forvetler!P:P,$Y19)),"",INDEX(Forvetler!P:P,$Y19)))) | Q19: =IF($X19="","",CHOOSE($X19,IF(ISBLANK(INDEX(Kaleciler!Q:Q,$Y19)),"",INDEX(Kaleciler!Q:Q,$Y19)),IF(ISBLANK(INDEX(Stoperler!Q:Q,$Y19)),"",INDEX(Stoperler!Q:Q,$Y19)),IF(ISBLANK(INDEX('Sağ Bekler'!Q:Q,$Y19)),"",INDEX('Sağ Bekler'!Q:Q,$Y19)),IF(ISBLANK(INDEX('Sol Bekler'!Q:Q,$Y19)),"",INDEX('Sol Bekler'!Q:Q,$Y19)),IF(ISBLANK(INDEX('Orta Saha'!Q:Q,$Y19)),"",INDEX('Orta Saha'!Q:Q,$Y19)),IF(ISBLANK(INDEX(Kanatlar!Q:Q,$Y19)),"",INDEX(Kanatlar!Q:Q,$Y19)),IF(ISBLANK(INDEX(Forvetler!Q:Q,$Y19)),"",INDEX(Forvetler!Q:Q,$Y19)))) | R19: =IF($X19="","",CHOOSE($X19,IF(ISBLANK(INDEX(Kaleciler!R:R,$Y19)),"",INDEX(Kaleciler!R:R,$Y19)),IF(ISBLANK(INDEX(Stoperler!R:R,$Y19)),"",INDEX(Stoperler!R:R,$Y19)),IF(ISBLANK(INDEX('Sağ Bekler'!R:R,$Y19)),"",INDEX('Sağ Bekler'!R:R,$Y19)),IF(ISBLANK(INDEX('Sol Bekler'!R:R,$Y19)),"",INDEX('Sol Bekler'!R:R,$Y19)),IF(ISBLANK(INDEX('Orta Saha'!R:R,$Y19)),"",INDEX('Orta Saha'!R:R,$Y19)),IF(ISBLANK(INDEX(Kanatlar!R:R,$Y19)),"",INDEX(Kanatlar!R:R,$Y19)),IF(ISBLANK(INDEX(Forvetler!R:R,$Y19)),"",INDEX(Forvetler!R:R,$Y19)))) | S19: =IF($X19="","",CHOOSE($X19,IF(ISBLANK(INDEX(Kaleciler!S:S,$Y19)),"",INDEX(Kaleciler!S:S,$Y19)),IF(ISBLANK(INDEX(Stoperler!S:S,$Y19)),"",INDEX(Stoperler!S:S,$Y19)),IF(ISBLANK(INDEX('Sağ Bekler'!S:S,$Y19)),"",INDEX('Sağ Bekler'!S:S,$Y19)),IF(ISBLANK(INDEX('Sol Bekler'!S:S,$Y19)),"",INDEX('Sol Bekler'!S:S,$Y19)),IF(ISBLANK(INDEX('Orta Saha'!S:S,$Y19)),"",INDEX('Orta Saha'!S:S,$Y19)),IF(ISBLANK(INDEX(Kanatlar!S:S,$Y19)),"",INDEX(Kanatlar!S:S,$Y19)),IF(ISBLANK(INDEX(Forvetler!S:S,$Y19)),"",INDEX(Forvetler!S:S,$Y19)))) | T19: =IF($X19="","",CHOOSE($X19,IF(ISBLANK(INDEX(Kaleciler!T:T,$Y19)),"",INDEX(Kaleciler!T:T,$Y19)),IF(ISBLANK(INDEX(Stoperler!T:T,$Y19)),"",INDEX(Stoperler!T:T,$Y19)),IF(ISBLANK(INDEX('Sağ Bekler'!T:T,$Y19)),"",INDEX('Sağ Bekler'!T:T,$Y19)),IF(ISBLANK(INDEX('Sol Bekler'!T:T,$Y19)),"",INDEX('Sol Bekler'!T:T,$Y19)),IF(ISBLANK(INDEX('Orta Saha'!T:T,$Y19)),"",INDEX('Orta Saha'!T:T,$Y19)),IF(ISBLANK(INDEX(Kanatlar!T:T,$Y19)),"",INDEX(Kanatlar!T:T,$Y19)),IF(ISBLANK(INDEX(Forvetler!T:T,$Y19)),"",INDEX(Forvetler!T:T,$Y19)))) | U19: 1 | V19: 19 | W19: =IF(Kaleciler!$Q$19="A Liste",COUNT($W$3:W18)+1,"") | X19: =IFERROR(INDEX($U$4:$U$703,MATCH(ROWS($X$4:X19),$W$4:$W$703,0)),"") | Y19: =IFERROR(INDEX($V$4:$V$703,MATCH(ROWS($Y$4:Y19),$W$4:$W$703,0)),"")
A20: =IF($X20="","",CHOOSE($X20,IF(ISBLANK(INDEX(Kaleciler!A:A,$Y20)),"",INDEX(Kaleciler!A:A,$Y20)),IF(ISBLANK(INDEX(Stoperler!A:A,$Y20)),"",INDEX(Stoperler!A:A,$Y20)),IF(ISBLANK(INDEX('Sağ Bekler'!A:A,$Y20)),"",INDEX('Sağ Bekler'!A:A,$Y20)),IF(ISBLANK(INDEX('Sol Bekler'!A:A,$Y20)),"",INDEX('Sol Bekler'!A:A,$Y20)),IF(ISBLANK(INDEX('Orta Saha'!A:A,$Y20)),"",INDEX('Orta Saha'!A:A,$Y20)),IF(ISBLANK(INDEX(Kanatlar!A:A,$Y20)),"",INDEX(Kanatlar!A:A,$Y20)),IF(ISBLANK(INDEX(Forvetler!A:A,$Y20)),"",INDEX(Forvetler!A:A,$Y20)))) | B20: =IF($X20="","",CHOOSE($X20,IF(ISBLANK(INDEX(Kaleciler!B:B,$Y20)),"",INDEX(Kaleciler!B:B,$Y20)),IF(ISBLANK(INDEX(Stoperler!B:B,$Y20)),"",INDEX(Stoperler!B:B,$Y20)),IF(ISBLANK(INDEX('Sağ Bekler'!B:B,$Y20)),"",INDEX('Sağ Bekler'!B:B,$Y20)),IF(ISBLANK(INDEX('Sol Bekler'!B:B,$Y20)),"",INDEX('Sol Bekler'!B:B,$Y20)),IF(ISBLANK(INDEX('Orta Saha'!B:B,$Y20)),"",INDEX('Orta Saha'!B:B,$Y20)),IF(ISBLANK(INDEX(Kanatlar!B:B,$Y20)),"",INDEX(Kanatlar!B:B,$Y20)),IF(ISBLANK(INDEX(Forvetler!B:B,$Y20)),"",INDEX(Forvetler!B:B,$Y20)))) | C20: =IF($X20="","",CHOOSE($X20,IF(ISBLANK(INDEX(Kaleciler!C:C,$Y20)),"",INDEX(Kaleciler!C:C,$Y20)),IF(ISBLANK(INDEX(Stoperler!C:C,$Y20)),"",INDEX(Stoperler!C:C,$Y20)),IF(ISBLANK(INDEX('Sağ Bekler'!C:C,$Y20)),"",INDEX('Sağ Bekler'!C:C,$Y20)),IF(ISBLANK(INDEX('Sol Bekler'!C:C,$Y20)),"",INDEX('Sol Bekler'!C:C,$Y20)),IF(ISBLANK(INDEX('Orta Saha'!C:C,$Y20)),"",INDEX('Orta Saha'!C:C,$Y20)),IF(ISBLANK(INDEX(Kanatlar!C:C,$Y20)),"",INDEX(Kanatlar!C:C,$Y20)),IF(ISBLANK(INDEX(Forvetler!C:C,$Y20)),"",INDEX(Forvetler!C:C,$Y20)))) | D20: =IF($X20="","",CHOOSE($X20,IF(ISBLANK(INDEX(Kaleciler!D:D,$Y20)),"",INDEX(Kaleciler!D:D,$Y20)),IF(ISBLANK(INDEX(Stoperler!D:D,$Y20)),"",INDEX(Stoperler!D:D,$Y20)),IF(ISBLANK(INDEX('Sağ Bekler'!D:D,$Y20)),"",INDEX('Sağ Bekler'!D:D,$Y20)),IF(ISBLANK(INDEX('Sol Bekler'!D:D,$Y20)),"",INDEX('Sol Bekler'!D:D,$Y20)),IF(ISBLANK(INDEX('Orta Saha'!D:D,$Y20)),"",INDEX('Orta Saha'!D:D,$Y20)),IF(ISBLANK(INDEX(Kanatlar!D:D,$Y20)),"",INDEX(Kanatlar!D:D,$Y20)),IF(ISBLANK(INDEX(Forvetler!D:D,$Y20)),"",INDEX(Forvetler!D:D,$Y20)))) | E20: =IF($X20="","",CHOOSE($X20,IF(ISBLANK(INDEX(Kaleciler!E:E,$Y20)),"",INDEX(Kaleciler!E:E,$Y20)),IF(ISBLANK(INDEX(Stoperler!E:E,$Y20)),"",INDEX(Stoperler!E:E,$Y20)),IF(ISBLANK(INDEX('Sağ Bekler'!E:E,$Y20)),"",INDEX('Sağ Bekler'!E:E,$Y20)),IF(ISBLANK(INDEX('Sol Bekler'!E:E,$Y20)),"",INDEX('Sol Bekler'!E:E,$Y20)),IF(ISBLANK(INDEX('Orta Saha'!E:E,$Y20)),"",INDEX('Orta Saha'!E:E,$Y20)),IF(ISBLANK(INDEX(Kanatlar!E:E,$Y20)),"",INDEX(Kanatlar!E:E,$Y20)),IF(ISBLANK(INDEX(Forvetler!E:E,$Y20)),"",INDEX(Forvetler!E:E,$Y20)))) | F20: =IF($X20="","",CHOOSE($X20,IF(ISBLANK(INDEX(Kaleciler!F:F,$Y20)),"",INDEX(Kaleciler!F:F,$Y20)),IF(ISBLANK(INDEX(Stoperler!F:F,$Y20)),"",INDEX(Stoperler!F:F,$Y20)),IF(ISBLANK(INDEX('Sağ Bekler'!F:F,$Y20)),"",INDEX('Sağ Bekler'!F:F,$Y20)),IF(ISBLANK(INDEX('Sol Bekler'!F:F,$Y20)),"",INDEX('Sol Bekler'!F:F,$Y20)),IF(ISBLANK(INDEX('Orta Saha'!F:F,$Y20)),"",INDEX('Orta Saha'!F:F,$Y20)),IF(ISBLANK(INDEX(Kanatlar!F:F,$Y20)),"",INDEX(Kanatlar!F:F,$Y20)),IF(ISBLANK(INDEX(Forvetler!F:F,$Y20)),"",INDEX(Forvetler!F:F,$Y20)))) | G20: =IF($X20="","",CHOOSE($X20,IF(ISBLANK(INDEX(Kaleciler!G:G,$Y20)),"",INDEX(Kaleciler!G:G,$Y20)),IF(ISBLANK(INDEX(Stoperler!G:G,$Y20)),"",INDEX(Stoperler!G:G,$Y20)),IF(ISBLANK(INDEX('Sağ Bekler'!G:G,$Y20)),"",INDEX('Sağ Bekler'!G:G,$Y20)),IF(ISBLANK(INDEX('Sol Bekler'!G:G,$Y20)),"",INDEX('Sol Bekler'!G:G,$Y20)),IF(ISBLANK(INDEX('Orta Saha'!G:G,$Y20)),"",INDEX('Orta Saha'!G:G,$Y20)),IF(ISBLANK(INDEX(Kanatlar!G:G,$Y20)),"",INDEX(Kanatlar!G:G,$Y20)),IF(ISBLANK(INDEX(Forvetler!G:G,$Y20)),"",INDEX(Forvetler!G:G,$Y20)))) | H20: =IF($X20="","",CHOOSE($X20,IF(ISBLANK(INDEX(Kaleciler!H:H,$Y20)),"",INDEX(Kaleciler!H:H,$Y20)),IF(ISBLANK(INDEX(Stoperler!H:H,$Y20)),"",INDEX(Stoperler!H:H,$Y20)),IF(ISBLANK(INDEX('Sağ Bekler'!H:H,$Y20)),"",INDEX('Sağ Bekler'!H:H,$Y20)),IF(ISBLANK(INDEX('Sol Bekler'!H:H,$Y20)),"",INDEX('Sol Bekler'!H:H,$Y20)),IF(ISBLANK(INDEX('Orta Saha'!H:H,$Y20)),"",INDEX('Orta Saha'!H:H,$Y20)),IF(ISBLANK(INDEX(Kanatlar!H:H,$Y20)),"",INDEX(Kanatlar!H:H,$Y20)),IF(ISBLANK(INDEX(Forvetler!H:H,$Y20)),"",INDEX(Forvetler!H:H,$Y20)))) | I20: =IF($X20="","",CHOOSE($X20,IF(ISBLANK(INDEX(Kaleciler!I:I,$Y20)),"",INDEX(Kaleciler!I:I,$Y20)),IF(ISBLANK(INDEX(Stoperler!I:I,$Y20)),"",INDEX(Stoperler!I:I,$Y20)),IF(ISBLANK(INDEX('Sağ Bekler'!I:I,$Y20)),"",INDEX('Sağ Bekler'!I:I,$Y20)),IF(ISBLANK(INDEX('Sol Bekler'!I:I,$Y20)),"",INDEX('Sol Bekler'!I:I,$Y20)),IF(ISBLANK(INDEX('Orta Saha'!I:I,$Y20)),"",INDEX('Orta Saha'!I:I,$Y20)),IF(ISBLANK(INDEX(Kanatlar!I:I,$Y20)),"",INDEX(Kanatlar!I:I,$Y20)),IF(ISBLANK(INDEX(Forvetler!I:I,$Y20)),"",INDEX(Forvetler!I:I,$Y20)))) | J20: =IF($X20="","",CHOOSE($X20,IF(ISBLANK(INDEX(Kaleciler!J:J,$Y20)),"",INDEX(Kaleciler!J:J,$Y20)),IF(ISBLANK(INDEX(Stoperler!J:J,$Y20)),"",INDEX(Stoperler!J:J,$Y20)),IF(ISBLANK(INDEX('Sağ Bekler'!J:J,$Y20)),"",INDEX('Sağ Bekler'!J:J,$Y20)),IF(ISBLANK(INDEX('Sol Bekler'!J:J,$Y20)),"",INDEX('Sol Bekler'!J:J,$Y20)),IF(ISBLANK(INDEX('Orta Saha'!J:J,$Y20)),"",INDEX('Orta Saha'!J:J,$Y20)),IF(ISBLANK(INDEX(Kanatlar!J:J,$Y20)),"",INDEX(Kanatlar!J:J,$Y20)),IF(ISBLANK(INDEX(Forvetler!J:J,$Y20)),"",INDEX(Forvetler!J:J,$Y20)))) | K20: =IF($X20="","",CHOOSE($X20,IF(ISBLANK(INDEX(Kaleciler!K:K,$Y20)),"",INDEX(Kaleciler!K:K,$Y20)),IF(ISBLANK(INDEX(Stoperler!K:K,$Y20)),"",INDEX(Stoperler!K:K,$Y20)),IF(ISBLANK(INDEX('Sağ Bekler'!K:K,$Y20)),"",INDEX('Sağ Bekler'!K:K,$Y20)),IF(ISBLANK(INDEX('Sol Bekler'!K:K,$Y20)),"",INDEX('Sol Bekler'!K:K,$Y20)),IF(ISBLANK(INDEX('Orta Saha'!K:K,$Y20)),"",INDEX('Orta Saha'!K:K,$Y20)),IF(ISBLANK(INDEX(Kanatlar!K:K,$Y20)),"",INDEX(Kanatlar!K:K,$Y20)),IF(ISBLANK(INDEX(Forvetler!K:K,$Y20)),"",INDEX(Forvetler!K:K,$Y20)))) | L20: =IF($X20="","",CHOOSE($X20,IF(ISBLANK(INDEX(Kaleciler!L:L,$Y20)),"",INDEX(Kaleciler!L:L,$Y20)),IF(ISBLANK(INDEX(Stoperler!L:L,$Y20)),"",INDEX(Stoperler!L:L,$Y20)),IF(ISBLANK(INDEX('Sağ Bekler'!L:L,$Y20)),"",INDEX('Sağ Bekler'!L:L,$Y20)),IF(ISBLANK(INDEX('Sol Bekler'!L:L,$Y20)),"",INDEX('Sol Bekler'!L:L,$Y20)),IF(ISBLANK(INDEX('Orta Saha'!L:L,$Y20)),"",INDEX('Orta Saha'!L:L,$Y20)),IF(ISBLANK(INDEX(Kanatlar!L:L,$Y20)),"",INDEX(Kanatlar!L:L,$Y20)),IF(ISBLANK(INDEX(Forvetler!L:L,$Y20)),"",INDEX(Forvetler!L:L,$Y20)))) | M20: =IF($X20="","",CHOOSE($X20,IF(ISBLANK(INDEX(Kaleciler!M:M,$Y20)),"",INDEX(Kaleciler!M:M,$Y20)),IF(ISBLANK(INDEX(Stoperler!M:M,$Y20)),"",INDEX(Stoperler!M:M,$Y20)),IF(ISBLANK(INDEX('Sağ Bekler'!M:M,$Y20)),"",INDEX('Sağ Bekler'!M:M,$Y20)),IF(ISBLANK(INDEX('Sol Bekler'!M:M,$Y20)),"",INDEX('Sol Bekler'!M:M,$Y20)),IF(ISBLANK(INDEX('Orta Saha'!M:M,$Y20)),"",INDEX('Orta Saha'!M:M,$Y20)),IF(ISBLANK(INDEX(Kanatlar!M:M,$Y20)),"",INDEX(Kanatlar!M:M,$Y20)),IF(ISBLANK(INDEX(Forvetler!M:M,$Y20)),"",INDEX(Forvetler!M:M,$Y20)))) | N20: =IF($X20="","",CHOOSE($X20,IF(ISBLANK(INDEX(Kaleciler!N:N,$Y20)),"",INDEX(Kaleciler!N:N,$Y20)),IF(ISBLANK(INDEX(Stoperler!N:N,$Y20)),"",INDEX(Stoperler!N:N,$Y20)),IF(ISBLANK(INDEX('Sağ Bekler'!N:N,$Y20)),"",INDEX('Sağ Bekler'!N:N,$Y20)),IF(ISBLANK(INDEX('Sol Bekler'!N:N,$Y20)),"",INDEX('Sol Bekler'!N:N,$Y20)),IF(ISBLANK(INDEX('Orta Saha'!N:N,$Y20)),"",INDEX('Orta Saha'!N:N,$Y20)),IF(ISBLANK(INDEX(Kanatlar!N:N,$Y20)),"",INDEX(Kanatlar!N:N,$Y20)),IF(ISBLANK(INDEX(Forvetler!N:N,$Y20)),"",INDEX(Forvetler!N:N,$Y20)))) | O20: =IF($X20="","",CHOOSE($X20,IF(ISBLANK(INDEX(Kaleciler!O:O,$Y20)),"",INDEX(Kaleciler!O:O,$Y20)),IF(ISBLANK(INDEX(Stoperler!O:O,$Y20)),"",INDEX(Stoperler!O:O,$Y20)),IF(ISBLANK(INDEX('Sağ Bekler'!O:O,$Y20)),"",INDEX('Sağ Bekler'!O:O,$Y20)),IF(ISBLANK(INDEX('Sol Bekler'!O:O,$Y20)),"",INDEX('Sol Bekler'!O:O,$Y20)),IF(ISBLANK(INDEX('Orta Saha'!O:O,$Y20)),"",INDEX('Orta Saha'!O:O,$Y20)),IF(ISBLANK(INDEX(Kanatlar!O:O,$Y20)),"",INDEX(Kanatlar!O:O,$Y20)),IF(ISBLANK(INDEX(Forvetler!O:O,$Y20)),"",INDEX(Forvetler!O:O,$Y20)))) | P20: =IF($X20="","",CHOOSE($X20,IF(ISBLANK(INDEX(Kaleciler!P:P,$Y20)),"",INDEX(Kaleciler!P:P,$Y20)),IF(ISBLANK(INDEX(Stoperler!P:P,$Y20)),"",INDEX(Stoperler!P:P,$Y20)),IF(ISBLANK(INDEX('Sağ Bekler'!P:P,$Y20)),"",INDEX('Sağ Bekler'!P:P,$Y20)),IF(ISBLANK(INDEX('Sol Bekler'!P:P,$Y20)),"",INDEX('Sol Bekler'!P:P,$Y20)),IF(ISBLANK(INDEX('Orta Saha'!P:P,$Y20)),"",INDEX('Orta Saha'!P:P,$Y20)),IF(ISBLANK(INDEX(Kanatlar!P:P,$Y20)),"",INDEX(Kanatlar!P:P,$Y20)),IF(ISBLANK(INDEX(Forvetler!P:P,$Y20)),"",INDEX(Forvetler!P:P,$Y20)))) | Q20: =IF($X20="","",CHOOSE($X20,IF(ISBLANK(INDEX(Kaleciler!Q:Q,$Y20)),"",INDEX(Kaleciler!Q:Q,$Y20)),IF(ISBLANK(INDEX(Stoperler!Q:Q,$Y20)),"",INDEX(Stoperler!Q:Q,$Y20)),IF(ISBLANK(INDEX('Sağ Bekler'!Q:Q,$Y20)),"",INDEX('Sağ Bekler'!Q:Q,$Y20)),IF(ISBLANK(INDEX('Sol Bekler'!Q:Q,$Y20)),"",INDEX('Sol Bekler'!Q:Q,$Y20)),IF(ISBLANK(INDEX('Orta Saha'!Q:Q,$Y20)),"",INDEX('Orta Saha'!Q:Q,$Y20)),IF(ISBLANK(INDEX(Kanatlar!Q:Q,$Y20)),"",INDEX(Kanatlar!Q:Q,$Y20)),IF(ISBLANK(INDEX(Forvetler!Q:Q,$Y20)),"",INDEX(Forvetler!Q:Q,$Y20)))) | R20: =IF($X20="","",CHOOSE($X20,IF(ISBLANK(INDEX(Kaleciler!R:R,$Y20)),"",INDEX(Kaleciler!R:R,$Y20)),IF(ISBLANK(INDEX(Stoperler!R:R,$Y20)),"",INDEX(Stoperler!R:R,$Y20)),IF(ISBLANK(INDEX('Sağ Bekler'!R:R,$Y20)),"",INDEX('Sağ Bekler'!R:R,$Y20)),IF(ISBLANK(INDEX('Sol Bekler'!R:R,$Y20)),"",INDEX('Sol Bekler'!R:R,$Y20)),IF(ISBLANK(INDEX('Orta Saha'!R:R,$Y20)),"",INDEX('Orta Saha'!R:R,$Y20)),IF(ISBLANK(INDEX(Kanatlar!R:R,$Y20)),"",INDEX(Kanatlar!R:R,$Y20)),IF(ISBLANK(INDEX(Forvetler!R:R,$Y20)),"",INDEX(Forvetler!R:R,$Y20)))) | S20: =IF($X20="","",CHOOSE($X20,IF(ISBLANK(INDEX(Kaleciler!S:S,$Y20)),"",INDEX(Kaleciler!S:S,$Y20)),IF(ISBLANK(INDEX(Stoperler!S:S,$Y20)),"",INDEX(Stoperler!S:S,$Y20)),IF(ISBLANK(INDEX('Sağ Bekler'!S:S,$Y20)),"",INDEX('Sağ Bekler'!S:S,$Y20)),IF(ISBLANK(INDEX('Sol Bekler'!S:S,$Y20)),"",INDEX('Sol Bekler'!S:S,$Y20)),IF(ISBLANK(INDEX('Orta Saha'!S:S,$Y20)),"",INDEX('Orta Saha'!S:S,$Y20)),IF(ISBLANK(INDEX(Kanatlar!S:S,$Y20)),"",INDEX(Kanatlar!S:S,$Y20)),IF(ISBLANK(INDEX(Forvetler!S:S,$Y20)),"",INDEX(Forvetler!S:S,$Y20)))) | T20: =IF($X20="","",CHOOSE($X20,IF(ISBLANK(INDEX(Kaleciler!T:T,$Y20)),"",INDEX(Kaleciler!T:T,$Y20)),IF(ISBLANK(INDEX(Stoperler!T:T,$Y20)),"",INDEX(Stoperler!T:T,$Y20)),IF(ISBLANK(INDEX('Sağ Bekler'!T:T,$Y20)),"",INDEX('Sağ Bekler'!T:T,$Y20)),IF(ISBLANK(INDEX('Sol Bekler'!T:T,$Y20)),"",INDEX('Sol Bekler'!T:T,$Y20)),IF(ISBLANK(INDEX('Orta Saha'!T:T,$Y20)),"",INDEX('Orta Saha'!T:T,$Y20)),IF(ISBLANK(INDEX(Kanatlar!T:T,$Y20)),"",INDEX(Kanatlar!T:T,$Y20)),IF(ISBLANK(INDEX(Forvetler!T:T,$Y20)),"",INDEX(Forvetler!T:T,$Y20)))) | U20: 1 | V20: 20 | W20: =IF(Kaleciler!$Q$20="A Liste",COUNT($W$3:W19)+1,"") | X20: =IFERROR(INDEX($U$4:$U$703,MATCH(ROWS($X$4:X20),$W$4:$W$703,0)),"") | Y20: =IFERROR(INDEX($V$4:$V$703,MATCH(ROWS($Y$4:Y20),$W$4:$W$703,0)),"")
